district,chunk,feature_time,time,rain_mean_10d,rain_total_10d,t2m,u10,v10,sp,tcwv,wind_speed,tcwv_3h,tcwv_6h,sp_drop_3h,t2m_grad,rain_mm,rain_3h
131,central,2026-09-18T05:00:00,2026-09-18 05:00:00,0.0,0.0,299.8143615722656,1.0355193614959717,0.7672149538993835,91471.4375,30.52586936950684,1.2887665162937227,30.401411056518555,30.959137280782063,146.0234375,2.52252197265625,0.0,0.0
131,central,2026-09-18T06:00:00,2026-09-18 06:00:00,0.0,0.0,300.94537353515625,1.328161597251892,1.1236083507537842,91452.609375,31.060222625732425,1.7396864528696934,30.597977320353195,30.804460207621258,63.3125,1.131011962890625,0.0,0.0
131,central,2026-09-18T07:00:00,2026-09-18 07:00:00,0.0,0.0,301.13043212890625,1.724707007408142,1.2390563488006592,91452.265625,31.438983917236328,2.1236466035821424,31.008358637491867,30.795096397399902,57.40625,0.18505859375,0.0,0.0
131,central,2026-09-18T08:00:00,2026-09-18 08:00:00,0.0,0.0,301.75372314453125,1.88289487361908,1.3473418951034546,91338.796875,30.819225311279297,2.315301986221664,31.106143951416016,30.753777503967285,-132.640625,0.623291015625,0.0,0.0
131,central,2026-09-18T09:00:00,2026-09-18 09:00:00,0.0,0.0,301.61248779296875,1.767605543136597,1.116299390792847,91329.234375,31.017650604248047,2.090586923811518,31.09195327758789,30.84496529897054,-123.375,-0.1412353515625,0.0,0.0
131,central,2026-09-18T10:00:00,2026-09-18 10:00:00,0.0,0.0,299.58026123046875,0.9144867062568665,0.6514037847518921,91356.1484375,31.27543067932129,1.1227701575610307,31.03743553161621,31.022897084554035,-96.1171875,-2.0322265625,0.0,0.0
131,central,2026-09-18T11:00:00,2026-09-18 11:00:00,0.0,0.0,299.39013671875,0.7857635617256165,-0.2871978878974914,91287.7265625,30.20452880859375,0.836604447602633,30.83253669738769,30.96934032440185,-51.0703125,-0.19012451171875,0.0,0.0
131,central,2026-09-18T12:00:00,2026-09-18 12:00:00,0.0,0.0,299.59674072265625,0.6416839361190796,-0.4468414187431335,91280.328125,28.96539878845215,0.7819370354303801,30.148452758789062,30.62020301818848,-48.90625,0.20660400390625,0.0,0.0
131,central,2026-09-18T13:00:00,2026-09-18 13:00:00,0.0,0.0,299.2981872558594,0.5069732666015625,-0.5390838384628296,91317.0859375,28.31926918029785,0.7400224847533196,29.16306559244792,30.100250562032063,-39.0625,-0.298553466796875,0.0,0.0
131,central,2026-09-18T14:00:00,2026-09-18 14:00:00,0.0,0.0,297.66748046875,-0.0580322258174419,-0.6934844851493835,91405.0234375,28.12200927734375,0.6959083778603561,28.468892415364586,29.65071455637614,117.296875,-1.630706787109375,0.0,0.0
131,central,2026-09-18T15:00:00,2026-09-18 15:00:00,0.0,0.0,295.61260986328125,-0.4391509890556335,-0.7144134640693665,91424.1015625,27.454158782958984,0.8385941740986119,27.965145746866863,29.05679925282796,143.7734375,-2.05487060546875,0.0,0.0
131,central,2026-09-18T16:00:00,2026-09-18 16:00:00,0.0,0.0,295.44195556640625,-0.6278473138809204,-0.806628406047821,91441.828125,26.62168312072754,1.0221749532202085,27.39928372701009,28.281174659729004,124.7421875,-0.170654296875,0.0,0.0
131,central,2026-09-18T17:00:00,2026-09-18 17:00:00,0.0,0.0,295.17755126953125,-0.5529876947402954,-0.7285248041152954,91477.984375,26.446802139282227,0.9146276732886534,26.84088134765625,27.65488688151041,72.9609375,-0.264404296875,0.0,0.0
131,central,2026-09-18T18:00:00,2026-09-18 18:00:00,0.0,0.0,295.18048095703125,-0.5169342160224915,-0.659320056438446,91468.3984375,26.68247032165528,0.8378090000213554,26.58365186055502,27.27439880371094,44.296875,0.0029296875,0.0,0.0
131,central,2026-09-18T19:00:00,2026-09-18 19:00:00,0.0,0.0,294.9365234375,-0.5098327398300171,-0.732159435749054,91475.0,26.77532958984375,0.8921809580791079,26.63486735026042,27.017075538635257,33.171875,-0.24395751953125,0.0,0.0
131,central,2026-09-18T20:00:00,2026-09-18 20:00:00,0.0,0.0,294.1756896972656,-0.4843780398368835,-0.712634265422821,91470.296875,26.917919158935547,0.8616668043570817,26.791906356811527,26.81639385223389,-7.6875,-0.760833740234375,0.0,0.0
131,central,2026-09-18T21:00:00,2026-09-18 21:00:00,0.0,0.0,294.0057983398437,-0.4935027956962585,-0.7059234380722046,91469.7109375,27.07933616638184,0.8613204454671355,26.92419497172038,26.7539234161377,1.3125,-0.1698913574219318,0.0,0.0
131,central,2026-09-18T22:00:00,2026-09-18 22:00:00,0.0,0.0,293.79400634765625,-0.4881652891635895,-0.6726043820381165,91476.125,28.84193992614746,0.8310848357905752,27.613065083821613,27.12396621704102,1.125,-0.2117919921874431,0.0,0.0
131,central,2026-09-18T23:00:00,2026-09-18 23:00:00,0.0,0.0,293.7364807128906,-0.6001647710800171,-0.7189422845840454,91533.765625,28.28495407104492,0.9365232303624164,28.06874338785808,27.430324872334804,63.46875,-0.057525634765625,0.0,0.0
131,central,2026-09-19T00:00:00,2026-09-19 00:00:00,0.0,0.0,294.52886962890625,-0.701861560344696,-0.7995575070381165,91550.3359375,27.890323638916016,1.0639087634522515,28.339072545369465,27.63163375854492,80.625,0.792388916015625,0.0,0.0
131,central,2026-09-19T01:00:00,2026-09-19 01:00:00,0.0,0.0,294.59832763671875,-0.8193114995956421,-0.914996325969696,91622.0234375,27.92441940307617,1.2282058499729196,28.03323237101237,27.823148727416992,145.8984375,0.0694580078125,0.0,0.0
131,central,2026-09-19T02:00:00,2026-09-19 02:00:00,0.0,0.0,296.66143798828125,-1.0665314197540283,-0.688812255859375,91688.6953125,28.14072799682617,1.2696265565687512,27.98515701293945,28.02695020039876,154.9296875,2.0631103515625,0.0,0.0
131,central,2026-09-19T03:00:00,2026-09-19 03:00:00,0.0,0.0,297.62286376953125,-1.0487639904022217,0.4824981689453125,91775.921875,28.501697540283203,1.1544307647494374,28.188948313395176,28.26401042938232,225.5859375,0.96142578125,0.0,0.0
131,central,2026-09-19T04:00:00,2026-09-19 04:00:00,0.0,0.0,298.13311767578125,-0.7846618890762329,1.0045197010040283,91778.359375,28.64352798461914,1.274658428707042,28.428651173909504,28.23094177246093,156.3359375,0.51025390625,0.0,0.0
131,central,2026-09-19T05:00:00,2026-09-19 05:00:00,0.0,0.0,299.90838623046875,-0.2332489043474197,1.237786889076233,91786.7734375,29.038253784179688,1.2595719249603377,28.72782643636068,28.35649172465006,98.078125,1.7752685546875,0.0,0.0
131,central,2026-09-19T06:00:00,2026-09-19 06:00:00,0.0,0.0,301.19537353515625,0.2527130246162414,1.356970191001892,91747.140625,29.47954368591309,1.3803014062437235,29.05377515157064,28.62136173248291,-28.78125,1.2869873046875,0.0,0.0
131,central,2026-09-19T07:00:00,2026-09-19 07:00:00,0.0,0.0,301.0411682128906,0.8584869503974915,1.480679273605347,91697.484375,30.151111602783203,1.7115522064159312,29.556303024291992,28.99247709910075,-80.875,-0.154205322265625,0.0,0.0
131,central,2026-09-19T08:00:00,2026-09-19 08:00:00,0.0,0.0,300.921142578125,1.1335662603378296,1.4326355457305908,91599.421875,30.3286075592041,1.8268598943178649,29.98642094930013,29.3571236928304,-187.3515625,-0.120025634765625,0.0,0.0
131,central,2026-09-19T09:00:00,2026-09-19 09:00:00,0.0,0.0,299.65850830078125,0.9859619140625,0.9261993169784546,91572.4921875,31.622482299804688,1.3527623851782486,30.70073382059733,29.877254486083984,-174.6484375,-1.26263427734375,0.0,0.0
131,central,2026-09-19T10:00:00,2026-09-19 10:00:00,0.0,0.0,300.8146057128906,1.354525804519653,0.309744268655777,91467.1484375,27.38546371459961,1.3894897146343743,29.7788511912028,29.667577107747395,-230.3359375,1.156097412109375,0.0,0.0
131,central,2026-09-19T11:00:00,2026-09-19 11:00:00,0.0,0.0,300.3202514648437,0.964813232421875,1.2215759754180908,91481.125,28.47845458984375,1.5566349723602535,29.162133534749348,29.57427724202474,-118.296875,-0.4943542480469318,0.0,0.0
131,central,2026-09-19T12:00:00,2026-09-19 12:00:00,0.0,0.0,299.8941955566406,0.4770233035087585,0.873309314250946,91541.1015625,29.93479347229004,0.995098181310702,28.599570592244465,29.6501522064209,-31.390625,-0.4260559082030681,0.0,0.0
131,central,2026-09-19T13:00:00,2026-09-19 13:00:00,0.0,0.0,299.35009765625,0.0850280746817588,-0.1063903793692588,91564.125,29.72613525390625,0.1361935619125278,29.37979443868001,29.579322814941406,96.9765625,-0.544097900390625,0.0,0.0
131,central,2026-09-19T14:00:00,2026-09-19 14:00:00,0.0,0.0,297.7884826660156,-0.1965820342302322,-0.030804444104433,91644.9453125,29.83675003051757,0.1989809286305582,29.83255958557129,29.49734656016032,163.8203125,-1.561614990234375,0.0,0.0
131,central,2026-09-19T15:00:00,2026-09-19 15:00:00,0.0,0.0,296.32489013671875,-0.471731573343277,-0.1865081787109375,91704.765625,29.57621383666992,0.5072632235979605,29.71303304036458,29.156301816304524,163.6640625,-1.463592529296875,0.0,0.0
131,central,2026-09-19T16:00:00,2026-09-19 16:00:00,0.0,0.0,296.35906982421875,-0.609051525592804,-0.328155517578125,91760.0703125,29.4591007232666,0.6918307629354805,29.624021530151364,29.50190798441569,195.9453125,0.0341796875,0.0,0.0
131,central,2026-09-19T17:00:00,2026-09-19 17:00:00,0.0,0.0,295.31036376953125,-0.5599883794784546,-0.4398132264614105,91792.609375,29.5299129486084,0.7120552361448524,29.52174250284831,29.6771510442098,147.6640625,-1.0487060546875,0.0,0.0
131,central,2026-09-19T18:00:00,2026-09-19 18:00:00,0.0,0.0,295.0099182128906,-0.4575927853584289,-0.5014801025390625,91803.109375,29.79208946228028,0.6788766091527044,29.593701044718426,29.653367042541504,98.34375,-0.300445556640625,0.0,0.0
131,central,2026-09-19T19:00:00,2026-09-19 19:00:00,0.0,0.0,294.7733459472656,-0.4730896055698395,-0.6872223019599915,91804.0625,30.00057983398437,0.8343190440169851,29.774194081624348,29.69910780588786,43.9921875,-0.236572265625,0.0,0.0
131,central,2026-09-19T20:00:00,2026-09-19 20:00:00,0.0,0.0,294.0962829589844,-0.482351690530777,-0.8176056146621704,91775.4453125,30.159740447998047,0.9492850438540597,29.9841365814209,29.7529395421346,-17.1640625,-0.67706298828125,0.0,0.0
131,central,2026-09-19T21:00:00,2026-09-19 21:00:00,0.0,0.0,293.9242248535156,-0.5165923833847046,-0.8871002197265625,91783.21875,30.33696556091309,1.0265546699567467,30.16576194763184,29.87973149617513,-19.890625,-0.17205810546875,0.0,0.0
131,central,2026-09-19T22:00:00,2026-09-19 22:00:00,0.0,0.0,293.5182189941406,-0.439279168844223,-0.714428722858429,91743.046875,31.6627254486084,0.8386743040212913,30.719810485839844,30.247002283732098,-61.015625,-0.406005859375,0.0,0.0
131,central,2026-09-19T23:00:00,2026-09-19 23:00:00,0.0,0.0,293.72869873046875,-0.5589264035224915,-0.9090484380722046,91801.046875,31.505590438842773,1.0671306327325167,31.16842714945476,30.576281865437824,25.6015625,0.210479736328125,0.0,0.0
131,central,2026-09-20T00:00:00,2026-09-20 00:00:00,0.0,0.0,294.8815002441406,-0.6427704095840454,-1.0786254405975342,91772.6015625,31.02782821655273,1.255622013402547,31.39871470133464,30.782238324483234,-10.6171875,1.152801513671875,0.0,0.0
131,central,2026-09-20T01:00:00,2026-09-20 01:00:00,0.0,0.0,294.70379638671875,-0.7273315191268921,-1.2393372058868408,91816.2421875,30.7684268951416,1.4369995993774092,31.10061518351237,30.910212834676106,73.1953125,-0.177703857421875,0.0,0.0
131,central,2026-09-20T02:00:00,2026-09-20 02:00:00,0.0,0.0,296.7454528808594,-0.7358032464981079,-1.360568284988403,91854.265625,30.707813262939453,1.5467877927089544,30.834689458211265,31.001558303833008,53.21875,2.041656494140625,0.0,0.0
131,central,2026-09-20T03:00:00,2026-09-20 03:00:00,0.0,0.0,297.8607482910156,-0.2685302793979645,-0.6464935541152954,91918.234375,31.1341609954834,0.70004458891286,30.870133717854817,31.134424209594727,145.6328125,1.11529541015625,0.0,0.0
131,central,2026-09-20T04:00:00,2026-09-20 04:00:00,0.0,0.0,298.4879455566406,0.206826776266098,0.194558709859848,91930.4375,32.048789978027344,0.2839549382612584,31.296921412150063,31.19876829783122,114.1953125,0.627197265625,0.0,0.0
131,central,2026-09-20T05:00:00,2026-09-20 05:00:00,0.0,0.0,301.1371154785156,0.653411865234375,0.8986724615097046,91947.765625,33.29606628417969,1.1111072219659883,32.15967241923014,31.497180938720703,93.5,2.649169921875,0.0,0.0
131,central,2026-09-20T06:00:00,2026-09-20 06:00:00,0.0,0.0,302.6106872558594,0.844006359577179,1.2645660638809204,91942.8515625,34.839359283447266,1.520353269778444,33.3947385152181,32.13243611653646,24.6171875,1.47357177734375,0.0,0.0
131,central,2026-09-20T07:00:00,2026-09-20 07:00:00,0.0,0.0,303.0092163085937,1.00872802734375,1.396246314048767,91925.140625,36.53578567504883,1.7225086364496351,34.890403747558594,33.09366257985433,-5.296875,0.3985290527343181,0.0,0.0
131,central,2026-09-20T08:00:00,2026-09-20 08:00:00,0.0,0.0,303.7272033691406,1.1107635498046875,1.3319915533065796,91835.890625,38.05672073364258,1.7343578528247234,36.47728856404623,34.318480491638184,-111.875,0.7179870605469318,0.0,0.0
131,central,2026-09-20T09:00:00,2026-09-20 09:00:00,0.0,0.0,302.33795166015625,0.4493560791015625,0.592639148235321,91817.921875,39.119667053222656,0.7437351987412029,37.90405782063802,35.64939816792806,-124.9296875,-1.389251708984375,0.0,0.0
131,central,2026-09-20T10:00:00,2026-09-20 10:00:00,0.0,0.0,300.7998962402344,-0.2488159239292144,0.1259033232927322,91744.765625,39.19318771362305,0.2788566133641137,38.78985850016276,36.84013112386068,-180.375,-1.538055419921875,0.0,0.0
131,central,2026-09-20T11:00:00,2026-09-20 11:00:00,0.0,0.0,300.5577697753906,-0.1886566132307052,-0.3285583555698395,91708.265625,37.75850296020508,0.378869252817429,38.6904525756836,37.58387056986491,-127.625,-0.24212646484375,0.0,0.0
131,central,2026-09-20T12:00:00,2026-09-20 12:00:00,0.0,0.0,300.4911193847656,0.1192779541015625,-0.577502429485321,91655.53125,36.27145385742188,0.5896916875758913,37.741048177083336,37.82255299886068,-162.390625,-0.066650390625,0.0,0.0
131,central,2026-09-20T13:00:00,2026-09-20 13:00:00,0.0,0.0,300.1996459960937,-0.351876825094223,-1.035742163658142,91654.265625,35.639671325683594,1.0938825940738064,36.55654271443685,37.673200607299805,-90.5,-0.2914733886719318,0.0,0.0
131,central,2026-09-20T14:00:00,2026-09-20 14:00:00,0.0,0.0,298.4603576660156,-0.355520635843277,-0.825714111328125,91754.890625,36.06255340576172,0.8989987297859787,35.99122619628906,37.34083938598633,46.625,-1.7392883300780682,0.0,0.0
131,central,2026-09-20T15:00:00,2026-09-20 15:00:00,0.0,0.0,297.03082275390625,-0.5511139035224915,-1.0192779302597046,91782.7734375,35.680328369140625,1.158729491197279,35.79418436686198,36.767616271972656,127.2421875,-1.429534912109375,0.0,0.0
131,central,2026-09-20T16:00:00,2026-09-20 16:00:00,0.0,0.0,297.27978515625,-0.6295410394668579,-1.0084625482559204,91819.796875,35.5943489074707,1.188830783420347,35.77907689412435,36.1678098042806,165.53125,0.24896240234375,0.0,0.0
131,central,2026-09-20T17:00:00,2026-09-20 17:00:00,0.0,0.0,296.0690002441406,-0.677935779094696,-1.0428955554962158,91853.2734375,35.85597610473633,1.2438762238464458,35.710217793782554,35.850721995035805,98.3828125,-1.210784912109375,0.0,0.0
131,central,2026-09-20T18:00:00,2026-09-20 18:00:00,0.0,0.0,295.8431091308594,-0.7019561529159546,-1.148413062095642,91840.1328125,35.870994567871094,1.3459550519272387,35.773773193359375,35.78397878011068,57.359375,-0.22589111328125,0.0,0.0
131,central,2026-09-20T19:00:00,2026-09-20 19:00:00,0.0,0.0,295.8075256347656,-0.6767059564590454,-1.173773169517517,91823.5234375,35.7708740234375,1.3548706229697172,35.83261489868164,35.80584589640299,3.7265625,-0.03558349609375,0.0,0.0
131,central,2026-09-20T20:00:00,2026-09-20 20:00:00,0.0,0.0,295.01617431640625,-0.6772003173828125,-1.164849877357483,91764.0546875,35.649375915527344,1.3473958240409998,35.76374816894531,35.73698298136393,-89.21875,-0.791351318359375,0.0,0.0
131,central,2026-09-20T21:00:00,2026-09-20 21:00:00,0.0,0.0,295.0977478027344,-0.6486846804618835,-1.135168433189392,91755.4609375,35.55841827392578,1.3074399360489166,35.65955607096354,35.71666463216146,-84.671875,0.081573486328125,0.0,0.0
131,central,2026-09-20T22:00:00,2026-09-20 22:00:00,0.0,0.0,294.4231872558594,-0.5721099972724915,-0.9636260867118835,91729.78125,35.36172866821289,1.1206627878049618,35.52317428588867,35.67789459228516,-93.7421875,-0.674560546875,0.0,0.0
131,central,2026-09-20T23:00:00,2026-09-20 23:00:00,0.0,0.0,294.4150390625,-0.5389404296875,-0.9629669189453124,91764.328125,35.3524284362793,1.1035225750906843,35.42419179280599,35.59396998087565,0.2734375,-0.008148193359375,0.0,0.0
131,central,2026-09-21T00:00:00,2026-09-21 00:00:00,0.0,0.0,296.00860595703125,-0.610729992389679,-1.1245819330215454,91709.71875,34.55554962158203,1.2797170185954287,35.08990224202474,35.37472915649414,-45.7421875,1.59356689453125,0.0,0.0
131,central,2026-09-21T01:00:00,2026-09-21 01:00:00,0.0,0.0,295.8462829589844,-0.6555846929550171,-1.1818329095840454,91696.921875,33.75482940673828,1.351488185598681,34.55426915486654,35.0387217203776,-32.859375,-0.162322998046875,0.0,0.0
131,central,2026-09-21T02:00:00,2026-09-21 02:00:00,0.0,0.0,297.51690673828125,-0.6264587640762329,-1.077847242355347,91712.4609375,33.107139587402344,1.2466776892769629,33.80583953857422,34.6150156656901,-51.8671875,1.670623779296875,0.0,0.0
131,central,2026-09-21T03:00:00,2026-09-21 03:00:00,0.0,0.0,299.43341064453125,-0.0703491196036338,-0.204376220703125,91731.25,33.01502227783203,0.2161449472411946,33.29233042399088,34.19111633300781,21.53125,1.91650390625,0.0,0.0
131,central,2026-09-21T04:00:00,2026-09-21 04:00:00,0.0,0.0,299.7616271972656,0.4756927490234375,0.8016113042831421,91745.9375,33.5128288269043,0.9321288937845428,33.211663564046226,33.88296635945638,49.015625,0.328216552734375,0.0,0.0
131,central,2026-09-21T05:00:00,2026-09-21 05:00:00,0.0,0.0,301.5594787597656,0.7509704828262329,1.1411011219024658,91762.2421875,34.33917999267578,1.3660411547546183,33.62234369913737,33.7140916188558,49.78125,1.7978515625,0.0,0.0
131,central,2026-09-21T06:00:00,2026-09-21 06:00:00,0.0,0.0,302.67529296875,1.0642211437225342,1.2473052740097046,91733.921875,35.129615783691406,1.6396149210465618,34.32720820109049,33.80976931254069,2.671875,1.115814208984375,0.0,0.0
131,central,2026-09-21T07:00:00,2026-09-21 07:00:00,0.0,0.0,302.94989013671875,1.21746826171875,1.252221703529358,91632.578125,35.580421447753906,1.7465074185592346,35.016405741373696,34.11403465270996,-113.359375,0.27459716796875,0.0,0.0
131,central,2026-09-21T08:00:00,2026-09-21 08:00:00,0.0,0.0,303.50909423828125,1.300115942955017,1.2794220447540283,91594.1484375,36.16886901855469,1.824067497031947,35.626302083333336,34.62432289123535,-168.09375,0.5592041015625,0.0,0.0
131,central,2026-09-21T09:00:00,2026-09-21 09:00:00,0.0,0.0,302.85662841796875,1.268182396888733,0.3948608338832855,91477.4765625,36.44170379638672,1.328232536084497,36.06366475423177,35.19543647766113,-256.4453125,-0.6524658203125,0.0,0.0
131,central,2026-09-21T10:00:00,2026-09-21 10:00:00,0.0,0.0,301.2232360839844,0.405923455953598,1.305996656417847,91394.78125,36.3416862487793,1.367626088763997,36.3174196879069,35.6669127146403,-237.796875,-1.633392333984375,0.0,0.0
131,central,2026-09-21T11:00:00,2026-09-21 11:00:00,0.0,0.0,300.48443603515625,0.736499011516571,-0.2478546202182769,91444.640625,36.27420425415039,0.7770860356025145,36.35253143310547,35.9894167582194,-149.5078125,-0.738800048828125,0.0,0.0
131,central,2026-09-21T12:00:00,2026-09-21 12:00:00,0.0,0.0,299.94976806640625,0.739825427532196,-0.9232818484306335,91427.375,35.457176208496094,1.1831276494379988,36.02435557047526,36.04401016235352,-50.1015625,-0.53466796875,0.0,0.0
131,central,2026-09-21T13:00:00,2026-09-21 13:00:00,0.0,0.0,299.6837463378906,-0.00994873046875,-1.394992113113403,91426.328125,34.811744689941406,1.395027588575415,35.51437505086263,35.915897369384766,31.546875,-0.266021728515625,0.0,0.0
131,central,2026-09-21T14:00:00,2026-09-21 14:00:00,0.0,0.0,298.072021484375,-0.5998016595840454,-1.2762572765350342,91478.5234375,33.89850997924805,1.4101754028305833,34.72247695922852,35.53750419616699,33.8828125,-1.611724853515625,0.0,0.0
131,central,2026-09-21T15:00:00,2026-09-21 15:00:00,0.0,0.0,296.6581115722656,-0.95660400390625,-1.0680510997772217,91504.578125,32.55299758911133,1.433814622615072,33.754417419433594,34.88938649495443,77.203125,-1.413909912109375,0.0,0.0
131,central,2026-09-21T16:00:00,2026-09-21 16:00:00,0.0,0.0,296.8956604003906,-1.034423828125,-1.029199242591858,91545.046875,32.362548828125,1.4592065436888753,32.938018798828125,34.226196924845375,118.71875,0.237548828125,0.0,0.0
131,central,2026-09-21T17:00:00,2026-09-21 17:00:00,0.0,0.0,295.8111267089844,-0.9374450445175172,-1.1073486804962158,91540.140625,32.377288818359375,1.45087019119119,32.4309450785319,33.57671101888021,61.6171875,-1.08453369140625,0.0,0.0
131,central,2026-09-21T18:00:00,2026-09-21 18:00:00,0.0,0.0,295.81805419921875,-0.8009979128837585,-1.094659447669983,91573.484375,32.511383056640625,1.35642064375963,32.417073567708336,33.08574549357096,68.90625,0.006927490234375,0.0,0.0
131,central,2026-09-21T19:00:00,2026-09-21 19:00:00,0.0,0.0,295.36846923828125,-0.722155749797821,-1.0875885486602783,91539.5,32.43711471557617,1.3055105430991447,32.44192886352539,32.68997383117676,-5.546875,-0.4495849609375,0.0,0.0
131,central,2026-09-21T20:00:00,2026-09-21 20:00:00,0.0,0.0,294.94580078125,-0.6801422238349915,-1.074252367019653,91513.3671875,32.32807159423828,1.2714604172724115,32.425523122151695,32.4282341003418,-26.7734375,-0.42266845703125,0.0,0.0
131,central,2026-09-21T21:00:00,2026-09-21 21:00:00,0.0,0.0,294.6136779785156,-0.630908191204071,-1.035678148269653,91495.046875,32.226593017578125,1.2127136399544824,32.33059310913086,32.373833338419594,-78.4375,-0.332122802734375,0.0,0.0
131,central,2026-09-21T22:00:00,2026-09-21 22:00:00,0.0,0.0,294.17974853515625,-0.397265613079071,-0.4521514773368835,91456.2734375,33.33658218383789,0.6018811558713367,32.63041559855143,32.536172231038414,-83.2265625,-0.433929443359375,0.0,0.0
131,central,2026-09-21T23:00:00,2026-09-21 23:00:00,0.0,0.0,294.6322631835937,-0.3648529052734375,-0.6469268798828125,91482.765625,33.519927978515625,0.7427193483418746,33.02770105997721,32.72661209106445,-30.6015625,0.4525146484374431,0.0,0.0
131,central,2026-09-22T00:00:00,2026-09-22 00:00:00,0.0,0.0,295.8309631347656,-0.3970672488212585,-0.967944324016571,91501.9375,33.409950256347656,1.0462211116596625,33.42215347290039,32.876373291015625,6.890625,1.1986999511719318,0.0,0.0
131,central,2026-09-22T01:00:00,2026-09-22 01:00:00,0.0,0.0,295.9205627441406,-0.5315704345703125,-1.28265380859375,91528.046875,32.907997131347656,1.38844082322918,33.27929178873698,32.9548536936442,71.7734375,0.089599609375,0.0,0.0
131,central,2026-09-22T02:00:00,2026-09-22 02:00:00,0.0,0.0,297.50250244140625,-0.4749878048896789,-1.318029761314392,91556.296875,32.22891616821289,1.401005305666038,32.84895451863607,32.93832778930664,73.53125,1.581939697265625,0.0,0.0
131,central,2026-09-22T03:00:00,2026-09-22 03:00:00,0.0,0.0,298.94805908203125,0.3025970458984375,-0.5401153564453125,91587.2890625,31.57956314086914,0.6191038446452324,32.23882548014323,32.83048947652181,85.3515625,1.445556640625,0.0,0.0
131,central,2026-09-22T04:00:00,2026-09-22 04:00:00,0.0,0.0,299.5709533691406,0.7838897705078125,0.082000732421875,91573.796875,31.246601104736328,0.7881670460153196,31.68502680460612,32.48215929667155,45.75,0.622894287109375,0.0,0.0
131,central,2026-09-22T05:00:00,2026-09-22 05:00:00,0.0,0.0,301.71514892578125,1.234588623046875,0.491677850484848,91567.390625,31.379344940185547,1.328892838724846,31.401836395263672,32.12539545694987,11.09375,2.144195556640625,0.0,0.0
131,central,2026-09-22T06:00:00,2026-09-22 06:00:00,0.0,0.0,302.82049560546875,1.7459198236465454,0.6648315191268921,91507.109375,31.779071807861328,1.868217594239642,31.468339284261067,31.85358238220215,-80.1796875,1.1053466796875,0.0,0.0
131,central,2026-09-22T07:00:00,2026-09-22 07:00:00,0.0,0.0,302.964111328125,2.1604065895080566,0.7297149896621704,91463.9609375,32.1263427734375,2.2803158987577783,31.761586507161457,31.72330665588379,-109.8359375,0.14361572265625,0.0,0.0
131,central,2026-09-22T08:00:00,2026-09-22 08:00:00,0.0,0.0,303.58013916015625,2.5305817127227783,0.5950530767440796,91367.4921875,32.424896240234375,2.599602271292581,32.110103607177734,31.755970001220703,-199.8984375,0.61602783203125,0.0,0.0
131,central,2026-09-22T09:00:00,2026-09-22 09:00:00,0.0,0.0,303.05035400390625,2.8397216796875,0.2354675233364105,91287.59375,31.93526077270508,2.84946734893267,32.162166595458984,31.81525293986003,-219.515625,-0.52978515625,0.0,0.0
131,central,2026-09-22T10:00:00,2026-09-22 10:00:00,0.0,0.0,301.5160217285156,2.389660596847534,-0.3317901492118835,91216.0390625,32.57795715332031,2.412584189461532,32.312704722086586,32.03714561462402,-247.921875,-1.534332275390625,0.0,0.0
131,central,2026-09-22T11:00:00,2026-09-22 11:00:00,0.0,0.0,301.521240234375,2.0157713890075684,-0.6355133056640625,91186.6875,31.91471290588379,2.1135778799035454,32.14264361063639,32.126373608907066,-180.8046875,0.005218505859375,0.0,0.0
131,central,2026-09-22T12:00:00,2026-09-22 12:00:00,0.0,0.0,301.2333984375,1.573278784751892,-0.0659057646989822,91160.3359375,31.023950576782227,1.57465859930683,31.838873545328777,32.00052007039388,-127.2578125,-0.287841796875,0.0,0.0
131,central,2026-09-22T13:00:00,2026-09-22 13:00:00,0.0,0.0,300.7933044433594,1.348577857017517,-0.0535736083984375,91166.984375,30.25360107421875,1.3496415701788338,31.06408818562825,31.688396453857425,-49.0546875,-0.440093994140625,0.0,0.0
131,central,2026-09-22T14:00:00,2026-09-22 14:00:00,0.0,0.0,299.6376342773437,0.567248523235321,-0.841357409954071,91240.5703125,29.94198036193848,1.0147182753835051,30.406510670979817,31.274577140808105,53.8828125,-1.1556701660156818,0.0,0.0
131,central,2026-09-22T15:00:00,2026-09-22 15:00:00,0.0,0.0,296.8573303222656,-0.2475799620151519,-0.326303094625473,91297.3515625,29.92221069335937,0.4095968104777971,30.0392640431722,30.93906879425049,137.015625,-2.780303955078068,0.0,0.0
131,central,2026-09-22T16:00:00,2026-09-22 16:00:00,0.0,0.0,297.38287353515625,-0.8613342046737671,-0.617950439453125,91359.109375,30.4163818359375,1.060075166090264,30.09352429707845,30.57880624135335,192.125,0.525543212890625,0.0,0.0
131,central,2026-09-22T17:00:00,2026-09-22 17:00:00,0.0,0.0,297.0337829589844,-0.9332916140556335,-0.842041015625,91380.875,30.753894805908203,1.2570068849697489,30.36416244506836,30.38533655802409,140.3046875,-0.349090576171875,0.0,0.0
131,central,2026-09-22T18:00:00,2026-09-22 18:00:00,0.0,0.0,296.5391540527344,-0.8045440912246704,-0.9245513677597046,91381.765625,30.36297035217285,1.2255963553922928,30.51108233133952,30.27517318725586,84.4140625,-0.49462890625,0.0,0.0
131,central,2026-09-22T19:00:00,2026-09-22 19:00:00,0.0,0.0,296.31268310546875,-0.790026843547821,-1.0214141607284546,91371.4765625,29.791711807250977,1.2912897820639435,30.30285898844401,30.19819164276123,12.3671875,-0.226470947265625,0.0,0.0
131,central,2026-09-22T20:00:00,2026-09-22 20:00:00,0.0,0.0,295.28668212890625,-0.7095702886581421,-1.0070679187774658,91341.90625,29.270776748657227,1.2319398473858922,29.808486302693684,30.086324373881023,-38.96875,-1.0260009765625,0.0,0.0
131,central,2026-09-22T21:00:00,2026-09-22 21:00:00,0.0,0.0,295.0203552246094,-0.6959747076034546,-0.988055408000946,91311.5703125,28.8659725189209,1.2085670369920032,29.309487024943035,29.91028467814128,-70.1953125,-0.266326904296875,0.0,0.0
131,central,2026-09-22T22:00:00,2026-09-22 22:00:00,0.0,0.0,294.61834716796875,-0.6380523443222046,-0.8834015130996704,91327.671875,32.00926971435547,1.0897288779516896,30.048672993977863,30.175765991210938,-43.8046875,-0.402008056640625,0.0,0.0
131,central,2026-09-22T23:00:00,2026-09-22 23:00:00,0.0,0.0,294.5204467773437,-0.8522430658340454,-1.3239562511444092,91349.171875,31.90730667114257,1.5745406943634612,30.92751630147298,30.36800130208333,7.265625,-0.0979003906250568,0.0,0.0
131,central,2026-09-23T00:00:00,2026-09-23 00:00:00,0.0,0.0,296.29296875,-0.780407726764679,-1.624212622642517,91356.6328125,30.38982582092285,1.8019719375021623,31.4354674021403,30.372477213541668,45.0625,1.7725219726563068,0.0,0.0
131,central,2026-09-23T01:00:00,2026-09-23 01:00:00,0.0,0.0,296.4262084960937,-0.974438488483429,-1.6960846185684204,91375.0234375,28.87976455688477,1.9560760213197883,30.39229901631673,30.220486005147297,47.3515625,0.1332397460936931,0.0,0.0
131,central,2026-09-23T02:00:00,2026-09-23 02:00:00,0.0,0.0,297.78631591796875,-1.049432396888733,-1.539581298828125,91440.953125,28.120086669921875,1.8632280942871504,29.129892349243164,30.02870432535808,91.78125,1.3601074218750568,0.0,0.0
131,central,2026-09-23T03:00:00,2026-09-23 03:00:00,0.0,0.0,298.8055114746094,-0.6833893060684204,-0.639910876750946,91515.046875,27.835918426513672,0.9362194581575636,28.278589884440105,29.857028643290203,158.4140625,1.019195556640625,0.0,0.0
131,central,2026-09-23T04:00:00,2026-09-23 04:00:00,0.0,0.0,299.3971252441406,-0.4068420529365539,0.4467895627021789,91530.1484375,28.129138946533203,0.6042692854822541,28.02838134765625,29.21034018198649,155.125,0.59161376953125,0.0,0.0
131,central,2026-09-23T05:00:00,2026-09-23 05:00:00,0.0,0.0,301.29351806640625,0.0205871574580669,1.096612572669983,91548.6171875,28.902502059936523,1.0968058012201074,28.289186477661133,28.70953941345215,107.6640625,1.896392822265625,0.0,0.0
131,central,2026-09-23T06:00:00,2026-09-23 06:00:00,0.0,0.0,302.54400634765625,0.1965484619140625,1.4742553234100342,91486.2109375,30.17486572265625,1.4872995853168278,29.068835576375324,28.673712730407715,-28.8359375,1.25048828125,0.0,0.0
131,central,2026-09-23T07:00:00,2026-09-23 07:00:00,0.0,0.0,302.4519958496094,0.4071472287178039,1.807855248451233,91465.3515625,31.265899658203125,1.85313503695906,30.1144224802653,29.071401913960774,-64.796875,-0.092010498046875,0.0,0.0
133,central,2026-09-18T05:00:00,2026-09-18 05:00:00,0.0,0.0,296.9530334472656,-0.0316680893301963,0.4226837158203125,85868.4375,23.55868148803711,0.4238683657711342,23.49633280436198,24.28648090362549,121.0234375,2.724090576171932,0.0,0.0
133,central,2026-09-18T06:00:00,2026-09-18 06:00:00,0.0,0.0,298.18951416015625,0.46624755859375,0.7650146484375,85848.8046875,24.15709686279297,0.8958985423688243,23.68417485555013,23.96136124928792,46.7109375,1.236480712890625,0.0,0.0
133,central,2026-09-18T07:00:00,2026-09-18 07:00:00,0.0,0.0,298.5421447753906,1.07080078125,0.677532970905304,85850.859375,24.902263641357425,1.2671484679347476,24.206013997395832,23.956424077351887,46.3984375,0.352630615234375,0.0,0.0
133,central,2026-09-18T08:00:00,2026-09-18 08:00:00,0.0,0.0,299.3150329589844,1.2950042486190796,0.3205841183662414,85737.796875,24.861804962158203,1.3340952667969883,24.64038848876953,24.06836064656576,-130.640625,0.77288818359375,0.0,0.0
133,central,2026-09-18T09:00:00,2026-09-18 09:00:00,0.0,0.0,299.12969970703125,1.1599884033203125,0.7047759890556335,85732.640625,26.1375732421875,1.3573069993877416,25.300547281901043,24.492361068725582,-116.1640625,-0.185333251953125,0.0,0.0
133,central,2026-09-18T10:00:00,2026-09-18 10:00:00,0.0,0.0,296.0228576660156,1.097689867019653,0.12640380859375,85777.3515625,26.06566429138184,1.1049438750382885,25.688347498575848,24.94718074798584,-73.5078125,-3.106842041015625,0.0,0.0
133,central,2026-09-18T11:00:00,2026-09-18 11:00:00,0.0,0.0,296.0284118652344,1.244357347488403,-0.253213495016098,85724.328125,24.979921340942383,1.2698591584528742,25.72771962483724,25.184054056803387,-13.46875,0.00555419921875,0.0,0.0
133,central,2026-09-18T12:00:00,2026-09-18 12:00:00,0.0,0.0,296.2807006835937,0.7680511474609375,-0.1882476806640625,85708.5234375,23.403682708740234,0.7907842653919346,24.816422780354817,25.05848503112793,-24.1171875,0.2522888183593181,0.0,0.0
133,central,2026-09-18T13:00:00,2026-09-18 13:00:00,0.0,0.0,296.25054931640625,0.6194732785224915,-0.1144744902849197,85740.890625,22.518096923828125,0.629961547818116,23.633900324503585,24.661123911539715,-36.4609375,-0.0301513671874431,0.0,0.0
133,central,2026-09-18T14:00:00,2026-09-18 14:00:00,0.0,0.0,294.48309326171875,0.3872802853584289,0.0219451896846294,85823.2265625,22.619274139404297,0.3879015477896427,22.847017923990887,24.287368774414062,98.8984375,-1.7674560546875,0.0,0.0
133,central,2026-09-18T15:00:00,2026-09-18 15:00:00,0.0,0.0,292.6122131347656,0.1215911880135536,0.0168365482240915,85847.8984375,22.33853530883789,0.1227513191727465,22.491968790690105,23.65419578552246,139.375,-1.870880126953125,0.0,0.0
133,central,2026-09-18T16:00:00,2026-09-18 16:00:00,0.0,0.0,292.51226806640625,-0.1440582275390625,-0.25897216796875,85869.0234375,21.73222923278809,0.2963433088566886,22.23001289367676,22.931956609090168,128.1328125,-0.099945068359375,0.0,0.0
133,central,2026-09-18T17:00:00,2026-09-18 17:00:00,0.0,0.0,292.0619201660156,-0.299081414937973,-0.353524774312973,85901.984375,21.3448486328125,0.4630652856934306,21.80520439147949,22.326111157735188,78.7578125,-0.450347900390625,0.0,0.0
133,central,2026-09-18T18:00:00,2026-09-18 18:00:00,0.0,0.0,291.9800720214844,-0.266152948141098,-0.3417419493198395,85889.3984375,21.245752334594727,0.4331569596914284,21.440943400065105,21.966456095377605,41.5,-0.08184814453125,0.0,0.0
133,central,2026-09-18T19:00:00,2026-09-18 19:00:00,0.0,0.0,291.6142578125,-0.2024108916521072,-0.3973937928676605,85892.3984375,21.009706497192383,0.4459730885032708,21.20010248819987,21.71505769093832,23.375,-0.365814208984375,0.0,0.0
133,central,2026-09-18T20:00:00,2026-09-18 20:00:00,0.0,0.0,290.5909118652344,-0.1611358672380447,-0.3839233517646789,85883.296875,20.67846870422364,0.4163675152323751,20.97797584533692,21.391590118408203,-18.6875,-1.023345947265625,0.0,0.0
133,central,2026-09-18T21:00:00,2026-09-18 21:00:00,0.0,0.0,290.3976135253906,-0.1161590591073036,-0.396353155374527,85877.7109375,20.44261741638184,0.4130239106735081,20.71026420593262,21.075603802998863,-11.6875,-0.19329833984375,0.0,0.0
133,central,2026-09-18T22:00:00,2026-09-18 22:00:00,0.0,0.0,290.0287475585937,-0.1678527891635894,-0.1724090576171875,85888.125,21.54780006408692,0.240623028778301,20.8896287282308,21.044865608215336,-4.2734375,-0.3688659667969318,0.0,0.0
133,central,2026-09-18T23:00:00,2026-09-18 23:00:00,0.0,0.0,290.0021057128906,-0.3087585568428039,-0.2251922637224197,85941.3671875,21.2919864654541,0.3821562534671895,21.09413464864096,21.036055246988937,58.0703125,-0.0266418457030681,0.0,0.0
133,central,2026-09-19T00:00:00,2026-09-19 00:00:00,0.0,0.0,290.7315979003906,-0.3487365841865539,-0.2903777956962585,85954.5390625,20.857120513916016,0.453802235983389,21.23230234781901,20.97128327687582,76.828125,0.7294921875,0.0,0.0
133,central,2026-09-19T01:00:00,2026-09-19 01:00:00,0.0,0.0,290.7967834472656,-0.2773193418979645,-0.316363513469696,86021.0234375,20.659183502197266,0.4207040409190415,20.93609682718913,20.912862777709964,132.8984375,0.065185546875,0.0,0.0
133,central,2026-09-19T02:00:00,2026-09-19 02:00:00,0.0,0.0,292.91571044921875,-0.385672003030777,-0.3356872498989105,86078.6953125,20.54815101623535,0.5113011086106358,20.688151677449543,20.89114316304525,137.328125,2.118927001953125,0.0,0.0
133,central,2026-09-19T03:00:00,2026-09-19 03:00:00,0.0,0.0,293.93572998046875,-0.6536468267440796,0.219216912984848,86159.7265625,20.670446395874023,0.6894274646771851,20.625926971435547,20.92911465962728,205.1875,1.02001953125,0.0,0.0
133,central,2026-09-19T04:00:00,2026-09-19 04:00:00,0.0,0.0,294.75341796875,-0.646575927734375,0.459207147359848,86162.765625,20.939620971679688,0.7930521007550115,20.719406127929688,20.827751477559406,141.7421875,0.81768798828125,0.0,0.0
133,central,2026-09-19T05:00:00,2026-09-19 05:00:00,0.0,0.0,296.8818359375,-0.3928192257881164,0.5102478265762329,86175.7734375,21.41286277770996,0.6439408269977488,21.00764338175456,20.84789752960205,97.078125,2.12841796875,0.0,0.0
133,central,2026-09-19T06:00:00,2026-09-19 06:00:00,0.0,0.0,298.3102111816406,-0.0533416755497455,0.572985827922821,86142.140625,21.95220184326172,0.5754633727274525,21.434895197550457,21.030411084493,-17.5859375,1.428375244140625,0.0,0.0
133,central,2026-09-19T07:00:00,2026-09-19 07:00:00,0.0,0.0,298.3274841308594,0.5526275634765625,0.5550934076309204,86091.2890625,22.689001083374023,0.7832789510189516,22.018021901448567,21.36871401468913,-71.4765625,0.01727294921875,0.0,0.0
133,central,2026-09-19T08:00:00,2026-09-19 08:00:00,0.0,0.0,298.8660583496094,0.9359100461006165,0.3443542420864105,85990.8203125,23.41454315185547,0.9972499478239968,22.6852486928304,21.84644603729248,-184.953125,0.53857421875,0.0,0.0
133,central,2026-09-19T09:00:00,2026-09-19 09:00:00,0.0,0.0,297.33428955078125,1.143579125404358,0.484793096780777,85963.6953125,24.347091674804688,1.242094023311799,23.483545303344727,22.45922025044759,-178.4453125,-1.531768798828125,0.0,0.0
133,central,2026-09-19T10:00:00,2026-09-19 10:00:00,0.0,0.0,298.152099609375,1.2629241943359375,0.0093536376953125,85878.3515625,21.219839096069336,1.2629588319407772,22.993824640909832,22.5059232711792,-212.9375,0.81781005859375,0.0,0.0
133,central,2026-09-19T11:00:00,2026-09-19 11:00:00,0.0,0.0,298.00347900390625,0.876141369342804,0.1961853057146072,85879.921875,20.66986083984375,0.8978376096222621,22.07893053690593,22.382089614868164,-110.8984375,-0.14862060546875,0.0,0.0
133,central,2026-09-19T12:00:00,2026-09-19 12:00:00,0.0,0.0,297.58209228515625,0.6170623898506165,0.7315124273300171,85935.296875,21.68518447875977,0.9570143281615002,21.191628138224285,22.337586720784504,-28.3984375,-0.42138671875,0.0,0.0
133,central,2026-09-19T13:00:00,2026-09-19 13:00:00,0.0,0.0,296.4688415527344,0.3856140077114105,0.408843994140625,85963.921875,21.7898063659668,0.5620067388280279,21.381617228190105,22.18772093454997,85.5703125,-1.113250732421875,0.0,0.0
133,central,2026-09-19T14:00:00,2026-09-19 14:00:00,0.0,0.0,295.03106689453125,0.2098632752895355,0.302203357219696,86044.34375,21.87073516845703,0.3679258939380409,21.7819086710612,21.93041960398356,164.421875,-1.437774658203125,0.0,0.0
133,central,2026-09-19T15:00:00,2026-09-19 15:00:00,0.0,0.0,293.4022521972656,-0.0555206313729286,-0.1271331757307052,86106.96875,21.87347984313965,0.1387277365180553,21.84467379252116,21.518150965372723,171.671875,-1.628814697265625,0.0,0.0
133,central,2026-09-19T16:00:00,2026-09-19 16:00:00,0.0,0.0,293.2188415527344,-0.285614013671875,-0.2084289491176605,86160.46875,21.880584716796875,0.3535788336934923,21.87493324279785,21.628275235493977,196.546875,-0.18341064453125,0.0,0.0
133,central,2026-09-19T17:00:00,2026-09-19 17:00:00,0.0,0.0,291.85333251953125,-0.343972772359848,-0.2696960568428039,86191.203125,22.08694267272949,0.4370963637477172,21.947002410888672,21.864455540974934,146.859375,-1.365509033203125,0.0,0.0
133,central,2026-09-19T18:00:00,2026-09-19 18:00:00,0.0,0.0,291.25250244140625,-0.3021240234375,-0.3110504150390625,86201.3125,22.419044494628903,0.4336257444318038,22.128857294718426,21.9867655436198,94.34375,-0.600830078125,0.0,0.0
133,central,2026-09-19T19:00:00,2026-09-19 19:00:00,0.0,0.0,290.93975830078125,-0.2221130430698394,-0.4264801144599914,86200.265625,22.66971969604492,0.4808528797163969,22.391902287801106,22.13341776529948,39.796875,-0.312744140625,0.0,0.0
133,central,2026-09-19T20:00:00,2026-09-19 20:00:00,0.0,0.0,290.3002014160156,-0.1663360595703125,-0.411355584859848,86170.84375,22.9046630859375,0.4437128597514007,22.66447575887044,22.30573908487956,-20.359375,-0.639556884765625,0.0,0.0
133,central,2026-09-19T21:00:00,2026-09-19 21:00:00,0.0,0.0,290.21954345703125,-0.1722564697265625,-0.336904913187027,86176.6171875,23.26626205444336,0.3783876476475102,22.94688161214193,22.537869453430176,-24.6953125,-0.080657958984375,0.0,0.0
133,central,2026-09-19T22:00:00,2026-09-19 22:00:00,0.0,0.0,289.8373413085937,-0.2279510498046875,-0.2738037109375,86144.84375,24.531475067138672,0.3562725827652265,23.567466735839844,22.97968451182048,-55.421875,-0.3822021484375568,0.0,0.0
133,central,2026-09-19T23:00:00,2026-09-19 23:00:00,0.0,0.0,290.0884704589844,-0.2165435850620269,-0.308267205953598,86205.046875,24.86418533325196,0.3767224369452306,24.220640818278,23.44255828857422,34.203125,0.2511291503906818,0.0,0.0
133,central,2026-09-20T00:00:00,2026-09-20 00:00:00,0.0,0.0,291.2185974121094,-0.226754754781723,-0.533312976360321,86180.3984375,24.83681297302246,0.5795174281852304,24.74415779113769,23.84551970163981,3.78125,1.130126953125,0.0,0.0
133,central,2026-09-20T01:00:00,2026-09-20 01:00:00,0.0,0.0,291.20147705078125,-0.2454956024885177,-0.6119934320449829,86225.4453125,24.91608238220215,0.6593967331640319,24.872360229492188,24.219913482666016,80.6015625,-0.017120361328125,0.0,0.0
133,central,2026-09-20T02:00:00,2026-09-20 02:00:00,0.0,0.0,293.6380310058594,-0.1883422881364822,-0.6988494992256165,86262.265625,25.078907012939453,0.7237841115058969,24.943934122721355,24.58228747049968,57.21875,2.436553955078125,0.0,0.0
133,central,2026-09-20T03:00:00,2026-09-20 03:00:00,0.0,0.0,294.6806640625,-0.1601318418979644,-0.5867279171943665,86319.828125,25.468929290771484,0.6081873523881223,25.154639561971027,24.949398676554363,139.4296875,1.042633056640625,0.0,0.0
133,central,2026-09-20T04:00:00,2026-09-20 04:00:00,0.0,0.0,295.415283203125,-0.1421966552734375,-0.191964715719223,86326.4375,26.230823516845703,0.2388939950105797,25.59288660685221,25.2326234181722,100.9921875,0.734619140625,0.0,0.0
133,central,2026-09-20T05:00:00,2026-09-20 05:00:00,0.0,0.0,298.3863220214844,0.0721618682146072,0.393789678812027,86337.3671875,27.25153541564941,0.4003469075228404,26.3170960744222,25.630515098571777,75.1015625,2.971038818359375,0.0,0.0
133,central,2026-09-20T06:00:00,2026-09-20 06:00:00,0.0,0.0,299.8185119628906,0.2084594666957855,0.7969878911972046,86330.6484375,28.60927963256836,0.8237991551161354,27.363879521687824,26.259259541829422,10.8203125,1.43218994140625,0.0,0.0
133,central,2026-09-20T07:00:00,2026-09-20 07:00:00,0.0,0.0,300.164306640625,0.3487671017646789,0.9595276117324828,86318.140625,30.3068790435791,1.020946486820135,28.722564697265625,27.15772565205892,-8.296875,0.345794677734375,0.0,0.0
133,central,2026-09-20T08:00:00,2026-09-20 08:00:00,0.0,0.0,301.1295471191406,0.5031463503837585,0.8276947140693665,86235.2890625,31.750469207763672,0.9686252059506124,30.222209294637043,28.26965268452962,-102.078125,0.965240478515625,0.0,0.0
133,central,2026-09-20T09:00:00,2026-09-20 09:00:00,0.0,0.0,300.682861328125,0.5104888677597046,0.956311047077179,86191.328125,32.3692741394043,1.0840339952549622,31.47554079691569,29.41971015930176,-139.3203125,-0.446685791015625,0.0,0.0
133,central,2026-09-20T10:00:00,2026-09-20 10:00:00,0.0,0.0,297.7752990722656,0.259387195110321,1.2567627429962158,86153.359375,33.102561950683594,1.2832514598357456,32.40743509928385,30.56499989827474,-164.78125,-2.907562255859375,0.0,0.0
133,central,2026-09-20T11:00:00,2026-09-20 11:00:00,0.0,0.0,297.68316650390625,0.0054840086959302,0.403472900390625,86135.4609375,32.39209747314453,0.40351016802678,32.62131118774414,31.4217602411906,-99.828125,-0.092132568359375,0.0,0.0
133,central,2026-09-20T12:00:00,2026-09-20 12:00:00,0.0,0.0,297.73760986328125,-0.308847039937973,-0.32476806640625,86101.734375,31.6976261138916,0.4481749558327666,32.39742851257324,31.936484654744465,-89.59375,0.054443359375,0.0,0.0
133,central,2026-09-20T13:00:00,2026-09-20 13:00:00,0.0,0.0,297.5445861816406,-0.7421112060546875,-0.747265636920929,86104.0625,31.16896629333496,1.0531547722318806,31.752896626790363,32.08016586303711,-49.296875,-0.193023681640625,0.0,0.0
133,central,2026-09-20T14:00:00,2026-09-20 14:00:00,0.0,0.0,296.01580810546875,-0.5811065435409546,-0.387042224407196,86199.6875,31.290679931640625,0.6982023334393731,31.385757446289062,32.0035343170166,64.2265625,-1.528778076171875,0.0,0.0
133,central,2026-09-20T15:00:00,2026-09-20 15:00:00,0.0,0.0,294.059326171875,-0.8862701654434204,-0.6220123171806335,86235.578125,30.96470260620117,1.0827622679422888,31.14144961039225,31.769439061482743,133.84375,-1.95648193359375,0.0,0.0
133,central,2026-09-20T16:00:00,2026-09-20 16:00:00,0.0,0.0,294.4169006347656,-0.860791027545929,-0.5272125005722046,86268.3984375,30.660755157470703,1.0094128064687773,30.9720458984375,31.362471262613933,164.3359375,0.357574462890625,0.0,0.0
133,central,2026-09-20T17:00:00,2026-09-20 17:00:00,0.0,0.0,292.990478515625,-0.6826232671737671,-0.502856433391571,86299.2734375,30.607147216796875,0.8478438048899571,30.74420166015625,31.064979553222656,99.5859375,-1.426422119140625,0.0,0.0
133,central,2026-09-20T18:00:00,2026-09-20 18:00:00,0.0,0.0,292.5852966308594,-0.4824249148368835,-0.5818115472793579,86283.53125,30.45771217346192,0.7558031985927123,30.575204849243164,30.858327229817707,47.953125,-0.405181884765625,0.0,0.0
133,central,2026-09-20T19:00:00,2026-09-20 19:00:00,0.0,0.0,292.7579040527344,-0.378854364156723,-0.5700622797012329,86263.921875,30.18181228637696,0.6844717904915889,30.415557225545253,30.69380156199137,-4.4765625,0.172607421875,0.0,0.0
133,central,2026-09-20T20:00:00,2026-09-20 20:00:00,0.0,0.0,291.5579528808594,-0.384622186422348,-0.544537365436554,86205.859375,29.92593765258789,0.6666747097684826,30.188487370808925,30.466344515482582,-93.4140625,-1.199951171875,0.0,0.0
133,central,2026-09-20T21:00:00,2026-09-20 21:00:00,0.0,0.0,291.72589111328125,-0.3326690793037414,-0.5629028081893921,86193.859375,29.645915985107425,0.653856473388696,29.917888641357425,30.246546745300293,-89.671875,0.167938232421875,0.0,0.0
133,central,2026-09-20T22:00:00,2026-09-20 22:00:00,0.0,0.0,291.0458374023437,-0.493203729391098,-0.4493682980537414,86159.3828125,28.70469665527344,0.6672194436472934,29.42551676432292,29.92053699493409,-104.5390625,-0.6800537109375568,0.0,0.0
133,central,2026-09-20T23:00:00,2026-09-20 23:00:00,0.0,0.0,291.1376953125,-0.2223388701677322,-0.5076934695243835,86188.328125,28.539928436279297,0.5542447403315343,28.96351369222005,29.57600053151449,-17.53125,0.0918579101563068,0.0,0.0
133,central,2026-09-21T00:00:00,2026-09-21 00:00:00,0.0,0.0,292.96954345703125,-0.2245971709489822,-0.6122772097587585,86140.515625,27.998910903930664,0.6521711974537492,28.414511998494465,29.16620031992595,-53.34375,1.83184814453125,0.0,0.0
133,central,2026-09-21T01:00:00,2026-09-21 01:00:00,0.0,0.0,292.8060607910156,-0.1727722138166427,-0.6154266595840454,86125.5234375,27.14155006408692,0.6392184377768528,27.89346313476563,28.65948994954428,-33.859375,-0.163482666015625,0.0,0.0
133,central,2026-09-21T02:00:00,2026-09-21 02:00:00,0.0,0.0,294.5938415527344,-0.2164978086948394,-0.5094879269599915,86131.6640625,26.379796981811523,0.5535785842025113,27.173419316609703,28.06846650441488,-56.6640625,1.78778076171875,0.0,0.0
133,central,2026-09-21T03:00:00,2026-09-21 03:00:00,0.0,0.0,296.4009704589844,0.03472900390625,-0.1354309022426605,86138.6484375,26.10955238342285,0.1398128498907786,26.5436331431071,27.47907257080078,-1.8671875,1.80712890625,0.0,0.0
133,central,2026-09-21T04:00:00,2026-09-21 04:00:00,0.0,0.0,296.63623046875,0.5231536626815796,0.4627441465854645,86142.3359375,26.568302154541016,0.6984424815088655,26.3525505065918,27.12300682067871,16.8125,0.235260009765625,0.0,0.0
133,central,2026-09-21T05:00:00,2026-09-21 05:00:00,0.0,0.0,298.68524169921875,0.924212634563446,0.74676513671875,86152.84375,27.541912078857425,1.1882033341584592,26.739922205607098,26.9566707611084,21.1796875,2.04901123046875,0.0,0.0
133,central,2026-09-21T06:00:00,2026-09-21 06:00:00,0.0,0.0,299.7460021972656,1.259924292564392,0.8031646609306335,86122.921875,28.76438331604004,1.4941494890276887,27.624865849812824,27.08424949645996,-15.7265625,1.060760498046875,0.0,0.0
133,central,2026-09-21T07:00:00,2026-09-21 07:00:00,0.0,0.0,300.1358337402344,1.398522973060608,0.821362316608429,86029.171875,29.841358184814453,1.6218824129148963,28.71588452657064,27.53421751658122,-113.1640625,0.38983154296875,0.0,0.0
133,central,2026-09-21T08:00:00,2026-09-21 08:00:00,0.0,0.0,300.8231506347656,1.388397216796875,0.9173126220703124,85988.546875,30.920040130615234,1.6640640847692196,29.84192721048991,28.290924708048504,-164.296875,0.68731689453125,0.0,0.0
133,central,2026-09-21T09:00:00,2026-09-21 09:00:00,0.0,0.0,299.50469970703125,1.680877685546875,0.48431396484375,85920.4765625,31.94327163696289,1.7492597892571853,30.901556650797527,29.263211250305176,-202.4453125,-1.318450927734375,0.0,0.0
133,central,2026-09-21T10:00:00,2026-09-21 10:00:00,0.0,0.0,297.04083251953125,0.5084625482559204,1.1003326177597046,85801.3828125,31.505748748779297,1.2121328444872816,31.45635350545248,30.086119016011555,-227.7890625,-2.4638671875,0.0,0.0
133,central,2026-09-21T11:00:00,2026-09-21 11:00:00,0.0,0.0,297.0512084960937,1.1027100086212158,0.8249969482421875,85858.0390625,31.55154800415039,1.3771671386299935,31.66685612996419,30.75439167022705,-130.5078125,0.0103759765624431,0.0,0.0
133,central,2026-09-21T12:00:00,2026-09-21 12:00:00,0.0,0.0,296.4188842773437,1.0390441417694092,-0.2072662413120269,85851.578125,31.11225318908692,1.0595149943879716,31.3898499806722,31.145703315734863,-68.8984375,-0.63232421875,0.0,0.0
133,central,2026-09-21T13:00:00,2026-09-21 13:00:00,0.0,0.0,296.2364807128906,0.6330200433731079,-0.9524139165878296,85884.125,31.33557510375977,1.143593740723628,31.333125432332363,31.39473946889241,82.7421875,-0.1824035644530681,0.0,0.0
133,central,2026-09-21T14:00:00,2026-09-21 14:00:00,0.0,0.0,294.980224609375,0.273245245218277,-0.991101086139679,85930.921875,29.690303802490234,1.0280779770920334,30.712710698445644,31.18978341420492,72.8828125,-1.256256103515625,0.0,0.0
133,central,2026-09-21T15:00:00,2026-09-21 15:00:00,0.0,0.0,293.74053955078125,-0.4353149533271789,-0.6442230343818665,85961.9765625,28.23541831970215,0.7775104029004521,29.75376574198405,30.571807861328125,110.3984375,-1.23968505859375,0.0,0.0
133,central,2026-09-21T16:00:00,2026-09-21 16:00:00,0.0,0.0,293.914794921875,-0.5816894769668579,-0.36767578125,85993.046875,27.595361709594727,0.6881483326520341,28.507027943929035,29.92007668813069,108.921875,0.17425537109375,0.0,0.0
133,central,2026-09-21T17:00:00,2026-09-21 17:00:00,0.0,0.0,292.7994079589844,-0.447405993938446,-0.4456298947334289,85985.5390625,27.41400718688965,0.6314729816010941,27.748262405395508,29.23048655192057,54.6171875,-1.115386962890625,0.0,0.0
133,central,2026-09-21T18:00:00,2026-09-21 18:00:00,0.0,0.0,292.8262634277344,-0.2613494992256164,-0.4833312928676605,86011.484375,27.31138610839844,0.5494658309764172,27.44025166829427,28.59700870513916,49.5078125,0.02685546875,0.0,0.0
133,central,2026-09-21T19:00:00,2026-09-21 19:00:00,0.0,0.0,292.06573486328125,-0.2073120176792144,-0.5645416378974915,85976.703125,27.04844284057617,0.6014029710553559,27.25794537862141,27.882486661275227,-16.34375,-0.760528564453125,0.0,0.0
133,central,2026-09-21T20:00:00,2026-09-21 20:00:00,0.0,0.0,291.5184631347656,-0.206704705953598,-0.5834320187568665,85948.765625,26.56126976013184,0.6189666840582585,26.97369956970215,27.360980987548828,-36.7734375,-0.547271728515625,0.0,0.0
133,central,2026-09-21T21:00:00,2026-09-21 21:00:00,0.0,0.0,291.17889404296875,-0.1865722686052322,-0.5054046511650085,85924.6484375,25.9429988861084,0.5387421208999041,26.51757049560547,26.97891108194987,-86.8359375,-0.339569091796875,0.0,0.0
133,central,2026-09-21T22:00:00,2026-09-21 22:00:00,0.0,0.0,290.5602111816406,-0.1767578125,-0.239846795797348,85886.4765625,26.20064163208008,0.2979426282592672,26.23497009277344,26.74645773569744,-90.2265625,-0.618682861328125,0.0,0.0
133,central,2026-09-21T23:00:00,2026-09-21 23:00:00,0.0,0.0,291.0447692871094,-0.0275482181459665,-0.2814971804618835,85906.3671875,26.10000228881836,0.2828419469085304,26.08121426900228,26.52745691935222,-42.3984375,0.48455810546875,0.0,0.0
133,central,2026-09-22T00:00:00,2026-09-22 00:00:00,0.0,0.0,292.4598693847656,0.0084014888852834,-0.4173583984375,85923.5390625,25.90370178222656,0.4174429515057172,26.068115234375,26.292842864990234,-1.109375,1.41510009765625,0.0,0.0
133,central,2026-09-22T01:00:00,2026-09-22 01:00:00,0.0,0.0,292.51861572265625,-0.0573516860604286,-0.5967162847518921,85948.046875,25.333385467529297,0.5994660460627234,25.779029846191406,26.006999969482425,61.5703125,0.058746337890625,0.0,0.0
133,central,2026-09-22T02:00:00,2026-09-22 02:00:00,0.0,0.0,293.6751403808594,0.034191895276308,-0.63873291015625,85971.703125,24.504695892333984,0.6396474155495808,25.24726104736328,25.66423765818278,65.3359375,1.156524658203125,0.0,0.0
133,central,2026-09-22T03:00:00,2026-09-22 03:00:00,0.0,0.0,295.36834716796875,0.1738861054182052,-0.5326935052871704,86001.890625,23.79128074645996,0.5603559121064432,24.543120702107743,25.30561796824137,78.3515625,1.693206787109375,0.0,0.0
133,central,2026-09-22T04:00:00,2026-09-22 04:00:00,0.0,0.0,296.2486877441406,0.3061553835868835,-0.279132068157196,85988.6015625,23.4298038482666,0.4143016176325471,23.908593495686848,24.84381167093913,40.5546875,0.880340576171875,0.0,0.0
133,central,2026-09-22T05:00:00,2026-09-22 05:00:00,0.0,0.0,298.77606201171875,0.5523620843887329,-0.0317596420645713,85982.984375,23.627391815185547,0.553274386841046,23.616158803304035,24.43170992533366,11.28125,2.527374267578125,0.0,0.0
133,central,2026-09-22T06:00:00,2026-09-22 06:00:00,0.0,0.0,299.9857482910156,0.9666229486465454,0.1829956024885177,85925.109375,24.260711669921875,0.9837923131333552,23.77263577779134,24.157878239949543,-76.78125,1.209686279296875,0.0,0.0
133,central,2026-09-22T07:00:00,2026-09-22 07:00:00,0.0,0.0,300.29498291015625,1.367828369140625,0.2881134152412414,85886.1640625,25.231420516967773,1.397842547452278,24.3731746673584,24.140884081522625,-102.4375,0.309234619140625,0.0,0.0
133,central,2026-09-22T08:00:00,2026-09-22 08:00:00,0.0,0.0,300.86138916015625,1.7337067127227783,0.1227874755859375,85793.4921875,26.17606735229492,1.738049403757209,25.22273317972819,24.41944599151612,-189.4921875,0.56640625,0.0,0.0
133,central,2026-09-22T09:00:00,2026-09-22 09:00:00,0.0,0.0,300.1468200683594,1.958276391029358,-0.1065246611833572,85730.1953125,26.62861633300781,1.9611715700323609,26.012034734090168,24.89233525594076,-194.9140625,-0.714569091796875,0.0,0.0
133,central,2026-09-22T10:00:00,2026-09-22 10:00:00,0.0,0.0,298.4996032714844,1.863684058189392,-0.0192901603877544,85675.8359375,27.21155166625977,1.863783887428225,26.672078450520832,25.522626558939617,-210.328125,-1.647216796875,0.0,0.0
133,central,2026-09-22T11:00:00,2026-09-22 11:00:00,0.0,0.0,298.15875244140625,1.5151855945587158,-0.3405914306640625,85652.6875,26.11041641235352,1.5529938533684031,26.6501948038737,25.936463991800945,-140.8046875,-0.340850830078125,0.0,0.0
133,central,2026-09-22T12:00:00,2026-09-22 12:00:00,0.0,0.0,298.12908935546875,1.073083519935608,-0.15789794921875,85625.3359375,25.0356674194336,1.084638189962386,26.119211832682296,26.06562328338623,-104.859375,-0.0296630859375,0.0,0.0
133,central,2026-09-22T13:00:00,2026-09-22 13:00:00,0.0,0.0,298.1280822753906,0.697601318359375,0.2774810791015625,85632.5859375,24.37078666687012,0.7507618454850418,25.17229016621908,25.92218430836996,-43.25,-0.001007080078125,0.0,0.0
133,central,2026-09-22T14:00:00,2026-09-22 14:00:00,0.0,0.0,296.476318359375,0.032482910901308,0.0820800811052322,85702.3671875,24.052135467529297,0.0882738875028386,24.48619651794434,25.568195660909016,49.6796875,-1.651763916015625,0.0,0.0
133,central,2026-09-22T15:00:00,2026-09-22 15:00:00,0.0,0.0,293.44287109375,-0.4229705929756164,0.0944000259041786,85760.546875,23.98197555541992,0.4333768422664669,24.134965896606445,25.127088864644367,135.2109375,-3.033447265625,0.0,0.0
133,central,2026-09-22T16:00:00,2026-09-22 16:00:00,0.0,0.0,294.0027770996094,-0.566607654094696,0.015838623046875,85815.3125,24.03474235534668,0.566828982726462,24.02295112609864,24.59762064615885,182.7265625,0.559906005859375,0.0,0.0
133,central,2026-09-22T17:00:00,2026-09-22 17:00:00,0.0,0.0,293.47283935546875,-0.5549713373184204,-0.1328613311052322,85833.671875,24.067567825317383,0.5706534136829904,24.028095245361328,24.257145881652832,131.3046875,-0.529937744140625,0.0,0.0
133,central,2026-09-22T18:00:00,2026-09-22 18:00:00,0.0,0.0,292.75048828125,-0.5041534304618835,-0.271231085062027,85838.96875,23.850078582763672,0.5724831726351525,23.98412958780925,24.059547742207844,78.421875,-0.72235107421875,0.0,0.0
133,central,2026-09-22T19:00:00,2026-09-22 19:00:00,0.0,0.0,292.58026123046875,-0.4734252989292145,-0.399343878030777,85829.4765625,23.152257919311523,0.6193601913159064,23.68996810913086,23.856459617614743,14.1640625,-0.17022705078125,0.0,0.0
133,central,2026-09-22T20:00:00,2026-09-22 20:00:00,0.0,0.0,291.4542541503906,-0.383593738079071,-0.4375366270542145,85799.109375,22.19148063659668,0.5818783858397334,23.064605712890625,23.546350479125977,-34.5625,-1.126007080078125,0.0,0.0
133,central,2026-09-22T21:00:00,2026-09-22 21:00:00,0.0,0.0,291.0953674316406,-0.2252716124057769,-0.511492908000946,85764.5703125,21.26909828186035,0.5589027592445422,22.20427894592285,23.094204266866047,-74.3984375,-0.35888671875,0.0,0.0
133,central,2026-09-22T22:00:00,2026-09-22 22:00:00,0.0,0.0,290.8031311035156,-0.2064117491245269,-0.379495233297348,85770.078125,23.199893951416016,0.4319981970703758,22.220157623291016,22.955062866210938,-59.3984375,-0.292236328125,0.0,0.0
133,central,2026-09-22T23:00:00,2026-09-22 23:00:00,0.0,0.0,290.8985900878906,-0.1188446059823036,-0.1288391053676605,85773.5703125,23.022930145263672,0.1752813607975135,22.497307459513348,22.780956586201984,-25.5390625,0.095458984375,0.0,0.0
133,central,2026-09-23T00:00:00,2026-09-23 00:00:00,0.0,0.0,292.6703186035156,0.0475219711661338,-0.509564220905304,85792.03125,22.34881019592285,0.5117753735481458,22.857211430867512,22.530745188395183,27.4609375,1.771728515625,0.0,0.0
133,central,2026-09-23T01:00:00,2026-09-23 01:00:00,0.0,0.0,292.860595703125,-0.1748290956020355,-0.6400299072265625,85818.2265625,21.37742042541504,0.663478330326973,22.24972025553385,22.23493893941244,48.1484375,0.190277099609375,0.0,0.0
133,central,2026-09-23T02:00:00,2026-09-23 02:00:00,0.0,0.0,293.86993408203125,-0.2877136170864105,-0.637237548828125,85886.359375,20.7767276763916,0.6991786746557869,21.500986099243164,21.99914677937825,112.7890625,1.00933837890625,0.0,0.0
133,central,2026-09-23T03:00:00,2026-09-23 03:00:00,0.0,0.0,294.8082580566406,-0.337686151266098,-0.493426501750946,85956.046875,20.498809814453125,0.5979144164402513,20.88431930541992,21.87076536814372,164.015625,0.938323974609375,0.0,0.0
133,central,2026-09-23T04:00:00,2026-09-23 04:00:00,0.0,0.0,296.1322631835937,-0.4773498475551605,-0.1328979432582855,85964.953125,20.61429214477539,0.4955045310420657,20.62994321187337,21.439831733703613,146.7265625,1.3240051269530682,0.0,0.0
133,central,2026-09-23T05:00:00,2026-09-23 05:00:00,0.0,0.0,298.42047119140625,-0.260467529296875,0.2909484803676605,85983.21875,21.223596572875977,0.390505252264639,20.778899510701496,21.13994280497233,96.859375,2.288208007812557,0.0,0.0
133,central,2026-09-23T06:00:00,2026-09-23 06:00:00,0.0,0.0,299.6764221191406,-0.0089202877134084,0.5808960199356079,85917.2109375,22.222522735595703,0.58096450623934,21.35347048441569,21.118894894917805,-38.8359375,1.255950927734375,0.0,0.0
133,central,2026-09-23T07:00:00,2026-09-23 07:00:00,0.0,0.0,300.0231018066406,0.2606628537178039,0.713909924030304,85898.1484375,23.42957305908203,0.7600082255721077,22.29189745585124,21.460920333862305,-66.8046875,0.3466796875,0.0,0.0
134,central,2026-09-18T05:00:00,2026-09-18 05:00:00,0.0,0.0,299.04736328125,0.1813201904296875,0.9583282470703124,89440.9375,30.76708030700684,0.9753307339514714,30.69913164774577,31.35103130340576,132.625,2.397705078125,0.0,0.0
134,central,2026-09-18T06:00:00,2026-09-18 06:00:00,0.0,0.0,300.064697265625,0.48089599609375,1.5672607421875,89434.90625,31.15026092529297,1.6393801246389177,30.845828374226887,31.04759120941162,66.7109375,1.017333984375,0.0,0.0
134,central,2026-09-18T07:00:00,2026-09-18 07:00:00,0.0,0.0,300.164794921875,0.4736328125,1.748138427734375,89434.5625,31.56163787841797,1.8111642674253137,31.15965970357259,30.985297203063965,57.5,0.10009765625,0.0,0.0
134,central,2026-09-18T08:00:00,2026-09-18 08:00:00,0.0,0.0,300.1142578125,0.4111175537109375,1.8233184814453125,89326.1953125,31.544811248779297,1.869092808757581,31.41890335083008,31.05901749928792,-114.7421875,-0.050537109375,0.0,0.0
134,central,2026-09-18T09:00:00,2026-09-18 09:00:00,0.0,0.0,299.3740234375,-0.0924530029296875,1.0311431884765625,89354.4375,34.099876403808594,1.035279591652578,32.40210851033529,31.62396844228109,-80.46875,-0.740234375,0.0,0.0
134,central,2026-09-18T10:00:00,2026-09-18 10:00:00,0.0,0.0,297.845703125,-0.0876617431640625,1.14739990234375,89336.953125,33.69007873535156,1.1507437234732194,33.11158879597982,32.13562424977621,-97.609375,-1.5283203125,0.0,0.0
134,central,2026-09-18T11:00:00,2026-09-18 11:00:00,0.0,0.0,298.01904296875,0.7699432373046875,0.9034271240234376,89303.625,33.627967834472656,1.187010175648247,33.80597432454427,32.61243883768717,-22.5703125,0.17333984375,0.0,0.0
134,central,2026-09-18T12:00:00,2026-09-18 12:00:00,0.0,0.0,297.990478515625,0.4897308349609375,-0.3205718994140625,89287.421875,31.48493194580078,0.5853226746039117,32.934326171875,32.66821734110514,-67.015625,-0.028564453125,0.0,0.0
134,central,2026-09-18T13:00:00,2026-09-18 13:00:00,0.0,0.0,298.053466796875,0.2882232666015625,-0.5214080810546875,89303.890625,29.6173152923584,0.5957676043555968,31.576738357543945,32.34416357676188,-33.0625,0.06298828125,0.0,0.0
134,central,2026-09-18T14:00:00,2026-09-18 14:00:00,0.0,0.0,296.77783203125,0.0819091796875,-0.3191680908203125,89402.921875,29.534900665283203,0.3295108251863092,30.2123826344808,32.009178479512535,99.296875,-1.275634765625,0.0,0.0
134,central,2026-09-18T15:00:00,2026-09-18 15:00:00,0.0,0.0,294.43505859375,0.0508880615234375,-0.6746673583984375,89429.3984375,29.08540916442871,0.6765838006440436,29.41254170735677,31.173433939615887,141.9765625,-2.3427734375,0.0,0.0
134,central,2026-09-18T16:00:00,2026-09-18 16:00:00,0.0,0.0,294.252685546875,-0.0493316650390625,-0.72723388671875,89452.921875,28.490238189697266,0.7289051647282971,29.03684933980306,30.306793848673504,149.03125,-0.182373046875,0.0,0.0
134,central,2026-09-18T17:00:00,2026-09-18 17:00:00,0.0,0.0,294.1728515625,-0.1097259521484375,-1.0630950927734375,89473.484375,27.903636932373047,1.0687427009593304,28.49309476216634,29.352738698323567,70.5625,-0.079833984375,0.0,0.0
134,central,2026-09-18T18:00:00,2026-09-18 18:00:00,0.0,0.0,294.1513671875,-0.1309967041015625,-1.131195068359375,89465.296875,27.485010147094727,1.1387547669125444,27.95962842305501,28.68608506520589,35.8984375,-0.021484375,0.0,0.0
134,central,2026-09-18T19:00:00,2026-09-18 19:00:00,0.0,0.0,293.7939453125,-0.143035888671875,-1.146026611328125,89465.203125,26.981971740722656,1.1549182911878997,27.45687294006348,28.24686113993327,12.28125,-0.357421875,0.0,0.0
134,central,2026-09-18T20:00:00,2026-09-18 20:00:00,0.0,0.0,292.85302734375,-0.1393585205078125,-1.10198974609375,89458.6015625,26.53120231628418,1.110766491092477,26.99939473470052,27.74624474843343,-14.8828125,-0.94091796875,0.0,0.0
134,central,2026-09-18T21:00:00,2026-09-18 21:00:00,0.0,0.0,292.703857421875,-0.1279754638671875,-1.0608062744140625,89455.8125,26.39750099182129,1.0684978573625057,26.636891682942707,27.29826005299886,-9.484375,-0.149169921875,0.0,0.0
134,central,2026-09-18T22:00:00,2026-09-18 22:00:00,0.0,0.0,292.118408203125,-0.157501220703125,-0.8032684326171875,89466.125,28.177291870117188,0.8185638700567278,27.03533172607422,27.246102333068848,0.921875,-0.58544921875,0.0,0.0
134,central,2026-09-18T23:00:00,2026-09-18 23:00:00,0.0,0.0,291.982177734375,-0.215789794921875,-0.9807586669921876,89532.46875,28.17147827148437,1.0042175055597855,27.582090377807617,27.29074255625407,73.8671875,-0.13623046875,0.0,0.0
134,central,2026-09-19T00:00:00,2026-09-19 00:00:00,0.0,0.0,293.057373046875,-0.228912353515625,-1.1123504638671875,89555.640625,28.28172874450684,1.135660345375152,28.210166295369465,27.42352898915609,99.828125,1.0751953125,0.0,0.0
134,central,2026-09-19T01:00:00,2026-09-19 01:00:00,0.0,0.0,293.16259765625,-0.2073974609375,-1.214019775390625,89623.921875,28.40410614013672,1.2316077792230875,28.285771052042644,27.66055138905843,157.796875,0.105224609375,0.0,0.0
134,central,2026-09-19T02:00:00,2026-09-19 02:00:00,0.0,0.0,294.95556640625,-0.3186798095703125,-0.948577880859375,89691.59375,28.61397171020508,1.0006781785786245,28.433268864949543,28.007679621378585,159.125,1.79296875,0.0,0.0
134,central,2026-09-19T03:00:00,2026-09-19 03:00:00,0.0,0.0,296.166015625,-0.5803070068359375,-0.1239471435546875,89777.125,28.682361602783203,0.5933962559523367,28.566813151041668,28.388489723205566,221.484375,1.21044921875,0.0,0.0
134,central,2026-09-19T04:00:00,2026-09-19 04:00:00,0.0,0.0,296.97314453125,-0.686126708984375,0.4475860595703125,89767.359375,28.33161354064941,0.8192088509674493,28.542648951212566,28.414210001627605,143.4375,0.80712890625,0.0,0.0
134,central,2026-09-19T05:00:00,2026-09-19 05:00:00,0.0,0.0,298.6474609375,-0.4287567138671875,0.824798583984375,89765.9765625,28.200363159179688,0.9295832527691208,28.4047794342041,28.419024149576824,74.3828125,1.67431640625,0.0,0.0
134,central,2026-09-19T06:00:00,2026-09-19 06:00:00,0.0,0.0,299.627197265625,-0.0717010498046875,1.22747802734375,89726.84375,28.189897537231445,1.2295703917038658,28.240624745686848,28.40371894836425,-50.28125,0.979736328125,0.0,0.0
134,central,2026-09-19T07:00:00,2026-09-19 07:00:00,0.0,0.0,299.482177734375,0.3372955322265625,1.5756988525390625,89667.484375,28.54290771484375,1.6113954045959415,28.31105613708496,28.42685254414876,-99.875,-0.14501953125,0.0,0.0
134,central,2026-09-19T08:00:00,2026-09-19 08:00:00,0.0,0.0,299.829345703125,0.2091522216796875,1.857635498046875,89562.6171875,29.27294158935547,1.8693727010517216,28.668582280476887,28.536680857340496,-203.359375,0.34716796875,0.0,0.0
134,central,2026-09-19T09:00:00,2026-09-19 09:00:00,0.0,0.0,297.21923828125,0.6866455078125,1.3186798095703125,89566.09375,30.933223724365234,1.4867408965813382,29.583024342854817,28.911824544270832,-160.75,-2.610107421875,0.0,0.0
134,central,2026-09-19T10:00:00,2026-09-19 10:00:00,0.0,0.0,298.261474609375,0.7023773193359375,0.5083770751953125,89460.8515625,28.05597305297852,0.8670531409906073,29.42071278889974,28.86588446299235,-206.6328125,1.042236328125,0.0,0.0
134,central,2026-09-19T11:00:00,2026-09-19 11:00:00,0.0,0.0,298.697998046875,0.266082763671875,1.540130615234375,89509.125,29.95306396484375,1.5629466878641374,29.647420247395832,29.15800126393636,-53.4921875,0.4365234375,0.0,0.0
134,central,2026-09-19T12:00:00,2026-09-19 12:00:00,0.0,0.0,298.557861328125,0.1388397216796875,0.775848388671875,89552.203125,30.85022354125977,0.7881733251771706,29.61975351969401,29.60138893127441,-13.890625,-0.14013671875,0.0,0.0
134,central,2026-09-19T13:00:00,2026-09-19 13:00:00,0.0,0.0,297.72021484375,-0.025909423828125,-0.072601318359375,89556.421875,29.30035400390625,0.077085988808763,30.03454717000325,29.727629979451496,95.5703125,-0.837646484375,0.0,0.0
134,central,2026-09-19T14:00:00,2026-09-19 14:00:00,0.0,0.0,296.958984375,-0.10107421875,-0.433441162109375,89636.34375,28.68616485595703,0.4450699256371389,29.612247467041016,29.629833857218426,127.21875,-0.76123046875,0.0,0.0
134,central,2026-09-19T15:00:00,2026-09-19 15:00:00,0.0,0.0,295.11083984375,-0.0409698486328125,-0.7524261474609375,89692.46875,28.026020050048828,0.7535407327277697,28.670846303304035,29.145299911499023,140.265625,-1.84814453125,0.0,0.0
134,central,2026-09-19T16:00:00,2026-09-19 16:00:00,0.0,0.0,294.81494140625,0.017120361328125,-0.830596923828125,89751.96875,27.591522216796875,0.8307733485402319,28.10123570760091,29.06789143880208,195.546875,-0.2958984375,0.0,0.0
134,central,2026-09-19T17:00:00,2026-09-19 17:00:00,0.0,0.0,293.9111328125,-0.0144805908203125,-0.874481201171875,89778.3046875,27.01506805419922,0.8746010854746926,27.54420344034831,28.57822545369466,141.9609375,-0.90380859375,0.0,0.0
134,central,2026-09-19T18:00:00,2026-09-19 18:00:00,0.0,0.0,293.499755859375,-0.0516357421875,-0.9428863525390624,89787.3125,26.755958557128903,0.9442991706422658,27.120849609375,27.89584795633952,94.84375,-0.411376953125,0.0,0.0
134,central,2026-09-19T19:00:00,2026-09-19 19:00:00,0.0,0.0,293.22607421875,-0.038909912109375,-1.0512847900390625,89779.765625,26.8915958404541,1.0520046059917394,26.887540817260746,27.494388262430828,27.796875,-0.273681640625,0.0,0.0
134,central,2026-09-19T20:00:00,2026-09-19 20:00:00,0.0,0.0,292.5126953125,-0.0642852783203125,-1.0657501220703125,89753.84375,27.38591384887696,1.067687182512559,27.01115608215332,27.277679761250813,-24.4609375,-0.71337890625,0.0,0.0
134,central,2026-09-19T21:00:00,2026-09-19 21:00:00,0.0,0.0,292.2958984375,-0.0760650634765625,-1.1034088134765625,89761.1171875,27.99360466003418,1.1060275329029785,27.423704783121742,27.27227719624837,-26.1953125,-0.216796875,0.0,0.0
134,central,2026-09-19T22:00:00,2026-09-19 22:00:00,0.0,0.0,291.841064453125,-0.0873260498046875,-0.8895263671875,89724.84375,28.94124221801757,0.8938025491663592,28.10692024230957,27.49723052978516,-54.921875,-0.454833984375,0.0,0.0
134,central,2026-09-19T23:00:00,2026-09-19 23:00:00,0.0,0.0,292.32421875,-0.0929107666015625,-1.0861968994140625,89780.953125,29.285865783691406,1.090163343195511,28.740237553914387,27.87569681803385,27.109375,0.483154296875,0.0,0.0
134,central,2026-09-20T00:00:00,2026-09-20 00:00:00,0.0,0.0,293.388916015625,-0.1101531982421875,-1.28594970703125,89754.796875,29.71259498596192,1.2906588922316928,29.31323432922364,28.368469556172688,-6.3203125,1.064697265625,0.0,0.0
134,central,2026-09-20T01:00:00,2026-09-20 01:00:00,0.0,0.0,293.45947265625,-0.06072998046875,-1.487579345703125,89799.84375,30.354167938232425,1.488818471234916,29.78420956929525,28.94556490580241,75.0,0.070556640625,0.0,0.0
134,central,2026-09-20T02:00:00,2026-09-20 02:00:00,0.0,0.0,295.769287109375,-0.06256103515625,-1.4139862060546875,89827.4609375,30.863475799560547,1.415369518547277,30.31007957458496,29.52515856424968,46.5078125,2.309814453125,0.0,0.0
134,central,2026-09-20T03:00:00,2026-09-20 03:00:00,0.0,0.0,296.9462890625,-0.0091552734375,-0.8414154052734375,89894.53125,31.69373321533203,0.8414652121526941,30.970458984375,30.14184665679932,139.734375,1.177001953125,0.0,0.0
134,central,2026-09-20T04:00:00,2026-09-20 04:00:00,0.0,0.0,297.693603515625,0.0848541259765625,0.0286407470703125,89907.234375,32.67203521728516,0.0895573284996373,31.74308141072591,30.763645490010585,107.390625,0.747314453125,0.0,0.0
134,central,2026-09-20T05:00:00,2026-09-20 05:00:00,0.0,0.0,299.970703125,0.300872802734375,0.9010162353515624,89920.5703125,33.63727569580078,0.9499235231282254,32.66768137613932,31.488880475362148,93.109375,2.277099609375,0.0,0.0
134,central,2026-09-20T06:00:00,2026-09-20 06:00:00,0.0,0.0,301.561279296875,0.30572509765625,1.4262847900390625,89925.6484375,34.651859283447266,1.4586830147889212,33.6537233988444,32.3120911916097,31.1171875,1.590576171875,0.0,0.0
134,central,2026-09-20T07:00:00,2026-09-20 07:00:00,0.0,0.0,301.899658203125,0.27874755859375,1.736480712890625,89908.2421875,35.69437789916992,1.7587113087892252,34.661170959472656,33.20212618509928,1.0078125,0.33837890625,0.0,0.0
134,central,2026-09-20T08:00:00,2026-09-20 08:00:00,0.0,0.0,302.637939453125,0.1561737060546875,1.5735931396484375,89841.7890625,36.51453399658203,1.5813240008333154,35.62025705973307,34.1439692179362,-78.78125,0.73828125,0.0,0.0
134,central,2026-09-20T09:00:00,2026-09-20 09:00:00,0.0,0.0,302.527587890625,-0.1702728271484375,1.53912353515625,89766.828125,36.7784538269043,1.5485135104793222,36.329121907552086,34.99142265319824,-158.8203125,-0.1103515625,0.0,0.0
134,central,2026-09-20T10:00:00,2026-09-20 10:00:00,0.0,0.0,300.29443359375,0.82354736328125,0.4527587890625,89701.859375,36.1314697265625,0.9397982659277684,36.47481918334961,35.56799507141113,-206.3828125,-2.233154296875,0.0,0.0
134,central,2026-09-20T11:00:00,2026-09-20 11:00:00,0.0,0.0,300.219482421875,0.0195465087890625,0.303863525390625,89705.359375,36.303619384765625,0.3044915566459272,36.40451431274414,36.01238568623861,-136.4296875,-0.074951171875,0.0,0.0
134,central,2026-09-20T12:00:00,2026-09-20 12:00:00,0.0,0.0,299.63037109375,-0.3543548583984375,-0.55230712890625,89644.03125,34.64899444580078,0.6562092123029375,35.69469451904297,36.011908213297524,-122.796875,-0.589111328125,0.0,0.0
134,central,2026-09-20T13:00:00,2026-09-20 13:00:00,0.0,0.0,298.951416015625,-0.5570526123046875,-0.9501953125,89661.265625,33.86857604980469,1.1014439362820283,34.94039662679037,35.707607905069985,-40.59375,-0.678955078125,0.0,0.0
134,central,2026-09-20T14:00:00,2026-09-20 14:00:00,0.0,0.0,297.091796875,-0.4179229736328125,-1.154815673828125,89750.7890625,33.54907989501953,1.2281119054911889,34.022216796875,35.21336555480957,45.4296875,-1.859619140625,0.0,0.0
134,central,2026-09-20T15:00:00,2026-09-20 15:00:00,0.0,0.0,295.676513671875,-0.3634185791015625,-1.4517974853515625,89791.671875,33.16353225708008,1.496592463601671,33.5270627339681,34.61087862650553,147.640625,-1.415283203125,0.0,0.0
134,central,2026-09-20T16:00:00,2026-09-20 16:00:00,0.0,0.0,295.83447265625,-0.340087890625,-1.4738922119140625,89836.296875,32.8486442565918,1.5126195905417494,33.187085469563804,34.063741048177086,175.03125,0.157958984375,0.0,0.0
134,central,2026-09-20T17:00:00,2026-09-20 17:00:00,0.0,0.0,294.530517578125,-0.264556884765625,-1.4805908203125,89866.2734375,32.49015426635742,1.5040410640905166,32.834110260009766,33.42816352844238,115.484375,-1.303955078125,0.0,0.0
134,central,2026-09-20T18:00:00,2026-09-20 18:00:00,0.0,0.0,294.278076171875,-0.1676788330078125,-1.5491943359375,89848.03125,32.17411804199219,1.5582423693186158,32.50430552164713,33.01568412780762,56.359375,-0.25244140625,0.0,0.0
134,central,2026-09-20T19:00:00,2026-09-20 19:00:00,0.0,0.0,294.27587890625,-0.1821746826171875,-1.529144287109375,89825.328125,31.93864822387696,1.5399577480521702,32.200973510742195,32.69402949015299,-10.96875,-0.002197265625,0.0,0.0
134,central,2026-09-20T20:00:00,2026-09-20 20:00:00,0.0,0.0,293.513427734375,-0.1381378173828125,-1.602935791015625,89764.65625,31.74234390258789,1.608877001734494,31.95170338948568,32.39290682474772,-101.6171875,-0.762451171875,0.0,0.0
134,central,2026-09-20T21:00:00,2026-09-20 21:00:00,0.0,0.0,293.32568359375,-0.0780792236328125,-1.57891845703125,89749.765625,31.73419952392578,1.580847829209708,31.805063883463543,32.154684702555336,-98.265625,-0.187744140625,0.0,0.0
134,central,2026-09-20T22:00:00,2026-09-20 22:00:00,0.0,0.0,293.005615234375,-0.0894927978515625,-1.2641143798828125,89713.78125,31.46036148071289,1.2672782355480616,31.64563496907552,31.92330423990885,-111.546875,-0.320068359375,0.0,0.0
134,central,2026-09-20T23:00:00,2026-09-20 23:00:00,0.0,0.0,293.05078125,-0.1253662109375,-1.2456817626953125,89751.828125,31.889732360839844,1.251974337099817,31.694764455159504,31.82323392232259,-12.828125,0.045166015625,0.0,0.0
134,central,2026-09-21T00:00:00,2026-09-21 00:00:00,0.0,0.0,294.6796875,-0.15203857421875,-1.4908905029296875,89699.21875,31.675472259521484,1.498622774341965,31.67518870035808,31.74012629191081,-50.546875,1.62890625,0.0,0.0
134,central,2026-09-21T01:00:00,2026-09-21 01:00:00,0.0,0.0,294.509765625,-0.092010498046875,-1.4617156982421875,89690.421875,31.348970413208008,1.4646087239390866,31.63805834452312,31.64184665679932,-23.359375,-0.169921875,0.0,0.0
134,central,2026-09-21T02:00:00,2026-09-21 02:00:00,0.0,0.0,296.26708984375,-0.162200927734375,-1.3506011962890625,89701.5625,31.134679794311523,1.360306117157215,31.38637415568034,31.54056930541992,-50.265625,1.75732421875,0.0,0.0
134,central,2026-09-21T03:00:00,2026-09-21 03:00:00,0.0,0.0,298.9541015625,-0.12200927734375,-0.605743408203125,89714.1484375,31.09880828857422,0.61790884468462,31.19415283203125,31.43467076619466,14.9296875,2.68701171875,0.0,0.0
134,central,2026-09-21T04:00:00,2026-09-21 04:00:00,0.0,0.0,299.35107421875,0.1812591552734375,0.519287109375,89718.5390625,31.507753372192383,0.5500127119744446,31.247080485026043,31.44256941477457,28.1171875,0.39697265625,0.0,0.0
134,central,2026-09-21T05:00:00,2026-09-21 05:00:00,0.0,0.0,300.71044921875,0.414642333984375,1.19647216796875,89733.4453125,32.304412841796875,1.266283504534372,31.63699150085449,31.51168282826741,31.8828125,1.359375,0.0,0.0
134,central,2026-09-21T06:00:00,2026-09-21 06:00:00,0.0,0.0,301.77099609375,0.64019775390625,1.5938873291015625,89702.625,33.160282135009766,1.717652462513043,32.32414944966634,31.7591511408488,-11.5234375,1.060546875,0.0,0.0
134,central,2026-09-21T07:00:00,2026-09-21 07:00:00,0.0,0.0,302.12841796875,0.75506591796875,1.7552490234375,89606.7734375,33.979835510253906,1.910765206600824,33.14817682902018,32.19762865702311,-111.765625,0.357421875,0.0,0.0
134,central,2026-09-21T08:00:00,2026-09-21 08:00:00,0.0,0.0,302.91943359375,0.700897216796875,1.8870391845703125,89571.8515625,34.90988540649414,2.013001190416289,34.01666768391927,32.82682959238688,-161.59375,0.791015625,0.0,0.0
134,central,2026-09-21T09:00:00,2026-09-21 09:00:00,0.0,0.0,301.21484375,0.979217529296875,1.15960693359375,89476.671875,35.78467559814453,1.517746754277859,34.891465504964195,33.60780747731527,-225.953125,-1.70458984375,0.0,0.0
134,central,2026-09-21T10:00:00,2026-09-21 10:00:00,0.0,0.0,298.9765625,1.0466461181640625,1.1851959228515625,89424.78125,36.2293815612793,1.5811886263858173,35.64131418863932,34.39474550882975,-181.9921875,-2.23828125,0.0,0.0
134,central,2026-09-21T11:00:00,2026-09-21 11:00:00,0.0,0.0,298.617431640625,0.9739990234375,0.0159149169921875,89405.140625,34.54490661621094,0.9741290377768604,35.51965459187826,34.768161137898765,-166.7109375,-0.359130859375,0.0,0.0
134,central,2026-09-21T12:00:00,2026-09-21 12:00:00,0.0,0.0,298.458740234375,0.519805908203125,-0.1827545166015625,89396.671875,34.26029968261719,0.5509967291564863,35.01152928670248,34.951497395833336,-80.0,-0.15869140625,0.0,0.0
134,central,2026-09-21T13:00:00,2026-09-21 13:00:00,0.0,0.0,298.240966796875,0.13116455078125,-0.6227264404296875,89410.421875,34.64436340332031,0.6363900996966219,34.48318990071615,35.062252044677734,-14.359375,-0.2177734375,0.0,0.0
134,central,2026-09-21T14:00:00,2026-09-21 14:00:00,0.0,0.0,297.228271484375,-0.0115203857421875,-0.87225341796875,89484.2265625,34.919212341308594,0.8723294930505421,34.607958475748696,35.06380653381348,79.0859375,-1.0126953125,0.0,0.0
134,central,2026-09-21T15:00:00,2026-09-21 15:00:00,0.0,0.0,295.77587890625,-0.07183837890625,-1.0385589599609375,89538.078125,34.80455780029297,1.0410405688535975,34.78937784830729,34.90045356750488,141.40625,-1.452392578125,0.0,0.0
134,central,2026-09-21T16:00:00,2026-09-21 16:00:00,0.0,0.0,295.914794921875,-0.094482421875,-1.1015625,89561.8515625,34.37739181518555,1.1056070140197265,34.70038731892904,34.59178860982259,151.4296875,0.138916015625,0.0,0.0
134,central,2026-09-21T17:00:00,2026-09-21 17:00:00,0.0,0.0,294.9287109375,-0.057464599609375,-1.1768798828125,89543.234375,34.00893020629883,1.1782819861039333,34.396959940592446,34.50245920817057,59.0078125,-0.986083984375,0.0,0.0
134,central,2026-09-21T18:00:00,2026-09-21 18:00:00,0.0,0.0,294.86279296875,0.0098419189453125,-1.176788330078125,89562.8828125,33.964508056640625,1.1768294851747163,34.116943359375,34.45316060384115,24.8046875,-0.06591796875,0.0,0.0
134,central,2026-09-21T19:00:00,2026-09-21 19:00:00,0.0,0.0,294.32470703125,-0.03680419921875,-1.1717681884765625,89529.3984375,34.04981231689453,1.1723460396170486,34.00775019327799,34.35406875610352,-32.453125,-0.5380859375,0.0,0.0
134,central,2026-09-21T20:00:00,2026-09-21 20:00:00,0.0,0.0,293.73876953125,-0.0769195556640625,-1.1569671630859375,89504.46875,33.963226318359375,1.1595212954071517,33.992515563964844,34.19473775227865,-38.765625,-0.5859375,0.0,0.0
134,central,2026-09-21T21:00:00,2026-09-21 21:00:00,0.0,0.0,293.544921875,-0.066162109375,-1.1789398193359375,89481.453125,33.62385940551758,1.1807948688628362,33.87896601359049,33.99795468648275,-81.4296875,-0.19384765625,0.0,0.0
134,central,2026-09-21T22:00:00,2026-09-21 22:00:00,0.0,0.0,292.703369140625,-0.13916015625,-0.8986358642578125,89447.375,33.55455017089844,0.9093469995650232,33.7138786315918,33.8608144124349,-82.0234375,-0.841552734375,0.0,0.0
134,central,2026-09-21T23:00:00,2026-09-21 23:00:00,0.0,0.0,293.227783203125,-0.0982513427734375,-1.0561065673828125,89455.46875,33.17559051513672,1.0606669637666153,33.451333363850914,33.721924463907875,-49.0,0.5244140625,0.0,0.0
134,central,2026-09-22T00:00:00,2026-09-22 00:00:00,0.0,0.0,294.74462890625,-0.1194305419921875,-1.2225341796875,89468.3359375,32.957801818847656,1.2283539696947037,33.22931416829427,33.55414009094238,-13.1171875,1.516845703125,0.0,0.0
134,central,2026-09-22T01:00:00,2026-09-22 01:00:00,0.0,0.0,294.904541015625,-0.0579376220703125,-1.44183349609375,89499.2421875,32.506431579589844,1.4429970888775514,32.87994130452474,33.296909968058266,51.8671875,0.159912109375,0.0,0.0
134,central,2026-09-22T02:00:00,2026-09-22 02:00:00,0.0,0.0,296.270263671875,-0.05584716796875,-1.31939697265625,89526.796875,31.83262634277344,1.3205783875350252,32.43228658040365,32.94180997212728,71.328125,1.36572265625,0.0,0.0
134,central,2026-09-22T03:00:00,2026-09-22 03:00:00,0.0,0.0,297.8642578125,-0.0777740478515625,-0.6377716064453125,89568.2890625,31.3274154663086,0.6424962447415952,31.88882446289063,32.559069315592446,99.953125,1.593994140625,0.0,0.0
134,central,2026-09-22T04:00:00,2026-09-22 04:00:00,0.0,0.0,298.623291015625,0.1842803955078125,0.044891357421875,89555.296875,31.098163604736328,0.189669444401818,31.419401804606125,32.14967155456543,56.0546875,0.759033203125,0.0,0.0
134,central,2026-09-22T05:00:00,2026-09-22 05:00:00,0.0,0.0,300.57763671875,0.466522216796875,0.4527130126953125,89537.484375,31.147705078125,0.6500708043196038,31.19109471638998,31.81169064839681,10.6875,1.954345703125,0.0,0.0
134,central,2026-09-22T06:00:00,2026-09-22 06:00:00,0.0,0.0,301.73828125,0.8646697998046875,0.89031982421875,89474.3125,31.507976531982425,1.241097599744349,31.25128173828125,31.570053100585938,-93.9765625,1.16064453125,0.0,0.0
134,central,2026-09-22T07:00:00,2026-09-22 07:00:00,0.0,0.0,302.036376953125,1.156402587890625,1.2967071533203125,89426.0625,32.3060302734375,1.7374453622350845,31.65390396118164,31.53665288289388,-129.234375,0.298095703125,0.0,0.0
134,central,2026-09-22T08:00:00,2026-09-22 08:00:00,0.0,0.0,302.398681640625,1.2060699462890625,1.4601898193359375,89320.09375,33.46161651611328,1.8938740781356136,32.4252077738444,31.808151245117188,-217.390625,0.3623046875,0.0,0.0
134,central,2026-09-22T09:00:00,2026-09-22 09:00:00,0.0,0.0,300.319091796875,1.1326904296875,0.961639404296875,89293.59375,34.626861572265625,1.485845871348069,33.46483612060547,32.35805892944336,-180.71875,-2.07958984375,0.0,0.0
134,central,2026-09-22T10:00:00,2026-09-22 10:00:00,0.0,0.0,299.77734375,1.53204345703125,0.6260223388671875,89212.734375,35.81447982788086,1.655010913254957,34.63431930541992,33.14411163330078,-213.328125,-0.541748046875,0.0,0.0
134,central,2026-09-22T11:00:00,2026-09-22 11:00:00,0.0,0.0,299.628662109375,1.076416015625,0.1818695068359375,89184.0859375,34.24068832397461,1.0916720918896603,34.89400990804037,33.65960884094238,-136.0078125,-0.148681640625,0.0,0.0
134,central,2026-09-22T12:00:00,2026-09-22 12:00:00,0.0,0.0,299.775390625,0.25970458984375,0.58917236328125,89155.4375,32.706565856933594,0.6438715303850013,34.25391133626302,33.85937372843424,-138.15625,0.146728515625,0.0,0.0
134,central,2026-09-22T13:00:00,2026-09-22 13:00:00,0.0,0.0,299.212646484375,-0.210113525390625,0.9215240478515624,89187.390625,33.31024169921875,0.9451741978708504,33.41916529337565,34.02674229939779,-25.34375,-0.562744140625,0.0,0.0
134,central,2026-09-22T14:00:00,2026-09-22 14:00:00,0.0,0.0,297.985107421875,-0.82611083984375,0.522216796875,89273.96875,33.85662841796875,0.9773277355348772,33.29114532470703,34.092577616373696,89.8828125,-1.2275390625,0.0,0.0
134,central,2026-09-22T15:00:00,2026-09-22 15:00:00,0.0,0.0,295.29052734375,-0.9340057373046876,-0.0861663818359375,89341.453125,34.41518020629883,0.9379719413056926,33.86068344116211,34.05729738871256,186.015625,-2.694580078125,0.0,0.0
134,central,2026-09-22T16:00:00,2026-09-22 16:00:00,0.0,0.0,295.941650390625,-0.182037353515625,-0.680450439453125,89413.3125,34.980445861816406,0.7043794422233826,34.41741816202799,33.91829172770182,225.921875,0.651123046875,0.0,0.0
134,central,2026-09-22T17:00:00,2026-09-22 17:00:00,0.0,0.0,295.744140625,-0.1454010009765625,-0.993896484375,89404.671875,33.58416748046875,1.0044758198871544,34.32659784952799,33.808871587117515,130.703125,-0.197509765625,0.0,0.0
134,central,2026-09-22T18:00:00,2026-09-22 18:00:00,0.0,0.0,294.51123046875,-0.1439971923828125,-1.2550201416015625,89405.8671875,32.84090042114258,1.2632540311591087,33.80183792114258,33.831260681152344,64.4140625,-1.23291015625,0.0,0.0
134,central,2026-09-22T19:00:00,2026-09-22 19:00:00,0.0,0.0,294.83984375,-0.11199951171875,-1.3650665283203125,89390.578125,31.883899688720703,1.3696534296550018,32.76965586344401,33.593537012736,-22.734375,0.32861328125,0.0,0.0
134,central,2026-09-22T20:00:00,2026-09-22 20:00:00,0.0,0.0,294.154052734375,-0.08203125,-1.33538818359375,89352.90625,30.60847282409668,1.3379053504857426,31.77775764465332,33.05217774709066,-51.765625,-0.685791015625,0.0,0.0
134,central,2026-09-22T21:00:00,2026-09-22 21:00:00,0.0,0.0,293.844970703125,-0.0576934814453125,-1.343719482421875,89322.46875,29.67671585083008,1.3449574659599437,30.723029454549152,32.26243368784587,-83.3984375,-0.30908203125,0.0,0.0
134,central,2026-09-22T22:00:00,2026-09-22 22:00:00,0.0,0.0,293.27734375,-0.0090484619140625,-1.0739288330078125,89316.671875,29.79481506347656,1.0739669515532273,30.026667912801106,31.39816188812256,-73.90625,-0.567626953125,0.0,0.0
134,central,2026-09-22T23:00:00,2026-09-22 23:00:00,0.0,0.0,293.363037109375,0.0490264892578125,-1.299835205078125,89311.46875,29.144023895263672,1.300759453938136,29.53851826985677,30.658137957255047,-41.4375,0.085693359375,0.0,0.0
134,central,2026-09-23T00:00:00,2026-09-23 00:00:00,0.0,0.0,294.99609375,0.10748291015625,-1.540618896484375,89321.9296875,28.50545120239257,1.5443636748448826,29.148096720377605,29.93556308746337,-0.5390625,1.633056640625,0.0,0.0
134,central,2026-09-23T01:00:00,2026-09-23 01:00:00,0.0,0.0,295.173095703125,-0.0167236328125,-1.5516510009765625,89366.328125,27.81863021850586,1.5517411216842891,28.489368438720703,29.258018175760903,49.65625,0.177001953125,0.0,0.0
134,central,2026-09-23T02:00:00,2026-09-23 02:00:00,0.0,0.0,296.1923828125,-0.105194091796875,-1.405792236328125,89442.7578125,27.412273406982425,1.409722528964264,27.912118275960285,28.725318272908527,131.2890625,1.019287109375,0.0,0.0
134,central,2026-09-23T03:00:00,2026-09-23 03:00:00,0.0,0.0,297.286376953125,-0.2210845947265625,-0.639129638671875,89525.953125,27.48884963989257,0.6762877294866807,27.573251088460285,28.36067390441894,204.0234375,1.093994140625,0.0,0.0
134,central,2026-09-23T04:00:00,2026-09-23 04:00:00,0.0,0.0,298.087158203125,-0.199127197265625,0.33770751953125,89538.6484375,27.869956970214844,0.392043376986288,27.590360005696613,28.03986422220866,172.3203125,0.80078125,0.0,0.0
134,central,2026-09-23T05:00:00,2026-09-23 05:00:00,0.0,0.0,299.930419921875,-0.111053466796875,1.138214111328125,89557.71875,28.5661735534668,1.1436189206698524,27.97499338785808,27.94355583190918,114.9609375,1.84326171875,0.0,0.0
134,central,2026-09-23T06:00:00,2026-09-23 06:00:00,0.0,0.0,300.943603515625,-0.0807952880859375,1.72210693359375,89499.515625,29.5774040222168,1.7240012091957937,28.671178181966145,28.12221463521321,-26.4375,1.01318359375,0.0,0.0
134,central,2026-09-23T07:00:00,2026-09-23 07:00:00,0.0,0.0,301.461181640625,-0.305938720703125,1.661468505859375,89486.25,30.10730743408203,1.6894011059508778,29.416961669921875,28.50366083780925,-52.3984375,0.517578125,0.0,0.0
138,central,2026-09-18T05:00:00,2026-09-18 05:00:00,0.0,0.0,293.86767578125,0.4200897216796875,0.7967071533203125,81025.9375,13.594228744506836,0.9006762250735129,13.829991340637209,14.683225472768148,129.125,3.187744140625,0.0,0.0
138,central,2026-09-18T06:00:00,2026-09-18 06:00:00,0.0,0.0,294.898681640625,0.77191162109375,1.1126708984375,81013.40625,13.870965003967283,1.354209761820263,13.753055254618326,14.251855850219728,64.7109375,1.031005859375,0.0,0.0
138,central,2026-09-18T07:00:00,2026-09-18 07:00:00,0.0,0.0,295.096435546875,0.99658203125,1.056243896484375,81030.5625,14.459100723266602,1.4521800555960238,13.974764823913574,14.080838203430176,69.0,0.19775390625,0.0,0.0
138,central,2026-09-18T08:00:00,2026-09-18 08:00:00,0.0,0.0,296.23046875,1.1020355224609375,0.8072052001953125,80957.6953125,15.094615936279297,1.366038992118492,14.474893887837728,14.152442614237469,-68.2421875,1.134033203125,0.0,0.0
138,central,2026-09-18T09:00:00,2026-09-18 09:00:00,0.0,0.0,296.322265625,1.1194610595703125,0.5272369384765625,80929.4375,15.689720153808594,1.237405290593355,15.081145604451498,14.417100429534912,-83.96875,0.091796875,0.0,0.0
138,central,2026-09-18T10:00:00,2026-09-18 10:00:00,0.0,0.0,295.083984375,0.7678070068359375,0.97406005859375,80928.453125,15.960586547851562,1.2402905294704225,15.58164087931315,14.778202851613363,-102.109375,-1.23828125,0.0,0.0
138,central,2026-09-18T11:00:00,2026-09-18 11:00:00,0.0,0.0,294.92626953125,0.8129119873046875,0.8829193115234375,80891.125,17.215858459472656,1.2001551607040972,16.288721720377605,15.381807804107666,-66.5703125,-0.15771484375,0.0,0.0
138,central,2026-09-18T12:00:00,2026-09-18 12:00:00,0.0,0.0,294.747314453125,0.7099456787109375,0.2863616943359375,80889.921875,17.17243194580078,0.7655232763954879,16.782958984375,15.932052294413248,-39.515625,-0.178955078125,0.0,0.0
138,central,2026-09-18T13:00:00,2026-09-18 13:00:00,0.0,0.0,294.804443359375,0.6222076416015625,-0.4051971435546875,80937.390625,16.5557918548584,0.7425140230408154,16.981360753377277,16.281500816345215,8.9375,0.05712890625,0.0,0.0
138,central,2026-09-18T14:00:00,2026-09-18 14:00:00,0.0,0.0,293.22021484375,-0.0987548828125,-0.7610626220703125,80978.421875,15.298572540283203,0.7674430542990469,16.342265446980793,16.3154935836792,87.296875,-1.584228515625,0.0,0.0
138,central,2026-09-18T15:00:00,2026-09-18 15:00:00,0.0,0.0,291.72802734375,-0.1595611572265625,-0.2796478271484375,80998.3984375,14.529745101928713,0.3219668773714498,15.461369832356771,16.122164408365887,108.4765625,-1.4921875,0.0,0.0
138,central,2026-09-18T16:00:00,2026-09-18 16:00:00,0.0,0.0,291.982177734375,-0.2397613525390625,-0.39617919921875,81025.921875,14.090824127197266,0.4630804077749031,14.639713923136393,15.810537338256836,88.53125,0.254150390625,0.0,0.0
138,central,2026-09-18T17:00:00,2026-09-18 17:00:00,0.0,0.0,290.53515625,-0.3899993896484375,-0.4942474365234375,81069.484375,13.670239448547363,0.6295872079673659,14.096936225891112,15.219600836435951,91.0625,-1.447021484375,0.0,0.0
138,central,2026-09-18T18:00:00,2026-09-18 18:00:00,0.0,0.0,290.0107421875,-0.5196685791015625,-0.507659912109375,81046.796875,13.013330459594728,0.7264805699179678,13.591464678446451,14.526417255401611,48.3984375,-0.5244140625,0.0,0.0
138,central,2026-09-18T19:00:00,2026-09-18 19:00:00,0.0,0.0,289.1630859375,-0.494598388671875,-0.487823486328125,81048.203125,12.41947078704834,0.6946936878150984,13.03434689839681,13.837030410766602,22.28125,-0.84765625,0.0,0.0
138,central,2026-09-18T20:00:00,2026-09-18 20:00:00,0.0,0.0,288.22314453125,-0.4948272705078125,-0.53851318359375,81036.6015625,11.984328269958496,0.7313347226424353,12.472376505533854,13.284656365712484,-32.8828125,-0.93994140625,0.0,0.0
138,central,2026-09-18T21:00:00,2026-09-18 21:00:00,0.0,0.0,288.171630859375,-0.5215301513671875,-0.6223297119140625,81030.3125,11.610390663146973,0.8119654974911936,12.004729906717936,12.798097292582192,-16.484375,-0.051513671875,0.0,0.0
138,central,2026-09-18T22:00:00,2026-09-18 22:00:00,0.0,0.0,287.003173828125,-0.582794189453125,-0.7026824951171875,81032.125,11.865768432617188,0.9129138821402822,11.820162455240885,12.427254676818848,-16.078125,-1.16845703125,0.0,0.0
138,central,2026-09-18T23:00:00,2026-09-18 23:00:00,0.0,0.0,286.899169921875,-0.660125732421875,-0.4563446044921875,81072.96875,11.581634521484377,0.8025063119095376,11.685931205749512,12.079153855641684,36.3671875,-0.10400390625,0.0,0.0
138,central,2026-09-19T00:00:00,2026-09-19 00:00:00,0.0,0.0,287.203857421875,-0.631744384765625,-0.4770965576171875,81087.640625,11.576650619506836,0.7916578130562903,11.674684524536133,11.839707215627037,57.328125,0.3046875,0.0,0.0
138,central,2026-09-19T01:00:00,2026-09-19 01:00:00,0.0,0.0,286.75634765625,-0.6917724609375,-0.570953369140625,81160.421875,11.783989906311035,0.8969598025801132,11.647425015767416,11.73379373550415,128.296875,-0.447509765625,0.0,0.0
138,central,2026-09-19T02:00:00,2026-09-19 02:00:00,0.0,0.0,288.63232421875,-0.7273712158203125,-0.807464599609375,81209.09375,11.886432647705078,1.0867695087856706,11.749024391174316,11.717477798461914,136.125,1.8759765625,0.0,0.0
138,central,2026-09-19T03:00:00,2026-09-19 03:00:00,0.0,0.0,290.9912109375,-0.6672210693359375,-0.0721893310546875,81276.125,11.954822540283203,0.6711149341833448,11.875081698099772,11.774883111317951,188.484375,2.35888671875,0.0,0.0
138,central,2026-09-19T04:00:00,2026-09-19 04:00:00,0.0,0.0,291.59619140625,-0.205657958984375,0.6419219970703125,81285.859375,12.171457290649414,0.674061604318446,12.004237492879232,11.825831254323324,125.4375,0.60498046875,0.0,0.0
138,central,2026-09-19T05:00:00,2026-09-19 05:00:00,0.0,0.0,294.3115234375,0.2553253173828125,0.899505615234375,81308.9765625,12.539229393005373,0.9350408384315656,12.22183640797933,11.985430399576822,99.8828125,2.71533203125,0.0,0.0
138,central,2026-09-19T06:00:00,2026-09-19 06:00:00,0.0,0.0,295.484619140625,0.5303497314453125,1.02093505859375,81287.84375,13.066850662231444,1.1504691354008325,12.592512448628744,12.233797073364258,11.71875,1.173095703125,0.0,0.0
138,central,2026-09-19T07:00:00,2026-09-19 07:00:00,0.0,0.0,295.519287109375,0.7655181884765625,1.0483551025390625,81251.484375,13.62298583984375,1.2981011200627346,13.07635529836019,12.54029639561971,-34.375,0.03466796875,0.0,0.0
138,central,2026-09-19T08:00:00,2026-09-19 08:00:00,0.0,0.0,296.531494140625,0.8946990966796875,1.040252685546875,81172.6171875,14.133293151855469,1.3720831328264824,13.607709884643556,12.91477314631144,-136.359375,1.01220703125,0.0,0.0
138,central,2026-09-19T09:00:00,2026-09-19 09:00:00,0.0,0.0,295.83251953125,1.1339111328125,0.8968048095703125,81125.59375,14.507442474365234,1.4456878375308313,14.087907155354818,13.34020980199178,-162.25,-0.698974609375,0.0,0.0
138,central,2026-09-19T10:00:00,2026-09-19 10:00:00,0.0,0.0,295.982177734375,1.3317718505859375,1.1802520751953125,81066.3515625,14.690738677978516,1.779497463616044,14.443824768066406,13.760090033213295,-185.1328125,0.149658203125,0.0,0.0
138,central,2026-09-19T11:00:00,2026-09-19 11:00:00,0.0,0.0,295.534912109375,1.088348388671875,0.698333740234375,81051.125,15.59759521484375,1.2931249854033438,14.931925455729166,14.26981767018636,-121.4921875,-0.447265625,0.0,0.0
138,central,2026-09-19T12:00:00,2026-09-19 12:00:00,0.0,0.0,294.908447265625,0.8116912841796875,0.348602294921875,81105.703125,16.154911041259766,0.8833834393048514,15.48108164469401,14.784494400024414,-19.890625,-0.62646484375,0.0,0.0
138,central,2026-09-19T13:00:00,2026-09-19 13:00:00,0.0,0.0,295.17724609375,0.679656982421875,0.288726806640625,81135.421875,16.45465087890625,0.7384421322132844,16.06905237833659,15.256438573201498,69.0703125,0.268798828125,0.0,0.0
138,central,2026-09-19T14:00:00,2026-09-19 14:00:00,0.0,0.0,293.478515625,0.12890625,-0.212738037109375,81189.34375,16.07678985595703,0.2487454396008343,16.228783925374348,15.580354690551758,138.21875,-1.69873046875,0.0,0.0
138,central,2026-09-19T15:00:00,2026-09-19 15:00:00,0.0,0.0,291.59033203125,-0.4740753173828125,-0.6992034912109375,81254.46875,15.375629425048828,0.8447679732761997,15.96902338663737,15.72505251566569,148.765625,-1.88818359375,0.0,0.0
138,central,2026-09-19T16:00:00,2026-09-19 16:00:00,0.0,0.0,290.70556640625,-0.589324951171875,-0.583526611328125,81293.46875,14.747772216796877,0.8293414280028567,15.400063832600912,15.73455810546875,158.046875,-0.884765625,0.0,0.0
138,central,2026-09-19T17:00:00,2026-09-19 17:00:00,0.0,0.0,289.13671875,-0.5354766845703125,-0.500946044921875,81328.8046875,14.40764617919922,0.7332681771639099,14.843682607014976,15.536233266194662,139.4609375,-1.56884765625,0.0,0.0
138,central,2026-09-19T18:00:00,2026-09-19 18:00:00,0.0,0.0,288.460693359375,-0.5384521484375,-0.4980621337890625,81338.3125,14.277442932128906,0.7334825187224802,14.477620442708334,15.223321914672852,83.84375,-0.676025390625,0.0,0.0
138,central,2026-09-19T19:00:00,2026-09-19 19:00:00,0.0,0.0,288.20849609375,-0.488616943359375,-0.4961090087890625,81344.765625,14.203119277954102,0.6963265512240107,14.296069463094076,14.848066647847494,51.296875,-0.252197265625,0.0,0.0
138,central,2026-09-19T20:00:00,2026-09-19 20:00:00,0.0,0.0,287.2216796875,-0.4671173095703125,-0.4656524658203125,81317.34375,14.048023223876951,0.659568646787235,14.17619514465332,14.509938875834148,-11.4609375,-0.98681640625,0.0,0.0
138,central,2026-09-19T21:00:00,2026-09-19 21:00:00,0.0,0.0,287.3291015625,-0.4901275634765625,-0.4276275634765625,81320.1171875,13.80415153503418,0.6504539657226892,14.018431345621744,14.24802589416504,-18.1953125,0.107421875,0.0,0.0
138,central,2026-09-19T22:00:00,2026-09-19 22:00:00,0.0,0.0,286.384033203125,-0.4808807373046875,-0.5926513671875,81285.84375,14.104328155517578,0.7632050357144617,13.985500971476236,14.140785217285156,-58.921875,-0.945068359375,0.0,0.0
138,central,2026-09-19T23:00:00,2026-09-19 23:00:00,0.0,0.0,286.318359375,-0.6563873291015625,-0.6921539306640625,81350.453125,14.366920471191406,0.9538979974498294,14.091800053914389,14.133997599283854,33.109375,-0.065673828125,0.0,0.0
138,central,2026-09-20T00:00:00,2026-09-20 00:00:00,0.0,0.0,287.107666015625,-0.6702117919921875,-0.59454345703125,81336.296875,14.793649673461914,0.8959161614928314,14.421632766723633,14.22003205617269,16.1796875,0.789306640625,0.0,0.0
138,central,2026-09-20T01:00:00,2026-09-20 01:00:00,0.0,0.0,286.56787109375,-0.62322998046875,-0.458770751953125,81382.84375,15.016277313232422,0.7738773878352527,14.725615819295248,14.355558395385742,97.0,-0.539794921875,0.0,0.0
138,central,2026-09-20T02:00:00,2026-09-20 02:00:00,0.0,0.0,289.048583984375,-0.60650634765625,-0.8246307373046875,81425.9609375,15.065624237060549,1.0236531652151506,14.95851707458496,14.525158564249674,75.5078125,2.480712890625,0.0,0.0
138,central,2026-09-20T03:00:00,2026-09-20 03:00:00,0.0,0.0,291.7119140625,-0.4940185546875,-0.3746185302734375,81470.03125,15.098030090332031,0.6199946577187233,15.059977213541666,14.74080499013265,133.734375,2.663330078125,0.0,0.0
138,central,2026-09-20T04:00:00,2026-09-20 04:00:00,0.0,0.0,292.513916015625,-0.1324310302734375,0.2317657470703125,81475.234375,15.339025497436523,0.2669332112989018,15.1675599416097,14.946587880452476,92.390625,0.802001953125,0.0,0.0
138,central,2026-09-20T05:00:00,2026-09-20 05:00:00,0.0,0.0,295.7978515625,0.233489990234375,0.5391998291015625,81490.0703125,15.773019790649414,0.5875832121859871,15.403358459472656,15.180937767028809,64.109375,3.283935546875,0.0,0.0
138,central,2026-09-20T06:00:00,2026-09-20 06:00:00,0.0,0.0,297.102294921875,0.40289306640625,0.8940582275390625,81470.1484375,16.426273345947266,0.9806441440137807,15.8461062113444,15.453041712443031,0.1171875,1.304443359375,0.0,0.0
138,central,2026-09-20T07:00:00,2026-09-20 07:00:00,0.0,0.0,297.241455078125,0.48187255859375,1.067047119140625,81472.2421875,17.493206024169922,1.1708077199916278,16.5641663869222,15.865863164265951,-2.9921875,0.13916015625,0.0,0.0
138,central,2026-09-20T08:00:00,2026-09-20 08:00:00,0.0,0.0,298.393798828125,0.6312713623046875,0.9192962646484376,81402.7890625,18.61707305908203,1.1151722535387016,17.512184143066406,16.45777130126953,-87.28125,1.15234375,0.0,0.0
138,central,2026-09-20T09:00:00,2026-09-20 09:00:00,0.0,0.0,298.243408203125,0.4620513916015625,0.89410400390625,81330.328125,19.387828826904297,1.0064360179773617,18.49936930338541,17.17273775736491,-139.8203125,-0.150390625,0.0,0.0
138,central,2026-09-20T10:00:00,2026-09-20 10:00:00,0.0,0.0,296.48095703125,1.32940673828125,0.8634033203125,81270.359375,22.1636962890625,1.5851774567266093,20.05619939168294,18.31018288930257,-201.8828125,-1.762451171875,0.0,0.0
138,central,2026-09-20T11:00:00,2026-09-20 11:00:00,0.0,0.0,295.709716796875,0.7856597900390625,0.936676025390625,81283.359375,23.34073066711425,1.2225478650039852,21.630751927693684,19.571468035380047,-119.4296875,-0.771240234375,0.0,0.0
138,central,2026-09-20T12:00:00,2026-09-20 12:00:00,0.0,0.0,295.42822265625,0.2940826416015625,0.57757568359375,81294.53125,24.01227569580078,0.6481344539292296,23.172234217325848,20.83580176035564,-35.796875,-0.281494140625,0.0,0.0
138,central,2026-09-20T13:00:00,2026-09-20 13:00:00,0.0,0.0,295.640869140625,0.1802520751953125,0.07421875,81286.765625,23.768966674804688,0.1949339207623421,23.70732434590657,21.88176186879476,16.40625,0.212646484375,0.0,0.0
138,central,2026-09-20T14:00:00,2026-09-20 14:00:00,0.0,0.0,294.203125,-0.1254425048828125,0.455047607421875,81343.2890625,23.00122833251953,0.4720213417332391,23.594156901041668,22.61245441436768,59.9296875,-1.437744140625,0.0,0.0
138,central,2026-09-20T15:00:00,2026-09-20 15:00:00,0.0,0.0,292.592529296875,-0.6295318603515625,-0.4649810791015625,81389.671875,22.60689163208008,0.7826351430393046,23.125695546468098,23.148964881896973,95.140625,-1.610595703125,0.0,0.0
138,central,2026-09-20T16:00:00,2026-09-20 16:00:00,0.0,0.0,291.71240234375,-0.691650390625,-0.5446929931640625,81418.296875,22.4062614440918,0.880381008230948,22.6714604695638,23.189392407735188,131.53125,-0.880126953125,0.0,0.0
138,central,2026-09-20T17:00:00,2026-09-20 17:00:00,0.0,0.0,290.107666015625,-0.747467041015625,-0.6993408203125,81457.7734375,22.512615203857425,1.0236134819159106,22.50858942667644,23.05137316385905,114.484375,-1.604736328125,0.0,0.0
138,central,2026-09-20T18:00:00,2026-09-20 18:00:00,0.0,0.0,289.977294921875,-0.7345733642578125,-0.7977294921875,81443.53125,22.47880744934082,1.084421675448609,22.465894699096683,22.79579512278239,53.859375,-0.13037109375,0.0,0.0
138,central,2026-09-20T19:00:00,2026-09-20 19:00:00,0.0,0.0,289.78955078125,-0.5977020263671875,-0.642913818359375,81429.828125,22.35271072387696,0.8778302171609688,22.44804445902507,22.55975246429444,11.53125,-0.187744140625,0.0,0.0
138,central,2026-09-20T20:00:00,2026-09-20 20:00:00,0.0,0.0,288.784912109375,-0.5385284423828125,-0.551177978515625,81365.65625,21.88296890258789,0.7705907131907501,22.23816235860189,22.37337589263916,-92.1171875,-1.004638671875,0.0,0.0
138,central,2026-09-20T21:00:00,2026-09-20 21:00:00,0.0,0.0,288.36865234375,-0.5746612548828125,-0.46759033203125,81344.265625,21.35334014892578,0.7408618470893095,21.86300659179688,22.164450645446777,-99.265625,-0.416259765625,0.0,0.0
138,central,2026-09-20T22:00:00,2026-09-20 22:00:00,0.0,0.0,287.235107421875,-0.4928131103515625,-0.7323760986328125,81323.28125,20.93985366821289,0.8827454398539821,21.39205423990885,21.92004934946696,-106.546875,-1.133544921875,0.0,0.0
138,central,2026-09-20T23:00:00,2026-09-20 23:00:00,0.0,0.0,287.150390625,-0.6351318359375,-0.5835723876953125,81346.828125,20.685630798339844,0.8625248870042809,20.99294153849284,21.615551948547363,-18.828125,-0.084716796875,0.0,0.0
138,central,2026-09-21T00:00:00,2026-09-21 00:00:00,0.0,0.0,288.8193359375,-0.63641357421875,-0.6822967529296875,81316.21875,20.068050384521484,0.9330332772780826,20.56451161702474,21.21375910441081,-28.046875,1.6689453125,0.0,0.0
138,central,2026-09-21T01:00:00,2026-09-21 01:00:00,0.0,0.0,288.662109375,-0.628631591796875,-0.6804656982421875,81291.921875,18.951509475708008,0.9263969153064472,19.90173021952312,20.646892229715984,-31.359375,-0.1572265625,0.0,0.0
138,central,2026-09-21T02:00:00,2026-09-21 02:00:00,0.0,0.0,290.50927734375,-0.620697021484375,-0.8921051025390625,81292.5625,17.877843856811523,1.0867917493502637,18.965801239013672,19.97937138875325,-54.265625,1.84716796875,0.0,0.0
138,central,2026-09-21T03:00:00,2026-09-21 03:00:00,0.0,0.0,293.07421875,-0.06146240234375,-0.154571533203125,81294.1484375,17.34685516357422,0.1663429763429456,18.058736165364586,19.31162389119466,-22.0703125,2.56494140625,0.0,0.0
138,central,2026-09-21T04:00:00,2026-09-21 04:00:00,0.0,0.0,293.25634765625,0.5508880615234375,0.489501953125,81299.0390625,17.243104934692383,0.7369462792105272,17.489267985026043,18.69549910227457,7.1171875,0.18212890625,0.0,0.0
138,central,2026-09-21T05:00:00,2026-09-21 05:00:00,0.0,0.0,295.85498046875,0.992767333984375,0.76043701171875,81307.9453125,17.271209716796875,1.250540454450869,17.28705660502116,18.12642892201741,15.3828125,2.5986328125,0.0,0.0
138,central,2026-09-21T06:00:00,2026-09-21 06:00:00,0.0,0.0,296.63037109375,1.16363525390625,0.9034576416015624,81278.125,17.370243072509766,1.47318794262705,17.29485257466634,17.67679437001546,-16.0234375,0.775390625,0.0,0.0
138,central,2026-09-21T07:00:00,2026-09-21 07:00:00,0.0,0.0,296.99267578125,1.13885498046875,0.7884521484375,81202.7734375,17.722999572753906,1.3851525031252647,17.454817454020183,17.472042719523113,-96.265625,0.3623046875,0.0,0.0
138,central,2026-09-21T08:00:00,2026-09-21 08:00:00,0.0,0.0,297.73291015625,1.170623779296875,0.5403594970703125,81160.3515625,18.11398696899414,1.2893209137873238,17.735743204752605,17.511399904886883,-147.59375,0.740234375,0.0,0.0
138,central,2026-09-21T09:00:00,2026-09-21 09:00:00,0.0,0.0,297.732421875,1.121795654296875,1.41595458984375,81045.171875,18.600107192993164,1.8064752670598443,18.1456979115804,17.72027524312337,-232.953125,-0.00048828125,0.0,0.0
138,central,2026-09-21T10:00:00,2026-09-21 10:00:00,0.0,0.0,295.9111328125,0.9538726806640624,1.1432037353515625,80951.28125,18.797740936279297,1.488888132614069,18.50394503275553,17.97938124338786,-251.4921875,-1.8212890625,0.0,0.0
138,central,2026-09-21T11:00:00,2026-09-21 11:00:00,0.0,0.0,295.352783203125,1.6136474609375,0.6829071044921875,81051.640625,20.772445678710938,1.752204394914002,19.390097935994465,18.56292057037353,-108.7109375,-0.558349609375,0.0,0.0
138,central,2026-09-21T12:00:00,2026-09-21 12:00:00,0.0,0.0,294.682373046875,1.180938720703125,0.3519134521484375,81067.171875,22.107955932617188,1.23225782199139,20.55938084920248,19.35253938039144,22.0,-0.67041015625,0.0,0.0
138,central,2026-09-21T13:00:00,2026-09-21 13:00:00,0.0,0.0,294.278076171875,0.30792236328125,0.7322540283203125,81045.421875,21.016433715820312,0.7943627281035001,21.29894510904948,19.901445070902508,94.140625,-0.404296875,0.0,0.0
138,central,2026-09-21T14:00:00,2026-09-21 14:00:00,0.0,0.0,293.495849609375,-0.6311492919921875,0.45294189453125,81108.2265625,20.29030418395996,0.7768563500440719,21.13823127746582,20.264164606730144,56.5859375,-0.7822265625,0.0,0.0
138,central,2026-09-21T15:00:00,2026-09-21 15:00:00,0.0,0.0,292.40185546875,-0.80572509765625,-0.4814300537109375,81126.578125,19.3143253326416,0.938598865122524,20.20702107747396,20.38320096333821,59.40625,-1.093994140625,0.0,0.0
138,central,2026-09-21T16:00:00,2026-09-21 16:00:00,0.0,0.0,292.781005859375,-0.704345703125,-0.4775390625,81148.8515625,18.388134002685547,0.8509679346039012,19.330921173095703,20.31493314107259,103.4296875,0.379150390625,0.0,0.0
138,central,2026-09-21T17:00:00,2026-09-21 17:00:00,0.0,0.0,291.0712890625,-0.600921630859375,-0.3653564453125,81146.734375,17.661273956298828,0.7032724497419736,18.454577763875324,19.79640452067057,38.5078125,-1.709716796875,0.0,0.0
138,central,2026-09-21T18:00:00,2026-09-21 18:00:00,0.0,0.0,290.66748046875,-0.5350799560546875,-0.319854736328125,81174.3828125,17.135408401489258,0.6233920209009902,17.72827212015788,18.96764659881592,47.8046875,-0.40380859375,0.0,0.0
138,central,2026-09-21T19:00:00,2026-09-21 19:00:00,0.0,0.0,289.87548828125,-0.61492919921875,-0.4828033447265625,81140.3984375,16.69043731689453,0.7818164680607393,17.162373224894207,18.24664719899496,-8.453125,-0.7919921875,0.0,0.0
138,central,2026-09-21T20:00:00,2026-09-21 20:00:00,0.0,0.0,289.25927734375,-0.6330718994140625,-0.6135101318359375,81123.96875,16.144865036010742,0.881575131054114,16.656903584798176,17.55574067433675,-22.765625,-0.6162109375,0.0,0.0
138,central,2026-09-21T21:00:00,2026-09-21 21:00:00,0.0,0.0,288.75390625,-0.584716796875,-0.5549163818359375,81100.953125,15.488117218017578,0.8061178098625833,16.10780652364095,16.918039321899414,-73.4296875,-0.50537109375,0.0,0.0
138,central,2026-09-21T22:00:00,2026-09-21 22:00:00,0.0,0.0,287.683837890625,-0.54296875,-0.5866241455078125,81066.375,15.303571701049805,0.7993390717144594,15.64551798502604,16.403945604960125,-74.0234375,-1.070068359375,0.0,0.0
138,central,2026-09-21T23:00:00,2026-09-21 23:00:00,0.0,0.0,287.643798828125,-0.5494232177734375,-0.7582550048828125,81087.96875,15.394338607788086,0.9363848165462488,15.395342508951822,16.026123046875,-36.0,-0.0400390625,0.0,0.0
138,central,2026-09-22T00:00:00,2026-09-22 00:00:00,0.0,0.0,288.36376953125,-0.6038055419921875,-0.6766357421875,81109.8359375,15.556436538696287,0.9068721299864212,15.418115615844728,15.762961069742838,8.8828125,0.719970703125,0.0,0.0
138,central,2026-09-22T01:00:00,2026-09-22 01:00:00,0.0,0.0,287.936767578125,-0.7019805908203125,-0.59710693359375,81122.7421875,15.022056579589844,0.9215820310933618,15.32427724202474,15.48489761352539,56.3671875,-0.427001953125,0.0,0.0
138,central,2026-09-22T02:00:00,2026-09-22 02:00:00,0.0,0.0,289.149169921875,-0.72674560546875,-0.93365478515625,81143.796875,14.150009155273438,1.1831612032657697,14.90950075785319,15.152421633402506,55.828125,1.21240234375,0.0,0.0
138,central,2026-09-22T03:00:00,2026-09-22 03:00:00,0.0,0.0,292.4453125,-0.5182037353515625,-0.1446075439453125,81165.7890625,13.43776512145996,0.5380022798262176,14.203276952107748,14.810696283976236,55.953125,3.296142578125,0.0,0.0
138,central,2026-09-22T04:00:00,2026-09-22 04:00:00,0.0,0.0,293.173095703125,0.1486358642578125,0.505828857421875,81157.296875,13.118671417236328,0.5272148074024348,13.568815231323242,14.44654623667399,34.5546875,0.727783203125,0.0,0.0
138,central,2026-09-22T05:00:00,2026-09-22 05:00:00,0.0,0.0,296.19873046875,0.579315185546875,0.6734161376953125,81167.984375,13.100831031799316,0.8883104067349894,13.2190891901652,14.064294974009195,24.1875,3.025634765625,0.0,0.0
138,central,2026-09-22T06:00:00,2026-09-22 06:00:00,0.0,0.0,296.97265625,0.8788299560546875,0.77313232421875,81115.3125,13.112467765808104,1.1705023205491607,13.11065673828125,13.656966845194498,-50.4765625,0.77392578125,0.0,0.0
138,central,2026-09-22T07:00:00,2026-09-22 07:00:00,0.0,0.0,297.110595703125,1.029449462890625,0.8445587158203125,81086.0625,13.3802490234375,1.3315575921130305,13.19784927368164,13.38333225250244,-71.234375,0.137939453125,0.0,0.0
138,central,2026-09-22T08:00:00,2026-09-22 08:00:00,0.0,0.0,297.656494140625,1.2314605712890625,0.6852874755859375,81017.09375,13.957708358764648,1.40929559100798,13.483475049336752,13.351282119750977,-150.890625,0.5458984375,0.0,0.0
138,central,2026-09-22T09:00:00,2026-09-22 09:00:00,0.0,0.0,297.471435546875,1.1517333984375,0.546112060546875,80958.59375,14.551664352416992,1.274648266680321,13.963207244873049,13.536931991577148,-156.71875,-0.18505859375,0.0,0.0
138,central,2026-09-22T10:00:00,2026-09-22 10:00:00,0.0,0.0,295.884765625,1.36016845703125,0.6133270263671875,80891.234375,14.61135482788086,1.4920550501825287,14.373575846354166,13.785712560017904,-194.828125,-1.586669921875,0.0,0.0
138,central,2026-09-22T11:00:00,2026-09-22 11:00:00,0.0,0.0,295.598388671875,0.988037109375,0.7770843505859375,80874.5859375,15.18307113647461,1.2570113036196906,14.78203010559082,14.132752577463783,-142.5078125,-0.286376953125,0.0,0.0
138,central,2026-09-22T12:00:00,2026-09-22 12:00:00,0.0,0.0,295.3173828125,0.57171630859375,0.40704345703125,80854.9375,15.497581481933594,0.7018147287026791,15.097335815429688,14.530271530151367,-103.65625,-0.281005859375,0.0,0.0
138,central,2026-09-22T13:00:00,2026-09-22 13:00:00,0.0,0.0,295.924560546875,0.348480224609375,0.0924224853515625,80849.890625,15.805356979370115,0.3605279222783725,15.495336532592772,14.93445618947347,-41.34375,0.607177734375,0.0,0.0
138,central,2026-09-22T14:00:00,2026-09-22 14:00:00,0.0,0.0,294.213623046875,-0.32855224609375,-0.377685546875,80897.96875,15.323423385620115,0.5005925995572806,15.542120615641274,15.162075360616043,23.3828125,-1.7109375,0.0,0.0
138,central,2026-09-22T15:00:00,2026-09-22 15:00:00,0.0,0.0,291.71728515625,-0.6791229248046875,-0.6379241943359375,80936.953125,14.671039581298828,0.93174847717312,15.266606648763018,15.181971232096352,82.015625,-2.496337890625,0.0,0.0
138,central,2026-09-22T16:00:00,2026-09-22 16:00:00,0.0,0.0,291.390869140625,-0.685943603515625,-0.624786376953125,80972.3125,14.027321815490724,0.9278343839447928,14.673928260803224,15.084632396697998,122.421875,-0.326416015625,0.0,0.0
138,central,2026-09-22T17:00:00,2026-09-22 17:00:00,0.0,0.0,290.572265625,-0.7210845947265625,-0.534912109375,80990.171875,13.369325637817385,0.8978273539539675,14.022562344868978,14.782341480255129,92.203125,-0.818603515625,0.0,0.0
138,central,2026-09-22T18:00:00,2026-09-22 18:00:00,0.0,0.0,290.00830078125,-0.7743682861328125,-0.4864654541015625,80994.8671875,12.829182624816896,0.914491596791632,13.408610026041666,14.337608337402344,57.9140625,-0.56396484375,0.0,0.0
138,central,2026-09-22T19:00:00,2026-09-22 19:00:00,0.0,0.0,289.935546875,-0.68524169921875,-0.5144805908203125,80995.078125,12.46397876739502,0.8568818265542908,12.887495676676432,13.780711968739828,22.765625,-0.07275390625,0.0,0.0
138,central,2026-09-22T20:00:00,2026-09-22 20:00:00,0.0,0.0,288.856201171875,-0.6142578125,-0.46136474609375,80975.40625,12.15339469909668,0.7682252854179141,12.482185363769531,13.252373854319258,-14.765625,-1.079345703125,0.0,0.0
138,central,2026-09-22T21:00:00,2026-09-22 21:00:00,0.0,0.0,288.594970703125,-0.5796661376953125,-0.501434326171875,80946.46875,11.751911163330078,0.766452356414959,12.12309487660726,12.765852451324465,-48.3984375,-0.26123046875,0.0,0.0
138,central,2026-09-22T22:00:00,2026-09-22 22:00:00,0.0,0.0,286.353515625,-0.4553375244140625,-0.5504913330078125,80968.671875,14.322158813476562,0.714403925560495,12.742488225301107,12.81499195098877,-26.40625,-2.241455078125,0.0,0.0
138,central,2026-09-22T23:00:00,2026-09-22 23:00:00,0.0,0.0,286.153076171875,-0.5066375732421875,-0.262237548828125,80937.46875,14.430156707763672,0.5704823946767473,13.501408894856771,12.99179712931315,-37.9375,-0.200439453125,0.0,0.0
138,central,2026-09-23T00:00:00,2026-09-23 00:00:00,0.0,0.0,287.6044921875,-0.61468505859375,-0.464935302734375,80978.4296875,14.809162139892578,0.7707156135612583,14.520492553710938,13.321793715159098,31.9609375,1.451416015625,0.0,0.0
138,central,2026-09-23T01:00:00,2026-09-23 01:00:00,0.0,0.0,287.744384765625,-0.7515869140625,-0.6434478759765625,81000.828125,14.79714584350586,0.9893978261997252,14.678821563720703,13.710654894510904,32.15625,0.139892578125,0.0,0.0
138,central,2026-09-23T02:00:00,2026-09-23 02:00:00,0.0,0.0,289.591796875,-0.854217529296875,-1.095733642578125,81064.2578125,14.673992156982422,1.3893594937364424,14.76010004679362,14.130754470825195,126.7890625,1.847412109375,0.0,0.0
138,central,2026-09-23T03:00:00,2026-09-23 03:00:00,0.0,0.0,291.607666015625,-0.7347564697265625,-0.539031982421875,81126.453125,14.659748077392578,0.911275231682886,14.71029535929362,14.61539395650228,148.0234375,2.015869140625,0.0,0.0
138,central,2026-09-23T04:00:00,2026-09-23 04:00:00,0.0,0.0,293.231689453125,-0.355377197265625,0.27423095703125,81134.1484375,14.890464782714844,0.4488825794466146,14.74140167236328,14.710111618041992,133.3203125,1.6240234375,0.0,0.0
138,central,2026-09-23T05:00:00,2026-09-23 05:00:00,0.0,0.0,295.603271484375,-0.112030029296875,0.606475830078125,81157.21875,15.240001678466797,0.6167362969156343,14.930071512858072,14.845085779825846,92.9609375,2.37158203125,0.0,0.0
138,central,2026-09-23T06:00:00,2026-09-23 06:00:00,0.0,0.0,296.486572265625,0.0769195556640625,0.82806396484375,81087.015625,15.353771209716797,0.8316288522630201,15.161412556966146,14.935853958129885,-39.4375,0.88330078125,0.0,0.0
138,central,2026-09-23T07:00:00,2026-09-23 07:00:00,0.0,0.0,296.601806640625,0.229217529296875,1.146331787109375,81074.75,15.727424621582031,1.1690240553018303,15.440399169921877,15.090900421142578,-59.3984375,0.115234375,0.0,0.0
140,central,2026-09-18T05:00:00,2026-09-18 05:00:00,0.0,0.0,290.37957763671875,-0.0095977783203125,1.3127228021621704,76629.8359375,14.961416244506836,1.3127578880605466,15.186566988627115,16.208290576934814,119.2265625,2.659210205078125,0.0,0.0
140,central,2026-09-18T06:00:00,2026-09-18 06:00:00,0.0,0.0,291.0387268066406,0.3621459901332855,1.360327124595642,76618.8046875,15.292643547058104,1.4077072153257812,15.110346794128418,15.699511845906576,55.3125,0.659149169921875,0.0,0.0
140,central,2026-09-18T07:00:00,2026-09-18 07:00:00,0.0,0.0,291.0061950683594,0.8155273199081421,0.991790771484375,76633.0625,15.774920463562012,1.2840302737545284,15.34299341837565,15.469119230906168,59.3984375,-0.03253173828125,0.0,0.0
140,central,2026-09-18T08:00:00,2026-09-18 08:00:00,0.0,0.0,291.9306640625,0.8223479986190796,0.6694122552871704,76543.1953125,16.166101455688477,1.0603626730328928,15.744555155436196,15.465561072031656,-86.640625,0.924468994140625,0.0,0.0
140,central,2026-09-18T09:00:00,2026-09-18 09:00:00,0.0,0.0,291.8988342285156,1.1179962158203125,1.0649322271347046,76511.640625,16.914915084838867,1.544019490478867,16.285312334696453,15.697829564412435,-107.1640625,-0.031829833984375,0.0,0.0
140,central,2026-09-18T10:00:00,2026-09-18 10:00:00,0.0,0.0,289.7974548339844,1.0806976556777954,0.919567883014679,76545.1484375,16.885196685791016,1.418982915492495,16.655404408772785,15.99919891357422,-87.9140625,-2.10137939453125,0.0,0.0
140,central,2026-09-18T11:00:00,2026-09-18 11:00:00,0.0,0.0,290.2549743652344,1.2670135498046875,0.495614618062973,76494.921875,17.030702590942383,1.360498873585121,16.943604787190754,16.344079971313477,-48.2734375,0.45751953125,0.0,0.0
140,central,2026-09-18T12:00:00,2026-09-18 12:00:00,0.0,0.0,290.2029724121094,0.6664886474609375,0.495932012796402,76490.125,16.949384689331055,0.8307560884583395,16.955094655354817,16.620203495025635,-21.515625,-0.052001953125,0.0,0.0
140,central,2026-09-18T13:00:00,2026-09-18 13:00:00,0.0,0.0,289.968505859375,0.403848260641098,0.4085723757743835,76527.484375,16.496612548828125,0.5744778532448089,16.82556660970052,16.740485509236652,-17.6640625,-0.234466552734375,0.0,0.0
140,central,2026-09-18T14:00:00,2026-09-18 14:00:00,0.0,0.0,288.76239013671875,0.3349365293979645,0.1557342559099197,76584.828125,15.975133895874023,0.3693719496509851,16.473710378011067,16.70865758260091,89.90625,-1.20611572265625,0.0,0.0
140,central,2026-09-18T15:00:00,2026-09-18 15:00:00,0.0,0.0,286.69891357421875,0.1030365005135536,0.0697662383317947,76611.296875,15.876815795898438,0.1244341128832777,16.116187413533527,16.535641034444172,121.171875,-2.0634765625,0.0,0.0
140,central,2026-09-18T16:00:00,2026-09-18 16:00:00,0.0,0.0,286.450927734375,-0.3083160519599914,-0.4156127870082855,76635.625,15.71777629852295,0.5174869820787675,15.85657533009847,16.341070969899494,108.140625,-0.24798583984375,0.0,0.0
140,central,2026-09-18T17:00:00,2026-09-18 17:00:00,0.0,0.0,286.25567626953125,-0.462167352437973,-0.7283294796943665,76665.984375,15.4639892578125,0.8625905706946907,15.686193784077965,16.079952081044514,81.15625,-0.19525146484375,0.0,0.0
140,central,2026-09-18T18:00:00,2026-09-18 18:00:00,0.0,0.0,286.302734375,-0.4677154421806335,-0.8933044672012329,76647.3984375,15.011767387390137,1.0083405208439775,15.397844314575195,15.75701586405436,36.1015625,0.04705810546875,0.0,0.0
140,central,2026-09-18T19:00:00,2026-09-18 19:00:00,0.0,0.0,285.95684814453125,-0.4375671446323395,-0.9698547124862672,76647.3984375,14.517518997192385,1.0639939705625774,14.997758547465006,15.427166938781738,11.7734375,-0.34588623046875,0.0,0.0
140,central,2026-09-18T20:00:00,2026-09-18 20:00:00,0.0,0.0,284.88507080078125,-0.4648467898368835,-1.007165551185608,76636.1015625,13.87299919128418,1.109263262493023,14.4674285252889,15.076811154683432,-29.8828125,-1.07177734375,0.0,0.0
140,central,2026-09-18T21:00:00,2026-09-18 21:00:00,0.0,0.0,284.9296264648437,-0.331198126077652,-0.9475250244140624,76625.109375,13.069961547851562,1.0037409379955655,13.820159912109377,14.609002113342283,-22.2890625,0.0445556640624431,0.0,0.0
140,central,2026-09-18T22:00:00,2026-09-18 22:00:00,0.0,0.0,284.3881225585937,-0.5250793695449829,-1.223971605300903,76638.328125,12.825143814086914,1.3318464006425916,13.25603485107422,14.126896699269611,-9.0703125,-0.54150390625,0.0,0.0
140,central,2026-09-18T23:00:00,2026-09-18 23:00:00,0.0,0.0,284.52789306640625,-0.686492919921875,-1.2503875494003296,76683.3671875,12.026751518249512,1.426443673195063,12.640618960062662,13.55402374267578,47.265625,0.1397705078125568,0.0,0.0
140,central,2026-09-19T00:00:00,2026-09-19 00:00:00,0.0,0.0,285.1917419433594,-0.614947497844696,-1.2497527599334717,76693.9375,11.260635375976562,1.3928540433465315,12.03751023610433,12.928835074106852,68.828125,0.663848876953125,0.0,0.0
140,central,2026-09-19T01:00:00,2026-09-19 01:00:00,0.0,0.0,284.91162109375,-0.5238037109375,-1.3358948230743408,76754.2265625,10.683012962341309,1.4349164804645322,11.323466618855797,12.289750734965006,115.8984375,-0.280120849609375,0.0,0.0
140,central,2026-09-19T02:00:00,2026-09-19 02:00:00,0.0,0.0,286.9501037597656,-0.6007110476493835,-1.322991967201233,76800.296875,10.244635581970217,1.452983657185107,10.72942797342936,11.685023466746012,116.9296875,2.038482666015625,0.0,0.0
140,central,2026-09-19T03:00:00,2026-09-19 03:00:00,0.0,0.0,288.1634826660156,-0.6766937375068665,0.0854278579354286,76871.5234375,10.089588165283203,0.6820647574039049,10.339078903198244,11.188294569651283,177.5859375,1.21337890625,0.0,0.0
140,central,2026-09-19T04:00:00,2026-09-19 04:00:00,0.0,0.0,288.6436462402344,-0.293841540813446,1.1117461919784546,76879.5625,10.288058280944824,1.149922800228874,10.207427342732748,10.765446980794271,125.3359375,0.48016357421875,0.0,0.0
140,central,2026-09-19T05:00:00,2026-09-19 05:00:00,0.0,0.0,290.67559814453125,-0.010592651553452,1.2815368175506592,76901.578125,10.659737586975098,1.281580594034103,10.345794677734377,10.537611325581867,101.28125,2.031951904296875,0.0,0.0
140,central,2026-09-19T06:00:00,2026-09-19 06:00:00,0.0,0.0,291.9801330566406,0.2300567626953125,1.4093139171600342,76878.7421875,11.038530349731444,1.427967727633509,10.662108739217125,10.500593821207682,7.21875,1.304534912109375,0.0,0.0
140,central,2026-09-19T07:00:00,2026-09-19 07:00:00,0.0,0.0,291.947021484375,0.6071197390556335,1.3968902826309204,76835.6875,11.47142219543457,1.5231207566242648,11.056563377380373,10.63199536005656,-43.875,-0.033111572265625,0.0,0.0
140,central,2026-09-19T08:00:00,2026-09-19 08:00:00,0.0,0.0,292.7156677246094,0.8923553228378296,1.299432396888733,76754.6171875,11.950479507446287,1.5763320006524657,11.486810684204102,10.916302680969238,-146.9609375,0.768646240234375,0.0,0.0
140,central,2026-09-19T09:00:00,2026-09-19 09:00:00,0.0,0.0,291.75067138671875,1.108618140220642,1.2306915521621704,76710.6953125,12.206464767456056,1.6563924285596114,11.87612215677897,11.269115447998049,-168.046875,-0.964996337890625,0.0,0.0
140,central,2026-09-19T10:00:00,2026-09-19 10:00:00,0.0,0.0,292.3575744628906,0.9631195068359376,1.2866973876953125,76655.3515625,11.785074234008787,1.607230335686158,11.980672836303713,11.51861810684204,-180.3359375,0.606903076171875,0.0,0.0
140,central,2026-09-19T11:00:00,2026-09-19 11:00:00,0.0,0.0,292.1366577148437,0.701141357421875,1.0862243175506592,76654.125,11.755407333374023,1.292858256393865,11.915648778279625,11.70122973124186,-100.4921875,-0.2209167480469318,0.0,0.0
140,central,2026-09-19T12:00:00,2026-09-19 12:00:00,0.0,0.0,291.60943603515625,0.5090545415878296,0.943817138671875,76692.703125,11.878153800964355,1.0723466405794166,11.806211789449057,11.841166973114014,-17.9921875,-0.5272216796874432,0.0,0.0
140,central,2026-09-19T13:00:00,2026-09-19 13:00:00,0.0,0.0,291.1981506347656,0.1170593276619911,0.837359607219696,76728.125,12.49761962890625,0.845502216434588,12.043726921081545,12.012199878692629,72.7734375,-0.411285400390625,0.0,0.0
140,central,2026-09-19T14:00:00,2026-09-19 14:00:00,0.0,0.0,289.8744201660156,-0.22216796875,0.383258044719696,76795.7421875,12.766438484191896,0.4429958636159772,12.3807373046875,12.14819304148356,141.6171875,-1.32373046875,0.0,0.0
140,central,2026-09-19T15:00:00,2026-09-19 15:00:00,0.0,0.0,288.0331115722656,-0.3453643918037414,-0.2794769406318664,76857.765625,12.877386093139648,0.444279105372868,12.713814735412598,12.260013262430826,165.0625,-1.84130859375,0.0,0.0
140,central,2026-09-19T16:00:00,2026-09-19 16:00:00,0.0,0.0,287.62158203125,-0.533465564250946,-0.5492492914199829,76902.0703125,12.865740776062012,0.7656763626800384,12.836521784464518,12.440124352773031,173.9453125,-0.411529541015625,0.0,0.0
140,central,2026-09-19T17:00:00,2026-09-19 17:00:00,0.0,0.0,286.00994873046875,-0.5174102783203125,-0.795867919921875,76931.8046875,13.024444580078123,0.9492729544616108,12.922523816426596,12.651630560557049,136.0625,-1.61163330078125,0.0,0.0
140,central,2026-09-19T18:00:00,2026-09-19 18:00:00,0.0,0.0,285.1778869628906,-0.4443115293979645,-0.8258941769599915,76939.3125,13.221776962280272,0.937824038235521,13.037320772806805,12.8755677541097,81.546875,-0.832061767578125,0.0,0.0
140,central,2026-09-19T19:00:00,2026-09-19 19:00:00,0.0,0.0,284.98583984375,-0.3916442990303039,-1.0659332275390625,76937.265625,13.340032577514648,1.1356050821191237,13.195418039957682,13.0159699122111,35.1953125,-0.192047119140625,0.0,0.0
140,central,2026-09-19T20:00:00,2026-09-19 20:00:00,0.0,0.0,284.1474609375,-0.306375116109848,-1.0824493169784546,76907.046875,13.353100776672363,1.1249721043645686,13.304970105489096,13.113746960957846,-24.7578125,-0.83837890625,0.0,0.0
140,central,2026-09-19T21:00:00,2026-09-19 21:00:00,0.0,0.0,284.09649658203125,-0.3324127197265625,-1.101162672042847,76912.421875,13.527589797973633,1.150242342524632,13.40690771738688,13.222114245096842,-26.890625,-0.05096435546875,0.0,0.0
140,central,2026-09-19T22:00:00,2026-09-19 22:00:00,0.0,0.0,283.3580627441406,-0.2992401123046875,-0.946850597858429,76890.046875,14.516241073608398,0.9930109261619362,13.7989772160848,13.49719762802124,-47.21875,-0.738433837890625,0.0,0.0
140,central,2026-09-19T23:00:00,2026-09-19 23:00:00,0.0,0.0,283.3998107910156,-0.3167389035224914,-1.0401031970977783,76942.8515625,14.890748977661133,1.0872617870677006,14.311526616414389,13.808248360951742,35.8046875,0.041748046875,0.0,0.0
140,central,2026-09-20T00:00:00,2026-09-20 00:00:00,0.0,0.0,284.3416442871094,-0.2974578738212585,-1.1290161609649658,76920.6015625,14.959470748901367,1.1675438657362442,14.788820266723633,14.097863992055258,8.1796875,0.94183349609375,0.0,0.0
140,central,2026-09-20T01:00:00,2026-09-20 01:00:00,0.0,0.0,284.0245056152344,-0.3099487423896789,-1.1524231433868408,76964.4453125,14.989520072937012,1.1933764386489918,14.946579933166504,14.37277857462565,74.3984375,-0.317138671875,0.0,0.0
140,central,2026-09-20T02:00:00,2026-09-20 02:00:00,0.0,0.0,286.9345092773437,-0.3432250916957855,-1.2595916986465454,77000.4609375,14.994140625,1.3055170281803563,14.981043815612791,14.64628521601359,57.609375,2.910003662109318,0.0,0.0
140,central,2026-09-20T03:00:00,2026-09-20 03:00:00,0.0,0.0,288.8794860839844,-0.3167724609375,-0.1462982147932052,77053.03125,15.080647468566896,0.3489240026998412,15.021436055501304,14.905128161112469,132.4296875,1.9449768066406816,0.0,0.0
140,central,2026-09-20T04:00:00,2026-09-20 04:00:00,0.0,0.0,289.2719116210937,-0.0806732177734375,0.7349883913993835,77063.8359375,15.560900688171388,0.739402531479149,15.211896260579428,15.079238096872963,99.390625,0.3924255371093181,0.0,0.0
140,central,2026-09-20T05:00:00,2026-09-20 05:00:00,0.0,0.0,292.25274658203125,-0.057720948010683,1.1877349615097046,77077.5703125,16.28903579711914,1.1891366812236983,15.64352798461914,15.312285900115969,77.109375,2.980834960937557,0.0,0.0
140,central,2026-09-20T06:00:00,2026-09-20 06:00:00,0.0,0.0,293.4911499023437,-0.0899780243635177,1.5383942127227783,77075.25,17.160451889038086,1.5410232959327057,16.336796124776203,15.679116090138754,22.21875,1.2384033203124432,0.0,0.0
140,central,2026-09-20T07:00:00,2026-09-20 07:00:00,0.0,0.0,293.1088256835937,-0.02642822265625,1.674371361732483,77075.140625,18.39008140563965,1.6745799198433788,17.279856363932293,16.24587631225586,11.3046875,-0.38232421875,0.0,0.0
140,central,2026-09-20T08:00:00,2026-09-20 08:00:00,0.0,0.0,293.8510131835937,0.2320526093244552,1.4101165533065796,76995.484375,19.31765937805176,1.4290826104195362,18.289397557576496,16.96646277109782,-82.0859375,0.7421875,0.0,0.0
140,central,2026-09-20T09:00:00,2026-09-20 09:00:00,0.0,0.0,293.9773864746094,0.377481073141098,1.2961547374725342,76930.5234375,19.86849403381348,1.3500033570522143,19.19207827250163,17.764437198638916,-144.7265625,0.1263732910156818,0.0,0.0
140,central,2026-09-20T10:00:00,2026-09-20 10:00:00,0.0,0.0,291.8858337402344,0.55157470703125,2.206958055496216,76912.9609375,21.39397048950196,2.274840327617797,20.193374633789062,18.73661549886068,-162.1796875,-2.091552734375,0.0,0.0
140,central,2026-09-20T11:00:00,2026-09-20 11:00:00,0.0,0.0,291.42535400390625,0.141030877828598,0.987261950969696,76923.0625,21.98194122314453,0.9972842465082838,21.081468582153324,19.68543306986491,-72.421875,-0.460479736328125,0.0,0.0
140,central,2026-09-20T12:00:00,2026-09-20 12:00:00,0.0,0.0,291.5157165527344,-0.0348236076533794,0.3433960080146789,76884.1328125,21.33356475830078,0.3451572134121115,21.56982549031576,20.38095188140869,-46.390625,0.090362548828125,0.0,0.0
140,central,2026-09-20T13:00:00,2026-09-20 13:00:00,0.0,0.0,291.1520080566406,-0.377462774515152,-0.0472656264901161,76887.0625,20.877559661865234,0.3804105487393582,21.397688547770183,20.795531590779625,-25.8984375,-0.36370849609375,0.0,0.0
140,central,2026-09-20T14:00:00,2026-09-20 14:00:00,0.0,0.0,289.4873046875,-0.417044073343277,-0.1272766143083572,76965.890625,20.812557220458984,0.436033365306545,21.00789388020833,21.044681231180828,42.828125,-1.664703369140625,0.0,0.0
140,central,2026-09-20T15:00:00,2026-09-20 15:00:00,0.0,0.0,287.8069763183594,-0.7558013796806335,-0.6071685552597046,77010.7734375,20.6740779876709,0.9694789219076948,20.78806495666504,21.1789452234904,126.640625,-1.680328369140625,0.0,0.0
140,central,2026-09-20T16:00:00,2026-09-20 16:00:00,0.0,0.0,288.2598571777344,-0.7564941644668579,-0.7055328488349915,77037.0,20.355676651000977,1.0344370554352875,20.61410395304362,21.005896250406902,149.9375,0.452880859375,0.0,0.0
140,central,2026-09-20T17:00:00,2026-09-20 17:00:00,0.0,0.0,287.1146850585937,-0.699420154094696,-0.8884032964706421,77066.875,20.1934757232666,1.1306851768435595,20.40774345397949,20.70781866709392,100.984375,-1.1451721191406818,0.0,0.0
140,central,2026-09-20T18:00:00,2026-09-20 18:00:00,0.0,0.0,286.9532775878906,-0.471487432718277,-0.906030297279358,77047.1328125,19.957714080810547,1.0213673672089751,20.168955485026043,20.47851022084554,36.359375,-0.1614074707030681,0.0,0.0
140,central,2026-09-20T19:00:00,2026-09-20 19:00:00,0.0,0.0,287.07470703125,-0.333932489156723,-0.8378356695175171,77025.5234375,19.702905654907227,0.9019309931642616,19.9513651529948,20.282734553019207,-11.4765625,0.121429443359375,0.0,0.0
140,central,2026-09-20T20:00:00,2026-09-20 20:00:00,0.0,0.0,285.97711181640625,-0.3635284304618835,-0.814654529094696,76967.2578125,19.553279876708984,0.8920845932581626,19.737966537475582,20.07285499572754,-99.6171875,-1.09759521484375,0.0,0.0
140,central,2026-09-20T21:00:00,2026-09-20 21:00:00,0.0,0.0,286.03448486328125,-0.373879998922348,-0.79571533203125,76952.859375,19.48224639892578,0.879175263086819,19.579477310180664,19.87421639760335,-94.2734375,0.057373046875,0.0,0.0
140,central,2026-09-20T22:00:00,2026-09-20 22:00:00,0.0,0.0,285.4103088378906,-0.5111724734306335,-1.1946808099746704,76921.1796875,18.96836853027344,1.299445857015569,19.3346316019694,19.642998377482098,-104.34375,-0.624176025390625,0.0,0.0
140,central,2026-09-20T23:00:00,2026-09-20 23:00:00,0.0,0.0,285.3861389160156,-0.3012451231479645,-1.4276154041290283,76934.921875,18.30008316040039,1.45905255776717,18.91689936319987,19.327432950337727,-32.3359375,-0.024169921875,0.0,0.0
140,central,2026-09-21T00:00:00,2026-09-21 00:00:00,0.0,0.0,287.21875,-0.27752685546875,-1.4611053466796875,76894.1171875,17.602035522460938,1.4872289634089104,18.29016240437825,18.93481985727946,-58.7421875,1.832611083984375,0.0,0.0
140,central,2026-09-21T01:00:00,2026-09-21 01:00:00,0.0,0.0,286.8658142089844,-0.328826904296875,-1.2365204095840454,76881.7265625,16.728267669677734,1.2794959383707951,17.54346211751302,18.43904685974121,-39.453125,-0.352935791015625,0.0,0.0
140,central,2026-09-21T02:00:00,2026-09-21 02:00:00,0.0,0.0,288.55242919921875,-0.3909118771553039,-1.2003082036972046,76884.4609375,15.92120361328125,1.2623596474713112,16.75050226847331,17.83370081583659,-50.4609375,1.686614990234375,0.0,0.0
140,central,2026-09-21T03:00:00,2026-09-21 03:00:00,0.0,0.0,290.7158203125,-0.1297241151332855,-0.1117980927228927,76886.6484375,15.526347160339355,0.1712517433008797,16.058606147766113,17.174384276072185,-7.46875,2.16339111328125,0.0,0.0
140,central,2026-09-21T04:00:00,2026-09-21 04:00:00,0.0,0.0,290.7049865722656,0.4061614871025085,0.934619128704071,76889.5390625,15.806971549987791,1.019058422930147,15.7515074412028,16.64748477935791,7.8125,-0.010833740234375,0.0,0.0
140,central,2026-09-21T05:00:00,2026-09-21 05:00:00,0.0,0.0,292.5938415527344,0.7236267328262329,1.275671362876892,76903.046875,16.506755828857422,1.4666196079846183,15.946691513061523,16.348596890767414,18.5859375,1.88885498046875,0.0,0.0
140,central,2026-09-21T06:00:00,2026-09-21 06:00:00,0.0,0.0,293.33819580078125,0.866955578327179,1.2926177978515625,76881.328125,17.38352394104004,1.5564294863935328,16.56575043996175,16.312178293863933,-5.3203125,0.744354248046875,0.0,0.0
140,central,2026-09-21T07:00:00,2026-09-21 07:00:00,0.0,0.0,293.32843017578125,0.977038562297821,1.325463891029358,76802.171875,18.197608947753903,1.6466508065281111,17.362629572550457,16.55706850687663,-87.3671875,-0.009765625,0.0,0.0
140,central,2026-09-21T08:00:00,2026-09-21 08:00:00,0.0,0.0,294.26336669921875,1.034295678138733,1.213406324386597,76768.953125,19.12355613708496,1.5944034802639675,18.23489634195964,17.09079392751058,-134.09375,0.9349365234375,0.0,0.0
140,central,2026-09-21T09:00:00,2026-09-21 09:00:00,0.0,0.0,294.27069091796875,1.517205834388733,1.03900146484375,76666.4765625,20.133113861083984,1.838868561874576,19.151426315307617,17.858588377634685,-214.8515625,0.00732421875,0.0,0.0
140,central,2026-09-21T10:00:00,2026-09-21 10:00:00,0.0,0.0,291.5162048339844,0.3676422238349914,0.8507232666015625,76588.3828125,19.252233505249023,0.9267636597771683,19.502967834472656,18.432798703511555,-213.7890625,-2.754486083984375,0.0,0.0
140,central,2026-09-21T11:00:00,2026-09-21 11:00:00,0.0,0.0,291.352783203125,0.725170910358429,1.4320281744003296,76649.8359375,20.332406997680664,1.6051721220811224,19.90591812133789,19.07040723164876,-119.1171875,-0.163421630859375,0.0,0.0
140,central,2026-09-21T12:00:00,2026-09-21 12:00:00,0.0,0.0,290.64117431640625,0.952911376953125,0.3130462765693664,76647.9765625,21.17006492614746,1.003014488230676,20.25156847635905,19.70149739583333,-18.5,-0.71160888671875,0.0,0.0
140,central,2026-09-21T13:00:00,2026-09-21 13:00:00,0.0,0.0,290.3470153808594,0.904699683189392,0.1514923125505447,76670.328125,21.88596534729004,0.9172957197790134,21.129479090372723,20.316223462422688,81.9453125,-0.294158935546875,0.0,0.0
140,central,2026-09-21T14:00:00,2026-09-21 14:00:00,0.0,0.0,289.31109619140625,0.4834014773368835,-0.394030749797821,76710.921875,20.64850807189941,0.6236483144190438,21.2348461151123,20.570382118225098,61.0859375,-1.035919189453125,0.0,0.0
140,central,2026-09-21T15:00:00,2026-09-21 15:00:00,0.0,0.0,288.1436462402344,-0.46929931640625,-0.464730829000473,76743.578125,19.498310089111328,0.6604669498187176,20.67759450276693,20.46458148956299,95.6015625,-1.167449951171875,0.0,0.0
140,central,2026-09-21T16:00:00,2026-09-21 16:00:00,0.0,0.0,288.2745666503906,-0.709033191204071,-0.669628918170929,76772.453125,18.798877716064453,0.975259429218604,19.6485652923584,20.38902219136556,102.125,0.13092041015625,0.0,0.0
140,central,2026-09-21T17:00:00,2026-09-21 17:00:00,0.0,0.0,287.27325439453125,-0.5173279047012329,-0.922387719154358,76765.3359375,18.366352081298828,1.0575572161492477,18.88784662882487,20.061346371968583,54.4140625,-1.001312255859375,0.0,0.0
140,central,2026-09-21T18:00:00,2026-09-21 18:00:00,0.0,0.0,287.05517578125,-0.3400604128837585,-1.024542212486267,76784.078125,18.00122833251953,1.0795035106830029,18.388819376627605,19.533206939697266,40.5,-0.21807861328125,0.0,0.0
140,central,2026-09-21T19:00:00,2026-09-21 19:00:00,0.0,0.0,286.36883544921875,-0.3719604611396789,-1.244229078292847,76752.5,17.589069366455078,1.2986379726161985,17.985549926757812,18.817057609558105,-19.953125,-0.68634033203125,0.0,0.0
140,central,2026-09-21T20:00:00,2026-09-21 20:00:00,0.0,0.0,285.8055725097656,-0.3840484619140625,-1.2291351556777954,76725.3671875,16.95580291748047,1.2877369498549134,17.51536687215169,18.20160675048828,-39.96875,-0.563262939453125,0.0,0.0
140,central,2026-09-21T21:00:00,2026-09-21 21:00:00,0.0,0.0,285.5523376464844,-0.373095691204071,-1.1341155767440796,76700.046875,16.196125030517578,1.193908931287726,16.913665771484375,17.65124257405599,-84.03125,-0.25323486328125,0.0,0.0
140,central,2026-09-21T22:00:00,2026-09-21 22:00:00,0.0,0.0,284.975830078125,-0.476367175579071,-1.1031280755996704,76666.875,15.436189651489258,1.201589462813907,16.1960391998291,17.090794563293457,-85.625,-0.576507568359375,0.0,0.0
140,central,2026-09-21T23:00:00,2026-09-21 23:00:00,0.0,0.0,285.2182006835937,-0.319540411233902,-1.2514190673828125,76678.5703125,15.03281593322754,1.2915710420340023,15.55504353841146,16.535205205281574,-46.796875,0.2423706054686931,0.0,0.0
140,central,2026-09-22T00:00:00,2026-09-22 00:00:00,0.0,0.0,286.4325256347656,-0.285543829202652,-1.351342797279358,76693.140625,14.774014472961426,1.3811816079554902,15.08100668589274,15.99733622868856,-6.90625,1.2143249511719318,0.0,0.0
140,central,2026-09-22T01:00:00,2026-09-22 01:00:00,0.0,0.0,286.05572509765625,-0.4077423214912414,-1.379919409751892,76712.640625,14.357994079589844,1.4388993634528708,14.72160816192627,15.458823680877686,45.765625,-0.376800537109375,0.0,0.0
140,central,2026-09-22T02:00:00,2026-09-22 02:00:00,0.0,0.0,287.4056091308594,-0.47381591796875,-1.425256371498108,76733.703125,13.780868530273438,1.5019511472136908,14.304292360941568,14.929667949676514,55.1328125,1.349884033203125,0.0,0.0
140,central,2026-09-22T03:00:00,2026-09-22 03:00:00,0.0,0.0,289.8089904785156,-0.3890045285224914,-0.347341924905777,76762.890625,13.30495262145996,0.5215083278417098,13.814605077107748,14.447805881500244,69.75,2.40338134765625,0.0,0.0
140,central,2026-09-22T04:00:00,2026-09-22 04:00:00,0.0,0.0,290.2986755371094,0.0811553969979286,0.7593444585800171,76757.6015625,13.155975341796877,0.7636689107447485,13.413932164510092,14.06777016321818,44.9609375,0.48968505859375,0.0,0.0
140,central,2026-09-22T05:00:00,2026-09-22 05:00:00,0.0,0.0,292.76007080078125,0.3129089474678039,1.0604279041290283,76762.5859375,13.334424018859863,1.1056307472483264,13.265117327372232,13.7847048441569,28.8828125,2.461395263671875,0.0,0.0
140,central,2026-09-22T06:00:00,2026-09-22 06:00:00,0.0,0.0,293.65997314453125,0.5750213861465454,1.21209716796875,76716.7109375,13.734930038452148,1.34157710889973,13.408443133036297,13.61152410507202,-46.1796875,0.89990234375,0.0,0.0
140,central,2026-09-22T07:00:00,2026-09-22 07:00:00,0.0,0.0,293.77349853515625,0.824664294719696,1.1713165044784546,76692.359375,14.283764839172363,1.4324990585159765,13.784372965494793,13.59915256500244,-65.2421875,0.113525390625,0.0,0.0
140,central,2026-09-22T08:00:00,2026-09-22 08:00:00,0.0,0.0,294.415283203125,1.0743316411972046,1.0270843505859375,76618.09375,14.693255424499512,1.4863010255315092,14.237316767374674,13.751217047373451,-144.4921875,0.64178466796875,0.0,0.0
140,central,2026-09-22T09:00:00,2026-09-22 09:00:00,0.0,0.0,294.1483764648437,1.4188232421875,0.783905029296875,76542.9921875,14.896977424621582,1.620977016347975,14.624665896097818,14.016554514567057,-173.71875,-0.2669067382813068,0.0,0.0
140,central,2026-09-22T10:00:00,2026-09-22 10:00:00,0.0,0.0,292.89727783203125,1.43536376953125,0.8115692138671875,76498.234375,15.60608196258545,1.6489128963592845,15.065438270568848,14.42490561803182,-194.125,-1.2510986328124432,0.0,0.0
140,central,2026-09-22T11:00:00,2026-09-22 11:00:00,0.0,0.0,291.9872436523437,1.2509276866912842,0.8301116824150085,76489.6875,16.21158790588379,1.5013012631090017,15.57154909769694,14.904432932535808,-128.40625,-0.9100341796875568,0.0,0.0
140,central,2026-09-22T12:00:00,2026-09-22 12:00:00,0.0,0.0,291.6275329589844,0.880114734172821,0.49053955078125,76466.734375,16.196605682373047,1.0075867189422287,16.00475851694743,15.314712206522625,-76.2578125,-0.3597106933593181,0.0,0.0
140,central,2026-09-22T13:00:00,2026-09-22 13:00:00,0.0,0.0,291.9964294433594,0.3981872498989105,0.5298248529434204,76465.5859375,16.020397186279297,0.6627725558429336,16.142863591512043,15.604150931040444,-32.6484375,0.368896484375,0.0,0.0
140,central,2026-09-22T14:00:00,2026-09-22 14:00:00,0.0,0.0,290.4884338378906,-0.1567749083042144,-0.060498047620058,76524.765625,16.05955696105957,0.1680428089494865,16.092186609903973,15.831867853800455,35.078125,-1.50799560546875,0.0,0.0
140,central,2026-09-22T15:00:00,2026-09-22 15:00:00,0.0,0.0,287.42138671875,-0.454415887594223,-0.291342169046402,76579.3515625,15.981976509094238,0.5397907542397404,16.020643552144367,16.0127010345459,112.6171875,-3.067047119140625,0.0,0.0
140,central,2026-09-22T16:00:00,2026-09-22 16:00:00,0.0,0.0,287.903564453125,-0.506451427936554,-0.4232238829135895,76612.9140625,15.52068042755127,0.6600087150389987,15.854071299235024,15.998467445373535,147.328125,0.482177734375,0.0,0.0
140,central,2026-09-22T17:00:00,2026-09-22 17:00:00,0.0,0.0,287.41192626953125,-0.5995025634765625,-0.4842285215854645,76637.078125,15.44139575958252,0.7706364802757617,15.648017565409342,15.870102087656656,112.3125,-0.49163818359375,0.0,0.0
140,central,2026-09-22T18:00:00,2026-09-22 18:00:00,0.0,0.0,286.8622131347656,-0.5365753173828125,-0.6948639154434204,76642.3671875,14.971173286437988,0.8779230787545267,15.31108315785726,15.665863355000814,63.015625,-0.549713134765625,0.0,0.0
140,central,2026-09-22T19:00:00,2026-09-22 19:00:00,0.0,0.0,287.09979248046875,-0.4808471798896789,-0.9448516964912416,76630.875,14.190930366516112,1.0601692028965162,14.867833137512209,15.360952218373614,17.9609375,0.237579345703125,0.0,0.0
140,central,2026-09-22T20:00:00,2026-09-22 20:00:00,0.0,0.0,285.7854919433594,-0.3722656369209289,-0.895739734172821,76605.109375,13.407106399536133,0.9700161729621528,14.189736684163412,14.918877124786375,-31.96875,-1.314300537109375,0.0,0.0
140,central,2026-09-22T21:00:00,2026-09-22 21:00:00,0.0,0.0,284.9164428710937,-0.3143340945243835,-1.109344482421875,76569.171875,12.629645347595217,1.1530182581643371,13.40922737121582,14.36015526453654,-73.1953125,-0.8690490722656818,0.0,0.0
140,central,2026-09-22T22:00:00,2026-09-22 22:00:00,0.0,0.0,284.1918029785156,-0.1870758086442947,-1.0126984119415283,76576.875,13.009658813476562,1.0298327202651945,13.015470186869305,13.941651662190756,-54.0,-0.7246398925780682,0.0,0.0
140,central,2026-09-22T23:00:00,2026-09-22 23:00:00,0.0,0.0,284.3204650878906,-0.2696258425712585,-1.2136046886444092,76560.171875,12.535820960998535,1.2431952522761476,12.725041707356771,13.457389195760092,-44.9375,0.128662109375,0.0,0.0
140,central,2026-09-23T00:00:00,2026-09-23 00:00:00,0.0,0.0,286.2046813964844,-0.17767333984375,-1.2826111316680908,76581.03125,12.39920139312744,1.2948587300436034,12.648227055867514,13.028727213541666,11.859375,1.88421630859375,0.0,0.0
140,central,2026-09-23T01:00:00,2026-09-23 01:00:00,0.0,0.0,286.66021728515625,-0.3552978634834289,-1.4632720947265625,76605.2265625,12.024683952331545,1.5057894258498934,12.319902102152506,12.667686144510904,28.3515625,0.455535888671875,0.0,0.0
140,central,2026-09-23T02:00:00,2026-09-23 02:00:00,0.0,0.0,287.9691467285156,-0.530487060546875,-1.480596899986267,76668.7578125,11.81149196624756,1.572763078679242,12.078459103902182,12.401750405629477,108.5859375,1.308929443359375,0.0,0.0
140,central,2026-09-23T03:00:00,2026-09-23 03:00:00,0.0,0.0,289.04888916015625,-0.475576788187027,-0.312762439250946,76733.453125,11.805061340332031,0.5692043788205515,11.880412419637045,12.26431973775228,152.421875,1.079742431640625,0.0,0.0
140,central,2026-09-23T04:00:00,2026-09-23 04:00:00,0.0,0.0,290.217041015625,-0.2427795380353927,0.72393798828125,76741.75,12.003355026245115,0.7635627773571614,11.873302777608236,12.096602439880373,136.5234375,1.16815185546875,0.0,0.0
140,central,2026-09-23T05:00:00,2026-09-23 05:00:00,0.0,0.0,292.21929931640625,0.060040283948183,1.163214087486267,76763.015625,12.439221382141112,1.1647625719532233,12.08254591623942,12.0805025100708,94.2578125,2.00225830078125,0.0,0.0
140,central,2026-09-23T06:00:00,2026-09-23 06:00:00,0.0,0.0,293.09674072265625,0.1545562744140625,1.3605835437774658,76701.609375,12.955334663391112,1.3693338605171503,12.465970357259115,12.17319138844808,-31.84375,0.87744140625,0.0,0.0
140,central,2026-09-23T07:00:00,2026-09-23 07:00:00,0.0,0.0,293.444580078125,0.320037841796875,1.3867614269256592,76696.3515625,13.631136894226074,1.423211676241764,13.008564313252768,12.440933545430502,-45.3984375,0.34783935546875,0.0,0.0
141,central,2026-09-18T05:00:00,2026-09-18 05:00:00,0.0,0.0,285.3866271972656,0.422433465719223,1.2465118169784546,70006.8359375,12.654385566711426,1.31614655066466,13.069509824117024,13.991363684336344,102.421875,2.601043701171932,0.0,0.0
141,central,2026-09-18T06:00:00,2026-09-18 06:00:00,0.0,0.0,285.7348022460937,0.640759289264679,1.591577172279358,69987.0,12.557291984558104,1.7157186139048948,12.74289894104004,13.489681402842203,33.90625,0.3481750488280681,0.0,0.0
141,central,2026-09-18T07:00:00,2026-09-18 07:00:00,0.0,0.0,285.7440795898437,0.766308605670929,1.494232177734375,70001.6640625,12.715154647827148,1.679273259509046,12.642277399698893,13.112120628356934,36.0,0.00927734375,0.0,0.0
141,central,2026-09-18T08:00:00,2026-09-18 08:00:00,0.0,0.0,286.45196533203125,0.5973480343818665,1.3255646228790283,69926.6953125,12.760241508483888,1.4539416231775952,12.677562713623049,12.873536268870035,-80.140625,0.7078857421875568,0.0,0.0
141,central,2026-09-18T09:00:00,2026-09-18 09:00:00,0.0,0.0,286.47540283203125,0.6598907709121704,1.684658765792847,69908.734375,12.84479808807373,1.8092901886368968,12.773398081461588,12.758148511250814,-78.265625,0.0234375,0.0,0.0
141,central,2026-09-18T10:00:00,2026-09-18 10:00:00,0.0,0.0,285.48419189453125,0.6897796392440796,1.521032691001892,69918.8515625,12.644375801086426,1.670130652916756,12.749805132548014,12.696041266123451,-82.8125,-0.9912109375,0.0,0.0
141,central,2026-09-18T11:00:00,2026-09-18 11:00:00,0.0,0.0,285.5047912597656,0.7693573236465454,1.0623137950897217,69885.0234375,13.04710865020752,1.311648310594918,12.84542751312256,12.761495113372805,-41.671875,0.020599365234375,0.0,0.0
141,central,2026-09-18T12:00:00,2026-09-18 12:00:00,0.0,0.0,284.97857666015625,0.445199579000473,0.6937835812568665,69897.0234375,13.022432327270508,0.8243411446505636,12.90463892618815,12.83901850382487,-11.7109375,-0.526214599609375,0.0,0.0
141,central,2026-09-18T13:00:00,2026-09-18 13:00:00,0.0,0.0,285.319091796875,0.272207647562027,0.402810662984848,69927.0859375,12.384893417358398,0.4861619417493985,12.818144798278809,12.783974965413412,8.234375,0.34051513671875,0.0,0.0
141,central,2026-09-18T14:00:00,2026-09-18 14:00:00,0.0,0.0,283.88232421875,0.021557617932558,0.0409881584346294,69988.7265625,11.647008895874023,0.0463115538800894,12.351444880167644,12.598436196645102,103.703125,-1.436767578125,0.0,0.0
141,central,2026-09-18T15:00:00,2026-09-18 15:00:00,0.0,0.0,281.95635986328125,0.0165130607783794,0.1067779511213302,70013.59375,11.333651542663574,0.1080472675357393,11.788517951965332,12.346578439076742,116.5703125,-1.92596435546875,0.0,0.0
141,central,2026-09-18T16:00:00,2026-09-18 16:00:00,0.0,0.0,281.74566650390625,-0.1665191650390625,-0.2255737334489822,70036.125,11.162503242492676,0.280378568274073,11.381054560343424,12.099599679311115,109.0390625,-0.210693359375,0.0,0.0
141,central,2026-09-18T17:00:00,2026-09-18 17:00:00,0.0,0.0,281.29119873046875,-0.203866571187973,-0.3972747921943664,70055.2890625,10.959301948547363,0.4465297743275557,11.151818911234535,11.75163189570109,66.5625,-0.4544677734375,0.0,0.0
141,central,2026-09-18T18:00:00,2026-09-18 18:00:00,0.0,0.0,281.11016845703125,-0.293984979391098,-0.610198974609375,70041.5,10.654150009155272,0.6773255913679307,10.925318400065104,11.35691817601522,27.90625,-0.1810302734375,0.0,0.0
141,central,2026-09-18T19:00:00,2026-09-18 19:00:00,0.0,0.0,280.62774658203125,-0.2814148068428039,-0.7042297124862671,70038.703125,10.36048698425293,0.7583757521564511,10.657979647318522,11.019517103830973,2.578125,-0.482421875,0.0,0.0
141,central,2026-09-18T20:00:00,2026-09-18 20:00:00,0.0,0.0,279.60498046875,-0.275979608297348,-0.718493640422821,70027.5078125,10.09174919128418,0.7696738630900726,10.36879539489746,10.760307153066,-27.78125,-1.02276611328125,0.0,0.0
141,central,2026-09-18T21:00:00,2026-09-18 21:00:00,0.0,0.0,279.3692932128906,-0.3403778076171875,-0.7254546880722046,70016.109375,9.8041410446167,0.8013373549038025,10.085459073384603,10.505388736724854,-25.390625,-0.235687255859375,0.0,0.0
141,central,2026-09-18T22:00:00,2026-09-18 22:00:00,0.0,0.0,278.1764221191406,-0.2501769959926605,-0.7470184564590454,70028.0234375,10.292526245117188,0.7877976285914844,10.06280549367269,10.360392570495604,-10.6796875,-1.19287109375,0.0,0.0
141,central,2026-09-18T23:00:00,2026-09-18 23:00:00,0.0,0.0,278.19000244140625,-0.3531921505928039,-0.8008758425712585,70069.2734375,10.297259330749512,0.8752981266143515,10.131308873494469,10.250052134195965,41.765625,0.013580322265625,0.0,0.0
141,central,2026-09-19T00:00:00,2026-09-19 00:00:00,0.0,0.0,278.7919311523437,-0.368365466594696,-0.8114715814590454,70077.140625,10.194620132446287,0.8911673493206381,10.261468569437662,10.173463821411133,61.03125,0.6019287109374432,0.0,0.0
141,central,2026-09-19T01:00:00,2026-09-19 01:00:00,0.0,0.0,278.8291931152344,-0.3417724668979645,-0.903179943561554,70127.421875,10.067583084106444,0.9656823647459718,10.186487515767414,10.124646504720053,99.3984375,0.0372619628906818,0.0,0.0
141,central,2026-09-19T02:00:00,2026-09-19 02:00:00,0.0,0.0,280.50244140625,-0.372000128030777,-0.868792712688446,70173.6015625,9.930181503295898,0.9450845850374786,10.064128239949545,10.097718556722006,104.328125,1.673248291015625,0.0,0.0
141,central,2026-09-19T03:00:00,2026-09-19 03:00:00,0.0,0.0,281.8822326660156,-0.2599945068359375,-0.2183807343244552,70242.125,9.89642333984375,0.3395398190329827,9.964729309082031,10.113098939259848,164.984375,1.379791259765625,0.0,0.0
141,central,2026-09-19T04:00:00,2026-09-19 04:00:00,0.0,0.0,283.13311767578125,0.1176818832755088,0.8516876101493835,70241.6640625,9.96520709991455,0.8597795129759948,9.930603981018066,10.05854574839274,114.2421875,1.250885009765625,0.0,0.0
141,central,2026-09-19T05:00:00,2026-09-19 05:00:00,0.0,0.0,285.42108154296875,0.391165167093277,1.132025122642517,70258.8828125,10.08434772491455,1.19770241138645,9.981992721557615,10.02306048075358,85.28125,2.2879638671875,0.0,0.0
141,central,2026-09-19T06:00:00,2026-09-19 06:00:00,0.0,0.0,286.63873291015625,0.5455840826034546,1.3087279796600342,70238.3515625,10.207865715026855,1.4178966520643483,10.085806846618652,10.025268077850342,-3.7734375,1.2176513671875,0.0,0.0
141,central,2026-09-19T07:00:00,2026-09-19 07:00:00,0.0,0.0,286.538818359375,0.7449127435684204,1.3980621099472046,70197.984375,10.32415771484375,1.5841315156263576,10.205457051595053,10.06803051630656,-43.6796875,-0.09991455078125,0.0,0.0
141,central,2026-09-19T08:00:00,2026-09-19 08:00:00,0.0,0.0,287.2623596191406,0.7820037603378296,1.4013855457305908,70128.21875,10.590518951416016,1.60480881383582,10.374180793762209,10.178086757659912,-130.6640625,0.723541259765625,0.0,0.0
141,central,2026-09-19T09:00:00,2026-09-19 09:00:00,0.0,0.0,286.3360290527344,0.855395495891571,1.4382110834121704,70095.0,11.027363777160645,1.673365642900916,10.64734681447347,10.36657683054606,-143.3515625,-0.92633056640625,0.0,0.0
141,central,2026-09-19T10:00:00,2026-09-19 10:00:00,0.0,0.0,287.15777587890625,0.7837249636650085,1.3296661376953125,70047.7578125,10.655385971069336,1.5434496611180064,10.757756233215332,10.481606642405191,-150.2265625,0.821746826171875,0.0,0.0
141,central,2026-09-19T11:00:00,2026-09-19 11:00:00,0.0,0.0,287.107177734375,0.525067150592804,1.307122826576233,70062.0234375,10.798962593078612,1.4086396261600362,10.827237447102863,10.600709120432535,-66.1953125,-0.05059814453125,0.0,0.0
141,central,2026-09-19T12:00:00,2026-09-19 12:00:00,0.0,0.0,286.5180053710937,0.4235076904296875,1.121649146080017,70095.6015625,11.28479290008545,1.1989393524090863,10.913047154744469,10.780196984608969,0.6015625,-0.5891723632813068,0.0,0.0
141,central,2026-09-19T13:00:00,2026-09-19 13:00:00,0.0,0.0,286.16162109375,0.221160888671875,0.771929919719696,70125.421875,11.44000244140625,0.8029868863416076,11.174585978190104,10.96617110570272,77.6640625,-0.3563842773436931,0.0,0.0
141,central,2026-09-19T14:00:00,2026-09-19 14:00:00,0.0,0.0,284.525390625,-0.1156250014901161,0.277496337890625,70189.8515625,11.370930671691896,0.3006216201677738,11.365242004394531,11.096239725748696,127.828125,-1.63623046875,0.0,0.0
141,central,2026-09-19T15:00:00,2026-09-19 15:00:00,0.0,0.0,282.8436584472656,-0.1104034408926963,-0.0186370853334665,70244.578125,11.374651908874512,0.1119654442704265,11.39519500732422,11.154121081034342,148.9765625,-1.681732177734375,0.0,0.0
141,central,2026-09-19T16:00:00,2026-09-19 16:00:00,0.0,0.0,282.52569580078125,-0.1481140106916427,-0.2132141143083572,70287.671875,11.417108535766602,0.2596112838523419,11.387563705444336,11.28107484181722,162.25,-0.317962646484375,0.0,0.0
141,central,2026-09-19T17:00:00,2026-09-19 17:00:00,0.0,0.0,280.8324279785156,-0.1904571503400802,-0.4028991758823395,70314.203125,11.477373123168944,0.4456474750768058,11.423044522603352,11.39414326349894,124.3515625,-1.693267822265625,0.0,0.0
141,central,2026-09-19T18:00:00,2026-09-19 18:00:00,0.0,0.0,280.178466796875,-0.2238037139177322,-0.4636871218681335,70320.109375,11.522951126098633,0.5148726535267953,11.472477595011393,11.433836301167808,75.53125,-0.653961181640625,0.0,0.0
141,central,2026-09-19T19:00:00,2026-09-19 19:00:00,0.0,0.0,280.04248046875,-0.2126403748989105,-0.6370269656181335,70314.9609375,11.551752090454102,0.67157969293435,11.517358779907228,11.45246124267578,27.2890625,-0.135986328125,0.0,0.0
141,central,2026-09-19T20:00:00,2026-09-19 20:00:00,0.0,0.0,279.1363220214844,-0.2230743467807769,-0.6636993288993835,70287.3515625,11.604662895202637,0.7001849494049143,11.559788703918455,11.491416613260904,-26.8515625,-0.906158447265625,0.0,0.0
141,central,2026-09-19T21:00:00,2026-09-19 21:00:00,0.0,0.0,279.1259765625,-0.2648345828056335,-0.7113189697265625,70294.015625,11.873292922973633,0.7590204430334484,11.676569302876793,11.574523448944092,-26.09375,-0.010345458984375,0.0,0.0
141,central,2026-09-19T22:00:00,2026-09-19 22:00:00,0.0,0.0,277.9193725585937,-0.255880743265152,-0.7865966558456421,70273.1484375,12.567804336547852,0.8271694226465786,12.01525338490804,11.766306082407633,-41.8125,-1.2066040039063068,0.0,0.0
141,central,2026-09-19T23:00:00,2026-09-19 23:00:00,0.0,0.0,278.2197265625,-0.2884185910224914,-0.7779937982559204,70317.25,12.687623977661133,0.8297346767323112,12.376240412394203,11.968014558156332,29.8984375,0.3003540039063068,0.0,0.0
141,central,2026-09-20T00:00:00,2026-09-20 00:00:00,0.0,0.0,278.9313049316406,-0.293161004781723,-0.8420044183731079,70296.5,12.636423110961914,0.8915799545102308,12.630617141723633,12.153593222300213,2.484375,0.711578369140625,0.0,0.0
141,central,2026-09-20T01:00:00,2026-09-20 01:00:00,0.0,0.0,278.76416015625,-0.3298706114292145,-0.884844958782196,70339.046875,12.602996826171877,0.9443332152195802,12.642347971598308,12.328800678253174,65.8984375,-0.167144775390625,0.0,0.0
141,central,2026-09-20T02:00:00,2026-09-20 02:00:00,0.0,0.0,280.93902587890625,-0.2613891661167145,-0.9210174679756165,70374.0546875,12.584375381469728,0.9573909715886229,12.607931772867838,12.492086092631022,56.8046875,2.17486572265625,0.0,0.0
141,central,2026-09-20T03:00:00,2026-09-20 03:00:00,0.0,0.0,282.6142578125,-0.1689209043979644,-0.3353607058525085,70425.5234375,12.714826583862305,0.3755010984970869,12.634066263834637,12.632341702779136,129.0234375,1.67523193359375,0.0,0.0
141,central,2026-09-20T04:00:00,2026-09-20 04:00:00,0.0,0.0,283.8269958496094,0.1688385009765625,0.6301056146621704,70435.9375,13.171252250671388,0.6523339060947271,12.823484738667808,12.732916355133057,96.890625,1.212738037109375,0.0,0.0
141,central,2026-09-20T05:00:00,2026-09-20 05:00:00,0.0,0.0,286.9853515625,0.505462646484375,1.1006256341934204,70444.0703125,13.728487968444824,1.2111437873492383,13.204855600992838,12.906393686930338,70.015625,3.158355712890625,0.0,0.0
141,central,2026-09-20T06:00:00,2026-09-20 06:00:00,0.0,0.0,288.15191650390625,0.515490710735321,1.4304840564727783,70446.140625,14.359085083007812,1.5205312586978346,13.752941767374674,13.193504015604654,20.6171875,1.16656494140625,0.0,0.0
141,central,2026-09-20T07:00:00,2026-09-20 07:00:00,0.0,0.0,288.092041015625,0.58929443359375,1.6849181652069092,70441.140625,15.172698974609377,1.7849978019338837,14.420090675354004,13.621787707010904,5.203125,-0.05987548828125,0.0,0.0
141,central,2026-09-20T08:00:00,2026-09-20 08:00:00,0.0,0.0,289.003173828125,0.6510955691337585,1.5884368419647217,70370.09375,15.750081062316896,1.7166994614831308,15.093955039978027,14.149405320485434,-73.9765625,0.9111328125,0.0,0.0
141,central,2026-09-20T09:00:00,2026-09-20 09:00:00,0.0,0.0,288.88482666015625,0.2982818484306335,1.581018090248108,70327.328125,16.129627227783203,1.6089096502895897,15.684135754903158,14.718538761138916,-118.8125,-0.11834716796875,0.0,0.0
141,central,2026-09-20T10:00:00,2026-09-20 10:00:00,0.0,0.0,287.44110107421875,0.63897705078125,1.6663329601287842,70300.765625,16.585765838623047,1.7846448401395334,16.155158042907715,15.28762435913086,-140.375,-1.4437255859375,0.0,0.0
141,central,2026-09-20T11:00:00,2026-09-20 11:00:00,0.0,0.0,286.94586181640625,0.1624176055192947,0.7541564702987671,70312.9609375,17.11573028564453,0.7714476393612961,16.610374450683594,15.85216474533081,-57.1328125,-0.4952392578125,0.0,0.0
141,central,2026-09-20T12:00:00,2026-09-20 12:00:00,0.0,0.0,286.57275390625,0.1093170195817947,0.4422241151332855,70271.421875,16.60700035095215,0.4555352662260781,16.769498825073242,16.2268172899882,-55.90625,-0.37310791015625,0.0,0.0
141,central,2026-09-20T13:00:00,2026-09-20 13:00:00,0.0,0.0,286.102783203125,0.0004669189511332,0.3124023377895355,70286.265625,16.00998306274414,0.3124026867196791,16.577571233113606,16.366364638010662,-14.5,-0.469970703125,0.0,0.0
141,central,2026-09-20T14:00:00,2026-09-20 14:00:00,0.0,0.0,284.57733154296875,-0.0978057831525802,0.118133544921875,70355.6953125,15.710798263549805,0.1533672248360066,16.10926055908203,16.359817504882812,42.734375,-1.52545166015625,0.0,0.0
141,central,2026-09-20T15:00:00,2026-09-20 15:00:00,0.0,0.0,283.2745666503906,-0.1600982695817947,-0.2072662413120269,70404.578125,15.702593803405762,0.2618983595036448,15.807791709899902,16.288645267486572,133.15625,-1.302764892578125,0.0,0.0
141,central,2026-09-20T16:00:00,2026-09-20 16:00:00,0.0,0.0,283.11962890625,-0.2254394590854644,-0.2930328249931335,70425.203125,15.463293075561523,0.3697177115532919,15.625561714172363,16.101566473642986,138.9375,-0.154937744140625,0.0,0.0
141,central,2026-09-20T17:00:00,2026-09-20 17:00:00,0.0,0.0,281.8959350585937,-0.2309631407260894,-0.459887683391571,70450.46875,15.327850341796877,0.514626712976819,15.497912406921388,15.80358648300171,94.7734375,-1.2236938476563068,0.0,0.0
141,central,2026-09-20T18:00:00,2026-09-20 18:00:00,0.0,0.0,281.83843994140625,-0.1230499297380447,-0.4995849728584289,70426.7265625,15.06962776184082,0.5145157240692405,15.28692372639974,15.54735771814982,22.1484375,-0.0574951171874431,0.0,0.0
141,central,2026-09-20T19:00:00,2026-09-20 19:00:00,0.0,0.0,281.50128173828125,-0.179147332906723,-0.610198974609375,70400.328125,14.806811332702637,0.6359532651869356,15.068096478780111,15.346829096476236,-24.875,-0.337158203125,0.0,0.0
141,central,2026-09-20T20:00:00,2026-09-20 20:00:00,0.0,0.0,280.6712341308594,-0.1757354736328125,-0.681060791015625,70345.546875,14.673007011413574,0.7033681523581927,14.849815368652344,15.173863887786863,-104.921875,-0.830047607421875,0.0,0.0
141,central,2026-09-20T21:00:00,2026-09-20 21:00:00,0.0,0.0,280.41748046875,-0.1935089081525802,-0.7985473871231079,70327.859375,14.567792892456056,0.821659069818831,14.682537078857422,14.98473040262858,-98.8671875,-0.253753662109375,0.0,0.0
141,central,2026-09-20T22:00:00,2026-09-20 22:00:00,0.0,0.0,279.6614685058594,-0.1035552993416786,-0.8730987310409546,70286.4765625,14.2576265335083,0.8792184564527008,14.499475479125977,14.783785978953045,-113.8515625,-0.756011962890625,0.0,0.0
141,central,2026-09-20T23:00:00,2026-09-20 23:00:00,0.0,0.0,279.44024658203125,-0.2406005859375,-0.9730255007743835,70306.125,13.951841354370115,1.0023309169683974,14.259086926778158,14.55445114771525,-39.421875,-0.221221923828125,0.0,0.0
141,central,2026-09-21T00:00:00,2026-09-21 00:00:00,0.0,0.0,280.65155029296875,-0.2338745146989822,-1.083468675613403,70274.828125,13.648519515991213,1.1084230508524922,13.952662467956545,14.317599773406982,-53.03125,1.2113037109375,0.0,0.0
141,central,2026-09-21T01:00:00,2026-09-21 01:00:00,0.0,0.0,280.3550720214844,-0.324237048625946,-1.1453094482421875,70275.421875,13.14545440673828,1.190320711377605,13.58193842569987,14.040706952412924,-11.0546875,-0.296478271484375,0.0,0.0
141,central,2026-09-21T02:00:00,2026-09-21 02:00:00,0.0,0.0,282.1454162597656,-0.355072021484375,-1.1928863525390625,70283.9609375,12.60675048828125,1.2446099752592974,13.133574803670248,13.696330865224205,-22.1640625,1.79034423828125,0.0,0.0
141,central,2026-09-21T03:00:00,2026-09-21 03:00:00,0.0,0.0,284.96875,-0.16302490234375,-0.637969970703125,70290.34375,12.331425666809082,0.6584700466256118,12.694543520609535,13.32360299428304,15.515625,2.823333740234375,0.0,0.0
141,central,2026-09-21T04:00:00,2026-09-21 04:00:00,0.0,0.0,286.00714111328125,0.168954461812973,0.3582519590854645,70286.34375,12.459315299987791,0.3960935197085212,12.46583048502604,13.023884455362955,10.921875,1.03839111328125,0.0,0.0
141,central,2026-09-21T05:00:00,2026-09-21 05:00:00,0.0,0.0,287.85009765625,0.544329822063446,1.097253441810608,70294.34375,12.962615966796877,1.2248510402301367,12.584452311197916,12.859013557434082,10.3828125,1.84295654296875,0.0,0.0
141,central,2026-09-21T06:00:00,2026-09-21 06:00:00,0.0,0.0,288.78076171875,0.7911742925643921,1.3057037591934204,70269.625,13.568679809570312,1.5267020233125377,12.996870358784994,12.845706939697266,-20.71875,0.9306640625,0.0,0.0
141,central,2026-09-21T07:00:00,2026-09-21 07:00:00,0.0,0.0,289.04248046875,0.862683117389679,1.4396240711212158,70192.171875,14.128273010253906,1.678314519743185,13.553189595540363,13.009510040283203,-94.171875,0.26171875,0.0,0.0
141,central,2026-09-21T08:00:00,2026-09-21 08:00:00,0.0,0.0,290.00653076171875,0.8775573968887329,1.4972931146621704,70167.65625,14.669845581054688,1.7355096243031534,14.122266133626304,13.35335922241211,-126.6875,0.96405029296875,0.0,0.0
141,central,2026-09-21T09:00:00,2026-09-21 09:00:00,0.0,0.0,290.2890625,0.836444079875946,1.3859741687774658,70048.078125,15.028231620788574,1.6188153369911915,14.608783404032389,13.802826881408691,-221.546875,0.28253173828125,0.0,0.0
141,central,2026-09-21T10:00:00,2026-09-21 10:00:00,0.0,0.0,287.25469970703125,0.424673467874527,1.396328687667847,70021.7734375,14.42254638671875,1.459479824567914,14.70687452952067,14.130032062530518,-170.3984375,-3.03436279296875,0.0,0.0
141,central,2026-09-21T11:00:00,2026-09-21 11:00:00,0.0,0.0,286.8324584960937,0.5693114995956421,1.2992156744003296,70054.0390625,14.927523612976074,1.4184769833096842,14.7927672068278,14.45751667022705,-113.6171875,-0.4222412109375568,0.0,0.0
141,central,2026-09-21T12:00:00,2026-09-21 12:00:00,0.0,0.0,286.1327514648437,0.3035949766635895,0.6849212646484375,70052.875,15.18432331085205,0.7491909293517778,14.844797770182293,14.72679058710734,4.796875,-0.69970703125,0.0,0.0
141,central,2026-09-21T13:00:00,2026-09-21 13:00:00,0.0,0.0,286.0323791503906,0.3434692323207855,0.5048125982284546,70054.5234375,15.549832344055176,0.6105791290907288,15.2205597559611,14.963717142740885,32.75,-0.1003723144530681,0.0,0.0
141,central,2026-09-21T14:00:00,2026-09-21 14:00:00,0.0,0.0,284.5792541503906,0.1288116425275802,0.29669189453125,70118.328125,15.759836196899414,0.3234478621527671,15.497997283935549,15.145382245381674,64.2890625,-1.453125,0.0,0.0
141,central,2026-09-21T15:00:00,2026-09-21 15:00:00,0.0,0.0,283.53485107421875,-0.0743774399161338,0.1212066635489463,70156.578125,15.338348388671877,0.1422078016746815,15.549338976542154,15.197068373362224,103.703125,-1.044403076171875,0.0,0.0
141,central,2026-09-21T16:00:00,2026-09-21 16:00:00,0.0,0.0,283.568115234375,-0.0483886711299419,-0.1439453065395355,70178.5546875,14.731298446655272,0.1518608401415009,15.27649434407552,15.24852705001831,124.03125,0.03326416015625,0.0,0.0
141,central,2026-09-21T17:00:00,2026-09-21 17:00:00,0.0,0.0,282.47967529296875,-0.0285583492368459,-0.391528308391571,70167.4375,14.190765380859377,0.3925684597405894,14.753470738728842,15.125734011332192,49.109375,-1.08843994140625,0.0,0.0
141,central,2026-09-21T18:00:00,2026-09-21 18:00:00,0.0,0.0,282.2245178222656,0.0350372307002544,-0.435382068157196,70175.6796875,13.792439460754396,0.4367895978706225,14.238167762756348,14.893753369649252,19.1015625,-0.255157470703125,0.0,0.0
141,central,2026-09-21T19:00:00,2026-09-21 19:00:00,0.0,0.0,281.92529296875,-0.0002807617129292,-0.5664947628974915,70146.4921875,13.562898635864258,0.5664948324719515,13.848701159159342,14.562597751617432,-32.0625,-0.299224853515625,0.0,0.0
141,central,2026-09-21T20:00:00,2026-09-21 20:00:00,0.0,0.0,281.25421142578125,-0.1034820526838302,-0.6165374517440796,70122.671875,13.197794914245604,0.6251615508256584,13.51771100362142,14.13559087117513,-44.765625,-0.67108154296875,0.0,0.0
141,central,2026-09-21T21:00:00,2026-09-21 21:00:00,0.0,0.0,281.02557373046875,-0.1807128936052322,-0.6224945187568665,70099.453125,12.717412948608398,0.64819485943466,13.159368832906088,13.698768297831217,-76.2265625,-0.2286376953125,0.0,0.0
141,central,2026-09-21T22:00:00,2026-09-21 22:00:00,0.0,0.0,279.6940002441406,-0.2933593690395355,-0.6682647466659546,70066.7734375,12.251813888549805,0.7298201771942091,12.72234058380127,13.285520871480308,-79.71875,-1.331573486328125,0.0,0.0
141,central,2026-09-21T23:00:00,2026-09-21 23:00:00,0.0,0.0,279.9879455566406,-0.2342865020036697,-0.7933136224746704,70069.578125,11.860549926757812,0.8271859939729392,12.276592254638672,12.897151629130043,-53.09375,0.2939453125,0.0,0.0
141,central,2026-09-22T00:00:00,2026-09-22 00:00:00,0.0,0.0,281.36456298828125,-0.253805547952652,-0.7568114995956421,70083.734375,11.608779907226562,0.7982361192603041,11.907047907511393,12.53320837020874,-15.71875,1.376617431640625,0.0,0.0
141,central,2026-09-22T01:00:00,2026-09-22 01:00:00,0.0,0.0,281.0533752441406,-0.3579376339912414,-0.826403796672821,70109.34375,11.188852310180664,0.9005901315151645,11.552727381388346,12.137533982594809,42.5703125,-0.311187744140625,0.0,0.0
141,central,2026-09-22T02:00:00,2026-09-22 02:00:00,0.0,0.0,281.65289306640625,-0.342272937297821,-0.94390869140625,70133.1015625,10.673446655273438,1.004048993485247,11.157026290893556,11.716809272766112,63.5234375,0.599517822265625,0.0,0.0
141,central,2026-09-22T03:00:00,2026-09-22 03:00:00,0.0,0.0,283.9019470214844,-0.3113678097724914,-0.5250762701034546,70166.1953125,10.29714012145996,0.6104547504838295,10.719813028971354,11.313430468241371,82.4609375,2.249053955078125,0.0,0.0
141,central,2026-09-22T04:00:00,2026-09-22 04:00:00,0.0,0.0,285.05279541015625,0.1150421127676963,0.617840588092804,70159.296875,10.233904838562012,0.6284597680081974,10.40149720509847,10.977112293243408,49.953125,1.150848388671875,0.0,0.0
141,central,2026-09-22T05:00:00,2026-09-22 05:00:00,0.0,0.0,287.7274475097656,0.5225769281387329,1.0640411376953125,70156.1875,10.379345893859863,1.1854409257870462,10.303463617960611,10.730244954427084,23.0859375,2.674652099609375,0.0,0.0
141,central,2026-09-22T06:00:00,2026-09-22 06:00:00,0.0,0.0,288.64337158203125,0.7840057611465454,1.2792847156524658,70111.015625,10.609148025512695,1.500411415983291,10.407466252644856,10.563639640808104,-55.1796875,0.915924072265625,0.0,0.0
141,central,2026-09-22T07:00:00,2026-09-22 07:00:00,0.0,0.0,288.8934020996094,0.927594006061554,1.3646758794784546,70082.5625,10.988256454467772,1.650082087688857,10.65891679128011,10.530206998189293,-76.734375,0.250030517578125,0.0,0.0
141,central,2026-09-22T08:00:00,2026-09-22 08:00:00,0.0,0.0,289.53521728515625,0.9079254269599916,1.2249358892440796,70014.8984375,11.320404052734377,1.5247283409442702,10.97260284423828,10.638033231099447,-141.2890625,0.641815185546875,0.0,0.0
141,central,2026-09-22T09:00:00,2026-09-22 09:00:00,0.0,0.0,289.124755859375,0.928686499595642,1.1347839832305908,69953.8984375,11.46025848388672,1.4663537441994998,11.256306330362955,10.831886291503906,-157.1171875,-0.41046142578125,0.0,0.0
141,central,2026-09-22T10:00:00,2026-09-22 10:00:00,0.0,0.0,287.9798889160156,1.004797339439392,1.176608324050903,69909.140625,11.724637031555176,1.5472636625896556,11.501766522725424,11.080341657002768,-173.421875,-1.144866943359375,0.0,0.0
141,central,2026-09-22T11:00:00,2026-09-22 11:00:00,0.0,0.0,287.4120483398437,0.878369152545929,1.2364593744277954,69908.3828125,11.973111152648926,1.5166951416664551,11.719335556030272,11.345969200134276,-106.515625,-0.5678405761719318,0.0,0.0
141,central,2026-09-22T12:00:00,2026-09-22 12:00:00,0.0,0.0,286.8779296875,0.5596069097518921,0.8519653081893921,69890.8359375,11.677854537963867,1.0193158390804629,11.79186757405599,11.524086952209473,-63.0625,-0.5341186523436932,0.0,0.0
141,central,2026-09-22T13:00:00,2026-09-22 13:00:00,0.0,0.0,286.9901733398437,0.2218200713396072,0.6385162472724915,69903.984375,11.41981029510498,0.6759490676671238,11.690258661905924,11.596012592315674,-5.15625,0.1122436523436931,0.0,0.0
141,central,2026-09-22T14:00:00,2026-09-22 14:00:00,0.0,0.0,285.4024963378906,0.0558227524161338,0.4410644471645355,69957.9765625,11.30174446105957,0.4445829801509166,11.466469764709473,11.592902660369871,49.59375,-1.5876770019530682,0.0,0.0
141,central,2026-09-22T15:00:00,2026-09-22 15:00:00,0.0,0.0,282.87255859375,-0.0796112045645713,0.2375640869140625,70009.75,11.331585884094238,0.2505486764753193,11.351046880086264,11.571457227071129,118.9140625,-2.529937744140625,0.0,0.0
141,central,2026-09-22T16:00:00,2026-09-22 16:00:00,0.0,0.0,282.9281616210937,0.021673584356904,0.2001159638166427,70036.8125,11.15485954284668,0.2012862221642099,11.26272996266683,11.476494312286375,132.828125,0.0556030273436931,0.0,0.0
141,central,2026-09-22T17:00:00,2026-09-22 17:00:00,0.0,0.0,282.1890563964844,-0.0423736572265625,0.106201171875,70048.171875,11.06678581237793,0.1143425368547396,11.184410413106283,11.325440088907875,90.1953125,-0.7391052246093182,0.0,0.0
141,central,2026-09-22T18:00:00,2026-09-22 18:00:00,0.0,0.0,281.5975646972656,-0.0559112541377544,-0.0504302978515625,70052.3671875,10.812190055847168,0.0752946431072879,11.01127847035726,11.181162675221762,42.6171875,-0.59149169921875,0.0,0.0
141,central,2026-09-22T19:00:00,2026-09-22 19:00:00,0.0,0.0,282.0185546875,-0.1265502870082855,-0.4419220089912414,70040.375,10.379213333129885,0.4596847149653056,10.752729733784994,11.007729848225912,3.5625,0.420989990234375,0.0,0.0
141,central,2026-09-22T20:00:00,2026-09-22 20:00:00,0.0,0.0,280.6458435058594,-0.0999023467302322,-0.38421630859375,70014.5,9.898902893066406,0.3969920032842164,10.363435427347818,10.77392292022705,-33.671875,-1.372711181640625,0.0,0.0
141,central,2026-09-22T21:00:00,2026-09-22 21:00:00,0.0,0.0,279.9205627441406,-0.1546661406755447,-0.4341491758823395,69980.9765625,9.473394393920898,0.4608764715092124,9.917170206705729,10.464224338531496,-71.390625,-0.72528076171875,0.0,0.0
141,central,2026-09-22T22:00:00,2026-09-22 22:00:00,0.0,0.0,279.17559814453125,-0.1460601836442947,-0.3691436648368835,69975.9765625,9.5924711227417,0.3969894488968321,9.654922803243002,10.203826268513998,-64.3984375,-0.744964599609375,0.0,0.0
141,central,2026-09-22T23:00:00,2026-09-22 23:00:00,0.0,0.0,279.21441650390625,-0.2632781863212585,-0.576007068157196,69969.9765625,9.338163375854492,0.6333242028847943,9.46800963083903,9.915722529093424,-44.5234375,0.038818359375,0.0,0.0
141,central,2026-09-23T00:00:00,2026-09-23 00:00:00,0.0,0.0,280.6341857910156,-0.280993640422821,-0.744232177734375,69977.828125,9.239631652832031,0.7955117600220125,9.39008871714274,9.653629461924234,-3.1484375,1.419769287109375,0.0,0.0
141,central,2026-09-23T01:00:00,2026-09-23 01:00:00,0.0,0.0,280.693603515625,-0.3672119081020355,-0.7949126958847046,70004.7265625,9.18171501159668,0.8756316460308106,9.253170013427734,9.454046408335367,28.75,0.059417724609375,0.0,0.0
141,central,2026-09-23T02:00:00,2026-09-23 02:00:00,0.0,0.0,282.0279235839844,-0.403338611125946,-0.8023742437362671,70067.859375,9.170867919921877,0.8980459132117654,9.197404861450195,9.332707246144611,97.8828125,1.334320068359375,0.0,0.0
141,central,2026-09-23T03:00:00,2026-09-23 03:00:00,0.0,0.0,283.181884765625,-0.2155181914567947,-0.1695007383823394,70128.046875,9.282209396362305,0.2741871462358618,9.211597442626951,9.300843079884848,150.21875,1.153961181640625,0.0,0.0
141,central,2026-09-23T04:00:00,2026-09-23 04:00:00,0.0,0.0,284.531494140625,0.2693298459053039,0.7697387933731079,70128.546875,9.510190963745115,0.8154976247168736,9.321089426676432,9.287129720052084,123.8203125,1.349609375,0.0,0.0
141,central,2026-09-23T05:00:00,2026-09-23 05:00:00,0.0,0.0,286.7560119628906,0.606915295124054,1.2771790027618408,70141.125,9.866564750671388,1.414048224266502,9.552988370259603,9.375196615854898,73.265625,2.224517822265625,0.0,0.0
141,central,2026-09-23T06:00:00,2026-09-23 06:00:00,0.0,0.0,287.61920166015625,0.7312164306640625,1.54486083984375,70083.515625,10.323694229125977,1.7091730406707883,9.900149981180826,9.55587371190389,-44.53125,0.863189697265625,0.0,0.0
141,central,2026-09-23T07:00:00,2026-09-23 07:00:00,0.0,0.0,288.11431884765625,0.8116394281387329,1.484710693359375,70079.3515625,10.774496078491213,1.6920769498710884,10.321585019429524,9.82133722305298,-49.1953125,0.4951171875,0.0,0.0
142,central,2026-09-18T05:00:00,2026-09-18 05:00:00,0.0,0.0,283.24267578125,0.9867401123046876,1.178705811500549,66569.3515625,7.7350172996521,1.537206374985557,7.561708291371663,7.897608757019043,112.0390625,2.963623046875,0.0,0.0
142,central,2026-09-18T06:00:00,2026-09-18 06:00:00,0.0,0.0,283.8876037597656,1.19769287109375,1.3048095703125,66557.5625,8.22724723815918,1.7711567486385502,7.820600986480713,7.786442915598552,57.3671875,0.644927978515625,0.0,0.0
142,central,2026-09-18T07:00:00,2026-09-18 07:00:00,0.0,0.0,283.859619140625,1.2792154550552368,1.201263427734375,66578.0625,8.80789566040039,1.754829337361419,8.256720066070557,7.897705872853597,63.5859375,-0.027984619140625,0.0,0.0
142,central,2026-09-18T08:00:00,2026-09-18 08:00:00,0.0,0.0,284.7359924316406,1.262761473655701,1.0520782470703125,66517.6953125,9.148815155029297,1.6436043250453132,8.727986017862955,8.14484715461731,-51.65625,0.876373291015625,0.0,0.0
142,central,2026-09-18T09:00:00,2026-09-18 09:00:00,0.0,0.0,284.58203125,1.3977813720703125,0.8875071406364441,66491.7734375,9.2377347946167,1.6557359961018672,9.064815203348797,8.442708094914755,-65.7890625,-0.153961181640625,0.0,0.0
142,central,2026-09-18T10:00:00,2026-09-18 10:00:00,0.0,0.0,283.2685546875,1.0743662118911743,1.0258992910385132,66511.03125,9.029922485351562,1.4855073586511498,9.138824144999186,8.697772105534872,-67.03125,-1.3134765625,0.0,0.0
142,central,2026-09-18T11:00:00,2026-09-18 11:00:00,0.0,0.0,283.4435119628906,1.181157469749451,0.7456309199333191,66470.4609375,9.210487365722656,1.3968172525801408,9.15938154856364,8.943683783213297,-47.234375,0.174957275390625,0.0,0.0
142,central,2026-09-18T12:00:00,2026-09-18 12:00:00,0.0,0.0,283.1859436035156,0.8994801640510559,0.5047861933708191,66466.9296875,9.042386054992676,1.0314425173217925,9.0942653020223,9.079540252685549,-24.84375,-0.257568359375,0.0,0.0
142,central,2026-09-18T13:00:00,2026-09-18 13:00:00,0.0,0.0,283.3065490722656,0.6931712031364441,0.1688588410615921,66505.8046875,8.737107276916504,0.7134420965027852,8.996660232543945,9.067742188771566,-5.2265625,0.12060546875,0.0,0.0
142,central,2026-09-18T14:00:00,2026-09-18 14:00:00,0.0,0.0,281.5146484375,0.2469482421875,-0.1756134033203125,66557.59375,8.11888599395752,0.3030239293277659,8.632793108622232,8.896087328592936,87.1328125,-1.791900634765625,0.0,0.0
142,central,2026-09-18T15:00:00,2026-09-18 15:00:00,0.0,0.0,279.52392578125,-0.0453033447265625,0.0033111572265625,66569.9765625,7.565878391265869,0.0454241874511011,8.140623887379965,8.617444594701132,103.046875,-1.99072265625,0.0,0.0
142,central,2026-09-18T16:00:00,2026-09-18 16:00:00,0.0,0.0,279.5023498535156,-0.2339019775390625,-0.1221720352768898,66586.84375,7.344567775726318,0.2638866068984588,7.676444053649902,8.336552143096924,81.0390625,-0.021575927734375,0.0,0.0
142,central,2026-09-18T17:00:00,2026-09-18 17:00:00,0.0,0.0,278.9783630371094,-0.3133392333984375,-0.1769459992647171,66611.9921875,7.312004089355469,0.3598490820364973,7.407483418782552,8.020138263702393,54.3984375,-0.52398681640625,0.0,0.0
142,central,2026-09-18T18:00:00,2026-09-18 18:00:00,0.0,0.0,278.7657775878906,-0.3836822509765625,-0.191741943359375,66593.21875,7.253401279449463,0.4289254510490974,7.303324381510417,7.72197413444519,23.2421875,-0.21258544921875,0.0,0.0
142,central,2026-09-18T19:00:00,2026-09-18 19:00:00,0.0,0.0,278.0227966308594,-0.4334818422794342,-0.2379048615694046,66590.1953125,7.122433185577393,0.4944747018244005,7.229279518127441,7.452861785888672,3.3515625,-0.74298095703125,0.0,0.0
142,central,2026-09-18T20:00:00,2026-09-18 20:00:00,0.0,0.0,276.6687927246094,-0.4691925048828125,-0.2667032778263092,66574.4453125,7.023390293121338,0.5396964378625316,7.133074919382731,7.270279169082642,-37.546875,-1.35400390625,0.0,0.0
142,central,2026-09-18T21:00:00,2026-09-18 21:00:00,0.0,0.0,276.546630859375,-0.4626922607421875,-0.2754872739315033,66563.1484375,6.93330717086792,0.5384954653930965,7.026376883188884,7.16485063234965,-30.0703125,-0.122161865234375,0.0,0.0
142,central,2026-09-18T22:00:00,2026-09-18 22:00:00,0.0,0.0,275.4203186035156,-0.6596171259880066,-0.3849741518497467,66571.9609375,7.151412963867188,0.7637406958445448,7.0360368092854815,7.132658163706462,-18.234375,-1.126312255859375,0.0,0.0
142,central,2026-09-18T23:00:00,2026-09-18 23:00:00,0.0,0.0,275.607666015625,-0.7533060908317566,-0.3585256040096283,66602.8984375,7.024993896484375,0.8342725425271358,7.036571343739827,7.084823131561279,28.453125,0.187347412109375,0.0,0.0
142,central,2026-09-19T00:00:00,2026-09-19 00:00:00,0.0,0.0,276.2373962402344,-0.7598368525505066,-0.4278615415096283,66609.6328125,6.875316619873047,0.8720192321255625,7.01724116007487,7.021809021631877,46.484375,0.629730224609375,0.0,0.0
142,central,2026-09-19T01:00:00,2026-09-19 01:00:00,0.0,0.0,276.2744140625,-0.6939697265625,-0.4236551821231842,66666.09375,6.697563648223877,0.8130668451763725,6.865958054860433,6.950997432072957,94.1328125,0.037017822265625,0.0,0.0
142,central,2026-09-19T02:00:00,2026-09-19 02:00:00,0.0,0.0,278.20654296875,-0.6971791386604309,-0.3021748960018158,66709.3515625,6.398802280426025,0.7598476289079334,6.657227516174316,6.846899429957072,106.453125,1.93212890625,0.0,0.0
142,central,2026-09-19T03:00:00,2026-09-19 03:00:00,0.0,0.0,279.5125427246094,-0.3010915219783783,0.3247833251953125,66770.4609375,6.148995876312256,0.4428773113766163,6.415120601654053,6.716180880864461,160.828125,1.305999755859375,0.0,0.0
142,central,2026-09-19T04:00:00,2026-09-19 04:00:00,0.0,0.0,280.6502380371094,0.3462626039981842,0.9093373417854308,66777.28125,6.162342071533203,0.97303247227058,6.236713409423828,6.551335732142131,111.1875,1.1376953125,0.0,0.0
142,central,2026-09-19T05:00:00,2026-09-19 05:00:00,0.0,0.0,283.20947265625,0.6517283320426941,1.1325784921646118,66800.984375,6.451501846313477,1.3067072586088353,6.254279931386312,6.455753723780314,91.6328125,2.559234619140625,0.0,0.0
142,central,2026-09-19T06:00:00,2026-09-19 06:00:00,0.0,0.0,284.3833923339844,0.8251902461051941,1.22650146484375,66790.3515625,6.872839450836182,1.4782573475315506,6.495561122894287,6.45534086227417,19.890625,1.173919677734375,0.0,0.0
142,central,2026-09-19T07:00:00,2026-09-19 07:00:00,0.0,0.0,284.340576171875,1.036921143531799,1.1801910400390625,66766.15625,7.362568378448486,1.57100488506299,6.895636558532715,6.566174983978272,-11.125,-0.042816162109375,0.0,0.0
142,central,2026-09-19T08:00:00,2026-09-19 08:00:00,0.0,0.0,285.1841735839844,1.1222381591796875,1.1077169179916382,66705.6171875,7.802400588989258,1.5768497887636308,7.345936139424642,6.800108035405477,-95.3671875,0.843597412109375,0.0,0.0
142,central,2026-09-19T09:00:00,2026-09-19 09:00:00,0.0,0.0,284.3665466308594,1.2632242441177368,0.9878692626953124,66673.4375,8.099888801574707,1.6036275038502577,7.754952589670817,7.125256856282552,-116.9140625,-0.817626953125,0.0,0.0
142,central,2026-09-19T10:00:00,2026-09-19 10:00:00,0.0,0.0,285.1556701660156,1.2501474618911743,1.0174916982650757,66628.109375,8.074688911437988,1.611880278591215,7.992326100667317,7.443981329600017,-138.046875,0.78912353515625,0.0,0.0
142,central,2026-09-19T11:00:00,2026-09-19 11:00:00,0.0,0.0,284.9092712402344,1.081268310546875,1.0185648202896118,66618.875,8.327250480651855,1.485468092058696,8.16727606455485,7.756606101989746,-86.7421875,-0.24639892578125,0.0,0.0
142,central,2026-09-19T12:00:00,2026-09-19 12:00:00,0.0,0.0,284.333251953125,0.912602722644806,0.7142435908317566,66663.28125,8.423141479492188,1.1588734341691307,8.27502695719401,8.014989773432413,-10.15625,-0.576019287109375,0.0,0.0
142,central,2026-09-19T13:00:00,2026-09-19 13:00:00,0.0,0.0,284.04296875,0.700897216796875,0.3762105405330658,66688.6796875,8.38482666015625,0.7954817906915199,8.378406206766764,8.185366153717041,60.5703125,-0.290283203125,0.0,0.0
142,central,2026-09-19T14:00:00,2026-09-19 14:00:00,0.0,0.0,282.2430114746094,0.2798665463924408,0.2145894318819046,66738.9375,8.132616996765137,0.3526668513838957,8.313528378804525,8.240402221679688,120.0625,-1.799957275390625,0.0,0.0
142,central,2026-09-19T15:00:00,2026-09-19 15:00:00,0.0,0.0,280.5302734375,-0.1242218017578125,-0.0363616943359375,66794.0625,7.778297424316406,0.1294342645783465,8.098580360412598,8.186803658803305,130.78125,-1.712738037109375,0.0,0.0
142,central,2026-09-19T16:00:00,2026-09-19 16:00:00,0.0,0.0,280.3660583496094,-0.3743184506893158,-0.143585205078125,66826.6484375,7.349659442901611,0.4009127257194225,7.753524621327718,8.065965414047241,137.96875,-0.164215087890625,0.0,0.0
142,central,2026-09-19T17:00:00,2026-09-19 17:00:00,0.0,0.0,278.8592224121094,-0.4517364501953125,-0.1873067170381546,66852.3046875,7.113864421844482,0.4890292697606896,7.4139404296875,7.863734404246013,113.3671875,-1.5068359375,0.0,0.0
142,central,2026-09-19T18:00:00,2026-09-19 18:00:00,0.0,0.0,278.0059509277344,-0.5142822265625,-0.1941070556640625,66855.3984375,7.061784744262695,0.5496942401159521,7.175102869669597,7.636841615041097,61.3359375,-0.853271484375,0.0,0.0
142,central,2026-09-19T19:00:00,2026-09-19 19:00:00,0.0,0.0,277.34423828125,-0.5417582392692566,-0.2280426025390625,66857.2578125,7.068027496337891,0.5877970894695838,7.081225554148356,7.417375087738037,30.609375,-0.661712646484375,0.0,0.0
142,central,2026-09-19T20:00:00,2026-09-19 20:00:00,0.0,0.0,276.23779296875,-0.5740509033203125,-0.2937774658203125,66832.1875,7.043954372406006,0.6448562933140001,7.05792220433553,7.235931317011516,-20.1171875,-1.1064453125,0.0,0.0
142,central,2026-09-19T21:00:00,2026-09-19 21:00:00,0.0,0.0,275.9798278808594,-0.6715240478515625,-0.4009348452091217,66835.8671875,7.024856090545654,0.7821082386382399,7.045612653096517,7.110357761383057,-19.53125,-0.257965087890625,0.0,0.0
142,central,2026-09-19T22:00:00,2026-09-19 22:00:00,0.0,0.0,274.685302734375,-0.6344451904296875,-0.3706461489200592,66809.4375,7.442705631256103,0.7347783797640164,7.170505364735921,7.125865459442139,-47.8203125,-1.294525146484375,0.0,0.0
142,central,2026-09-19T23:00:00,2026-09-19 23:00:00,0.0,0.0,274.875,-0.7020416259765625,-0.3495432436466217,66857.3671875,7.696835041046143,0.7842467237947617,7.388132254282634,7.223027229309082,25.1796875,0.189697265625,0.0,0.0
142,central,2026-09-20T00:00:00,2026-09-20 00:00:00,0.0,0.0,276.0332946777344,-0.7181447148323059,-0.3993937075138092,66842.3046875,7.884958267211914,0.8217342423455409,7.674832979838054,7.360222816467285,6.4375,1.158294677734375,0.0,0.0
142,central,2026-09-20T01:00:00,2026-09-20 01:00:00,0.0,0.0,275.7731018066406,-0.6538289189338684,-0.3985494077205658,66883.6015625,7.957683563232422,0.7657244188535748,7.846492290496826,7.508498827616374,74.1640625,-0.26019287109375,0.0,0.0
142,central,2026-09-20T02:00:00,2026-09-20 02:00:00,0.0,0.0,278.597412109375,-0.70953369140625,-0.3816782534122467,66924.6171875,7.990590572357178,0.8056775709726582,7.944410800933838,7.666271527608235,67.25,2.824310302734375,0.0,0.0
142,central,2026-09-20T03:00:00,2026-09-20 03:00:00,0.0,0.0,280.3409729003906,-0.2911376953125,0.1896718293428421,66973.1875,8.054083824157715,0.3474716685977927,8.000785986582438,7.837809483210246,130.8828125,1.743560791015625,0.0,0.0
142,central,2026-09-20T04:00:00,2026-09-20 04:00:00,0.0,0.0,281.4408264160156,0.2633209228515625,0.6677195429801941,66986.4921875,8.31412410736084,0.7177654885051787,8.11959950129191,7.983045895894368,102.890625,1.099853515625,0.0,0.0
142,central,2026-09-20T05:00:00,2026-09-20 05:00:00,0.0,0.0,284.8312072753906,0.5077412724494934,0.9713287353515624,67002.8984375,8.754302024841309,1.0960295214401372,8.374169985453287,8.159290393193563,78.28125,3.390380859375,0.0,0.0
142,central,2026-09-20T06:00:00,2026-09-20 06:00:00,0.0,0.0,285.8960876464844,0.71148681640625,1.278986573219299,66996.140625,9.369796752929688,1.4635641920992557,8.812740961710611,8.406763474146524,22.953125,1.06488037109375,0.0,0.0
142,central,2026-09-20T07:00:00,2026-09-20 07:00:00,0.0,0.0,285.6626892089844,0.9140828251838684,1.331207275390625,67000.2421875,10.05896282196045,1.6148251364618569,9.394353866577148,8.75697668393453,13.75,-0.2333984375,0.0,0.0
142,central,2026-09-20T08:00:00,2026-09-20 08:00:00,0.0,0.0,286.736083984375,0.958501160144806,1.255071043968201,66943.8828125,10.63090705871582,1.579217464254486,10.019888877868652,9.19702943166097,-59.015625,1.073394775390625,0.0,0.0
142,central,2026-09-20T09:00:00,2026-09-20 09:00:00,0.0,0.0,286.5718688964844,0.9699452519416808,0.9611613154411316,66899.8203125,11.02519702911377,1.365512675175422,10.571688969930014,9.692214965820312,-96.3203125,-0.164215087890625,0.0,0.0
142,central,2026-09-20T10:00:00,2026-09-20 10:00:00,0.0,0.0,285.3935546875,1.1152139902114868,1.1280517578125,66857.4453125,11.820271492004396,1.5862543970836762,11.158791859944662,10.276572863260904,-142.796875,-1.178314208984375,0.0,0.0
142,central,2026-09-20T11:00:00,2026-09-20 11:00:00,0.0,0.0,284.8636779785156,0.7268218994140625,1.0479227304458618,66863.6171875,12.412344932556152,1.2753086381158782,11.752604484558104,10.88624668121338,-80.265625,-0.529876708984375,0.0,0.0
142,central,2026-09-20T12:00:00,2026-09-20 12:00:00,0.0,0.0,284.4684143066406,0.4883371889591217,0.56365966796875,66855.4375,12.503649711608888,0.7457784063749355,12.24542204538981,11.408555507659912,-44.3828125,-0.395263671875,0.0,0.0
142,central,2026-09-20T13:00:00,2026-09-20 13:00:00,0.0,0.0,284.3789978027344,0.1842397004365921,0.0810546875,66855.0078125,11.969650268554688,0.2012812201440756,12.295214970906576,11.72700341542562,-2.4375,-0.08941650390625,0.0,0.0
142,central,2026-09-20T14:00:00,2026-09-20 14:00:00,0.0,0.0,282.6502380371094,-0.0048370361328125,0.3816426694393158,66905.9609375,11.479743957519531,0.3816733211207157,11.9843479792277,11.868476231892904,42.34375,-1.728759765625,0.0,0.0
142,central,2026-09-20T15:00:00,2026-09-20 15:00:00,0.0,0.0,281.128173828125,-0.3299713134765625,0.0766042098402977,66948.1796875,11.305132865905762,0.3387466201790126,11.584842363993326,11.915132204691568,92.7421875,-1.522064208984375,0.0,0.0
142,central,2026-09-20T16:00:00,2026-09-20 16:00:00,0.0,0.0,281.1951599121094,-0.3873697817325592,-0.01140848826617,66965.8828125,11.13982105255127,0.3875377419091589,11.30823262532552,11.801723798116049,110.875,0.066986083984375,0.0,0.0
142,central,2026-09-20T17:00:00,2026-09-20 17:00:00,0.0,0.0,279.5796813964844,-0.4465230405330658,-0.1172281876206398,66995.3515625,11.21264934539795,0.4616549292487992,11.21920108795166,11.601774533589682,89.390625,-1.615478515625,0.0,0.0
142,central,2026-09-20T18:00:00,2026-09-20 18:00:00,0.0,0.0,279.1167907714844,-0.4471384584903717,-0.2496337890625,66981.5234375,11.254685401916504,0.5121033388905472,11.202385266621908,11.393613815307615,33.34375,-0.462890625,0.0,0.0
142,central,2026-09-20T19:00:00,2026-09-20 19:00:00,0.0,0.0,278.8896484375,-0.4255014955997467,-0.3181253969669342,66965.15625,11.17530345916748,0.5312770378559483,11.214212735493978,11.26122268040975,-0.7265625,-0.227142333984375,0.0,0.0
142,central,2026-09-20T20:00:00,2026-09-20 20:00:00,0.0,0.0,277.8387756347656,-0.4537302553653717,-0.3823954164981842,66908.5625,11.051753044128418,0.5933779564432312,11.1605806350708,11.18989086151123,-86.7890625,-1.050872802734375,0.0,0.0
142,central,2026-09-20T21:00:00,2026-09-20 21:00:00,0.0,0.0,277.640625,-0.5254262089729309,-0.3946736752986908,66890.84375,10.914538383483888,0.657145350017363,11.047198295593262,11.124791781107584,-90.6796875,-0.198150634765625,0.0,0.0
142,central,2026-09-20T22:00:00,2026-09-20 22:00:00,0.0,0.0,276.9361267089844,-0.5973866581916809,-0.3690948486328125,66862.4375,10.838455200195312,0.7022120952196017,10.93491554260254,11.074564139048258,-102.71875,-0.704498291015625,0.0,0.0
142,central,2026-09-20T23:00:00,2026-09-20 23:00:00,0.0,0.0,276.9083557128906,-0.6125081181526184,-0.3835398256778717,66877.4921875,10.722088813781738,0.7226818059726384,10.825027465820312,10.992804050445557,-31.0703125,-0.02777099609375,0.0,0.0
142,central,2026-09-21T00:00:00,2026-09-21 00:00:00,0.0,0.0,278.5270080566406,-0.6308797001838684,-0.4895070493221283,66851.5625,10.334813117980955,0.7985150890497588,10.63178571065267,10.839492003122963,-39.28125,1.61865234375,0.0,0.0
142,central,2026-09-21T01:00:00,2026-09-21 01:00:00,0.0,0.0,278.30322265625,-0.7059428095817566,-0.5435028076171875,66843.2578125,9.661469459533691,0.8909267940116908,10.239457130432127,10.587186336517334,-19.1796875,-0.223785400390625,0.0,0.0
142,central,2026-09-21T02:00:00,2026-09-21 02:00:00,0.0,0.0,280.0634765625,-0.7839457392692566,-0.5171051025390625,66849.8984375,9.012772560119627,0.93913183802401,9.669685045878092,10.247356255849205,-27.59375,1.76025390625,0.0,0.0
142,central,2026-09-21T03:00:00,2026-09-21 03:00:00,0.0,0.0,282.08203125,-0.4646199643611908,-0.046173095703125,66853.4765625,8.665376663208008,0.4669086270886458,9.113206227620443,9.872495969136557,1.9140625,2.0185546875,0.0,0.0
142,central,2026-09-21T04:00:00,2026-09-21 04:00:00,0.0,0.0,282.8173828125,0.2360280305147171,0.5039876103401184,66855.046875,8.758240699768066,0.5565184117035116,8.812129974365234,9.52579355239868,11.7890625,0.7353515625,0.0,0.0
142,central,2026-09-21T05:00:00,2026-09-21 05:00:00,0.0,0.0,285.2342224121094,0.7299906611442566,0.87982177734375,66864.4453125,9.21961498260498,1.1432290782018029,8.881077448527018,9.275381247202557,14.546875,2.416839599609375,0.0,0.0
142,central,2026-09-21T06:00:00,2026-09-21 06:00:00,0.0,0.0,286.1432189941406,1.0055135488510132,1.021296143531799,66842.875,9.84241008758545,1.433214327906292,9.273421923319498,9.19331407546997,-10.6015625,0.90899658203125,0.0,0.0
142,central,2026-09-21T07:00:00,2026-09-21 07:00:00,0.0,0.0,286.1773986816406,1.2166544198989868,0.9951578974723816,66775.6796875,10.41196346282959,1.5718101724958364,9.824662844340006,9.31839640935262,-79.3671875,0.0341796875,0.0,0.0
142,central,2026-09-21T08:00:00,2026-09-21 08:00:00,0.0,0.0,287.1468200683594,1.245330810546875,0.943598449230194,66748.359375,10.820202827453612,1.562442594493303,10.358192125956217,9.619634787241615,-116.0859375,0.96942138671875,0.0,0.0
142,central,2026-09-21T09:00:00,2026-09-21 09:00:00,0.0,0.0,287.33544921875,1.2842305898666382,0.92498779296875,66652.1796875,10.84750270843506,1.5826719891027363,10.693222999572754,9.983322461446129,-190.6953125,0.188629150390625,0.0,0.0
142,central,2026-09-21T10:00:00,2026-09-21 10:00:00,0.0,0.0,285.0167541503906,0.7836253046989441,0.8428294062614441,66595.4375,10.567273139953612,1.1508388359034167,10.744992891947428,10.284827868143717,-180.2421875,-2.318695068359375,0.0,0.0
142,central,2026-09-21T11:00:00,2026-09-21 11:00:00,0.0,0.0,284.580322265625,1.1805419921875,1.033818602561951,66635.6328125,11.297673225402832,1.5692228325898063,10.904149691263834,10.631170908610024,-112.7265625,-0.436431884765625,0.0,0.0
142,central,2026-09-21T12:00:00,2026-09-21 12:00:00,0.0,0.0,283.996826171875,0.940460205078125,0.5536549687385559,66651.2578125,12.119186401367188,1.0913291078975582,11.328044255574545,11.010633627573648,-0.921875,-0.58349609375,0.0,0.0
142,central,2026-09-21T13:00:00,2026-09-21 13:00:00,0.0,0.0,283.9717712402344,0.5487263798713684,0.6567332148551941,66645.0078125,11.868321418762209,0.85580322239448,11.761727015177408,11.253359953562418,49.5703125,-0.025054931640625,0.0,0.0
142,central,2026-09-21T14:00:00,2026-09-21 14:00:00,0.0,0.0,282.338623046875,0.2193552702665329,0.2822062075138092,66691.484375,11.018494606018066,0.3574312215700117,11.668667475382486,11.28640858332316,55.8515625,-1.633148193359375,0.0,0.0
142,central,2026-09-21T15:00:00,2026-09-21 15:00:00,0.0,0.0,281.2181091308594,-0.2174275666475296,0.0227203369140625,66713.0703125,10.219435691833496,0.2186114371384865,11.035417238871256,11.1817307472229,61.8125,-1.120513916015625,0.0,0.0
142,central,2026-09-21T16:00:00,2026-09-21 16:00:00,0.0,0.0,281.2704162597656,-0.357666015625,0.0091959638521075,66731.6953125,9.791778564453123,0.3577842149735396,10.343236287434896,11.052481651306152,86.6875,0.05230712890625,0.0,0.0
142,central,2026-09-21T17:00:00,2026-09-21 17:00:00,0.0,0.0,280.2879333496094,-0.343353271484375,-0.017781576141715,66726.3203125,9.6116304397583,0.3438133992285735,9.874281565348308,10.771474520365397,34.8359375,-0.98248291015625,0.0,0.0
142,central,2026-09-21T18:00:00,2026-09-21 18:00:00,0.0,0.0,279.9317932128906,-0.3453826904296875,-0.073760986328125,66743.3828125,9.444164276123049,0.3531711850541422,9.61585776011149,10.325637499491371,30.3125,-0.35614013671875,0.0,0.0
142,central,2026-09-21T19:00:00,2026-09-21 19:00:00,0.0,0.0,278.8746643066406,-0.5015665888786316,-0.2251536101102829,66710.3046875,9.243172645568848,0.5497846771464621,9.432989120483398,9.888112703959148,-21.390625,-1.05712890625,0.0,0.0
142,central,2026-09-21T20:00:00,2026-09-21 20:00:00,0.0,0.0,278.1603088378906,-0.4955393373966217,-0.3273773193359375,66689.2265625,8.926278114318848,0.5939150984131211,9.204538345336914,9.539409955342611,-37.09375,-0.71435546875,0.0,0.0
142,central,2026-09-21T21:00:00,2026-09-21 21:00:00,0.0,0.0,277.5763244628906,-0.47900390625,-0.3235524594783783,66667.4453125,8.521157264709473,0.5780406008553953,8.896869341532389,9.25636355082194,-75.9375,-0.583984375,0.0,0.0
142,central,2026-09-21T22:00:00,2026-09-21 22:00:00,0.0,0.0,276.444580078125,-0.6121419072151184,-0.3617706298828125,66640.375,8.479842185974121,0.7110525319656555,8.642425855000814,9.037707487742106,-69.9296875,-1.131744384765625,0.0,0.0
142,central,2026-09-21T23:00:00,2026-09-21 23:00:00,0.0,0.0,276.562744140625,-0.5797780156135559,-0.3164418637752533,66647.5625,8.460907936096191,0.6605134370611613,8.487302462259928,8.845920403798422,-41.6640625,0.1181640625,0.0,0.0
142,central,2026-09-22T00:00:00,2026-09-22 00:00:00,0.0,0.0,278.0870666503906,-0.6038869023323059,-0.3830159604549408,66662.828125,8.378212928771973,0.7151088146371353,8.439654350280762,8.668261845906576,-4.6171875,1.524322509765625,0.0,0.0
142,central,2026-09-22T01:00:00,2026-09-22 01:00:00,0.0,0.0,277.9266662597656,-0.8129832148551941,-0.55731201171875,66677.578125,7.934816360473633,0.9856664679506384,8.257979075113932,8.450202465057373,37.203125,-0.160400390625,0.0,0.0
142,central,2026-09-22T02:00:00,2026-09-22 02:00:00,0.0,0.0,278.815673828125,-0.82830810546875,-0.5587361454963684,66698.3828125,7.34613561630249,0.9991398289875992,7.886388301849365,8.186845382054647,50.8203125,0.889007568359375,0.0,0.0
142,central,2026-09-22T03:00:00,2026-09-22 03:00:00,0.0,0.0,281.2555236816406,-0.5449778437614441,0.0217336025089025,66723.9609375,6.931092739105225,0.5454110373552116,7.404014905293782,7.921834627787272,61.1328125,2.439849853515625,0.0,0.0
142,central,2026-09-22T04:00:00,2026-09-22 04:00:00,0.0,0.0,282.4068298339844,0.2685903012752533,0.6875508427619934,66719.6328125,6.878437042236328,0.7381510084812313,7.051888465881348,7.65493377049764,42.0546875,1.15130615234375,0.0,0.0
142,central,2026-09-22T05:00:00,2026-09-22 05:00:00,0.0,0.0,285.41650390625,0.737518310546875,0.9701283574104308,66731.7421875,7.223714828491211,1.218639523503065,7.011081536610921,7.448734919230143,33.359375,3.009674072265625,0.0,0.0
142,central,2026-09-22T06:00:00,2026-09-22 06:00:00,0.0,0.0,286.1121520996094,1.0096079111099243,1.0774129629135132,66693.6484375,7.666015625,1.476525254382674,7.25605583190918,7.330035368601481,-30.3125,0.695648193359375,0.0,0.0
142,central,2026-09-22T07:00:00,2026-09-22 07:00:00,0.0,0.0,286.0902404785156,1.1811422109603882,1.156733155250549,66673.5625,8.153687477111816,1.6532176248057258,7.681139310201009,7.366513888041179,-46.0703125,-0.02191162109375,0.0,0.0
142,central,2026-09-22T08:00:00,2026-09-22 08:00:00,0.0,0.0,286.8036193847656,1.2768707275390625,1.0949554443359375,66614.6015625,8.629746437072754,1.6820601297001974,8.149816513061523,7.580449024836223,-117.140625,0.71337890625,0.0,0.0
142,central,2026-09-22T09:00:00,2026-09-22 09:00:00,0.0,0.0,286.5409240722656,1.3315023183822632,0.8860371708869934,66567.7734375,8.881580352783203,1.5993624642496675,8.555004755655924,7.905530293782552,-125.875,-0.2626953125,0.0,0.0
142,central,2026-09-22T10:00:00,2026-09-22 10:00:00,0.0,0.0,285.1720275878906,1.3969522714614868,0.8656056523323059,66534.7421875,8.980494499206543,1.643395507506043,8.830607096354166,8.255873203277588,-138.8203125,-1.368896484375,0.0,0.0
142,central,2026-09-22T11:00:00,2026-09-22 11:00:00,0.0,0.0,284.5223693847656,1.1971842050552368,0.8180186152458191,66521.7421875,9.072070121765137,1.4499670602197925,8.978048324584961,8.563932418823242,-92.859375,-0.649658203125,0.0,0.0
142,central,2026-09-22T12:00:00,2026-09-22 12:00:00,0.0,0.0,284.2783203125,0.8086140751838684,0.4963175356388092,66503.3515625,8.735211372375488,0.9487822820689916,8.929258664449057,8.74213171005249,-64.421875,-0.244049072265625,0.0,0.0
142,central,2026-09-22T13:00:00,2026-09-22 13:00:00,0.0,0.0,284.3465881347656,0.5358174443244934,0.2560780942440033,66497.3828125,8.273131370544434,0.5938655773776353,8.69347095489502,8.762039025624594,-37.359375,0.068267822265625,0.0,0.0
142,central,2026-09-22T14:00:00,2026-09-22 14:00:00,0.0,0.0,282.586181640625,0.1170857772231102,0.0582682304084301,66537.8984375,7.854022979736328,0.1307832783763646,8.287455240885416,8.63275178273519,16.15625,-1.760406494140625,0.0,0.0
142,central,2026-09-22T15:00:00,2026-09-22 15:00:00,0.0,0.0,280.2955627441406,-0.1729380339384079,0.0270334873348474,66576.1171875,7.577615261077881,0.1750382044582418,7.901589870452881,8.415424267450968,72.765625,-2.290618896484375,0.0,0.0
142,central,2026-09-22T16:00:00,2026-09-22 16:00:00,0.0,0.0,280.4901428222656,-0.2381083220243454,0.0127461748197674,66597.7265625,7.4330830574035645,0.2384492356661799,7.621573766072591,8.157522360483805,100.34375,0.194580078125,0.0,0.0
142,central,2026-09-22T17:00:00,2026-09-22 17:00:00,0.0,0.0,279.7200622558594,-0.2927805483341217,0.06103515625,66606.84375,7.481955051422119,0.2990748063299396,7.497551123301188,7.892503182093303,68.9453125,-0.77008056640625,0.0,0.0
142,central,2026-09-22T18:00:00,2026-09-22 18:00:00,0.0,0.0,278.9559020996094,-0.3028513491153717,0.0344492606818676,66608.3671875,7.536051273345947,0.3048043490872924,7.483696460723877,7.692643165588379,32.25,-0.76416015625,0.0,0.0
142,central,2026-09-22T19:00:00,2026-09-22 19:00:00,0.0,0.0,279.2283630371094,-0.3814493715763092,-0.1307729035615921,66599.40625,7.410756587982178,0.4032433203189988,7.476254304250081,7.548914035161336,1.6796875,0.2724609375,0.0,0.0
142,central,2026-09-22T20:00:00,2026-09-22 20:00:00,0.0,0.0,277.8399353027344,-0.4315592348575592,-0.2209676057100296,66577.3125,7.241123199462891,0.4848402375670413,7.395977020263672,7.44676407178243,-29.53125,-1.388427734375,0.0,0.0
142,central,2026-09-22T21:00:00,2026-09-22 21:00:00,0.0,0.0,277.261962890625,-0.4753367006778717,-0.2979837954044342,66547.8125,7.003538608551025,0.5610163289378984,7.218472798665364,7.351084629694621,-60.5546875,-0.577972412109375,0.0,0.0
142,central,2026-09-22T22:00:00,2026-09-22 22:00:00,0.0,0.0,276.2115783691406,-0.3541819155216217,-0.2824249267578125,66562.09375,7.878798961639404,0.4529996341463433,7.374486923217773,7.425370613733928,-37.3125,-1.050384521484375,0.0,0.0
142,central,2026-09-22T23:00:00,2026-09-22 23:00:00,0.0,0.0,276.2767639160156,-0.5385386347770691,-0.2121073454618454,66534.0625,7.78643798828125,0.5788034097570781,7.55625851949056,7.476117769877116,-43.25,0.065185546875,0.0,0.0
142,central,2026-09-23T00:00:00,2026-09-23 00:00:00,0.0,0.0,277.8912658691406,-0.48504638671875,-0.2513936460018158,66555.6015625,7.713623046875,0.5463229470917376,7.792953332265218,7.505713065465291,7.7890625,1.614501953125,0.0,0.0
142,central,2026-09-23T01:00:00,2026-09-23 01:00:00,0.0,0.0,278.2015686035156,-0.6125081181526184,-0.3557688295841217,66569.65625,7.48480749130249,0.7083344230704292,7.661622842152913,7.518054882685344,7.5625,0.310302734375,0.0,0.0
142,central,2026-09-23T02:00:00,2026-09-23 02:00:00,0.0,0.0,279.6209411621094,-0.675750732421875,-0.2996724545955658,66624.7578125,7.227540493011475,0.739217581238455,7.475323677062988,7.515791098276774,90.6953125,1.41937255859375,0.0,0.0
142,central,2026-09-23T03:00:00,2026-09-23 03:00:00,0.0,0.0,280.8335876464844,-0.2660064697265625,0.321075439453125,66680.6171875,7.112386226654053,0.4169518914172305,7.274911403656006,7.533932367960612,125.015625,1.212646484375,0.0,0.0
142,central,2026-09-23T04:00:00,2026-09-23 04:00:00,0.0,0.0,282.1163024902344,0.368499755859375,0.8857218623161316,66686.0546875,7.248537063598633,0.9593202215387598,7.196154594421387,7.42888871828715,116.3984375,1.28271484375,0.0,0.0
142,central,2026-09-23T05:00:00,2026-09-23 05:00:00,0.0,0.0,284.3475646972656,0.7579243779182434,1.1478983163833618,66709.1484375,7.637952327728271,1.3755434952768717,7.332958539326985,7.404141108194987,84.390625,2.23126220703125,0.0,0.0
142,central,2026-09-23T06:00:00,2026-09-23 06:00:00,0.0,0.0,285.0140686035156,0.9270985722541808,1.24847412109375,66655.4296875,7.953868865966797,1.555056074138985,7.613452752431233,7.44418207804362,-25.1875,0.66650390625,0.0,0.0
142,central,2026-09-23T07:00:00,2026-09-23 07:00:00,0.0,0.0,285.3016662597656,0.9906107783317566,1.2998148202896118,66656.25,8.335824012756348,1.6342668941123308,7.975881735483806,7.586018164952596,-29.8046875,0.28759765625,0.0,0.0
143,central,2026-09-18T05:00:00,2026-09-18 05:00:00,0.0,0.0,302.53936767578125,1.0564178228378296,0.6898711919784546,97331.640625,40.94657516479492,1.261721394734667,40.6969846089681,40.93667602539063,154.625,2.342437744140625,0.0,0.0
143,central,2026-09-18T06:00:00,2026-09-18 06:00:00,0.0,0.0,303.8172302246094,1.31781005859375,0.983959972858429,97309.203125,41.06920623779297,1.6446277933679776,40.89472325642904,40.80367851257324,63.90625,1.277862548828125,0.0,0.0
143,central,2026-09-18T07:00:00,2026-09-18 07:00:00,0.0,0.0,304.205810546875,1.49169921875,1.0814392566680908,97303.0625,41.23859405517578,1.842465040396206,41.08479181925456,40.83487510681152,48.0,0.388580322265625,0.0,0.0
143,central,2026-09-18T08:00:00,2026-09-18 08:00:00,0.0,0.0,304.8267517089844,1.377230882644653,1.112576246261597,97193.59375,41.0946159362793,1.770477564911715,41.13413874308268,40.91556167602539,-138.046875,0.620941162109375,0.0,0.0
143,central,2026-09-18T09:00:00,2026-09-18 09:00:00,0.0,0.0,304.48358154296875,1.1613556146621704,0.6662994623184204,97163.640625,41.1844482421875,1.338918159258871,41.17255274454752,41.03363800048828,-145.5625,-0.343170166015625,0.0,0.0
143,central,2026-09-18T10:00:00,2026-09-18 10:00:00,0.0,0.0,303.2978515625,0.4014007449150085,0.901989758014679,97160.3515625,40.76644515991211,0.9872730532034706,41.01516977945963,41.04998079935709,-142.7109375,-1.18572998046875,0.0,0.0
143,central,2026-09-18T11:00:00,2026-09-18 11:00:00,0.0,0.0,303.5780334472656,0.0988494902849197,0.0028411864768713,97099.921875,40.10687255859375,0.098890313328378,40.68592198689779,40.91003036499024,-93.671875,0.280181884765625,0.0,0.0
143,central,2026-09-18T12:00:00,2026-09-18 12:00:00,0.0,0.0,303.4088439941406,-0.5174957513809204,-0.8005523681640625,97103.328125,39.11305618286133,0.9532502016104648,39.9954579671224,40.58400535583496,-60.3125,-0.169189453125,0.0,0.0
143,central,2026-09-18T13:00:00,2026-09-18 13:00:00,0.0,0.0,303.5274963378906,-0.6152923703193665,-0.8896697759628296,97142.6875,37.93450164794922,1.0817102251689108,39.0514767964681,40.03332328796387,-17.6640625,0.11865234375,0.0,0.0
143,central,2026-09-18T14:00:00,2026-09-18 14:00:00,0.0,0.0,302.11865234375,-0.6900634765625,-0.6395782232284546,97242.625,37.18450927734375,0.9408761370730958,38.0773557027181,39.381638844807945,142.703125,-1.408843994140625,0.0,0.0
143,central,2026-09-18T15:00:00,2026-09-18 15:00:00,0.0,0.0,299.43524169921875,-0.8897369503974915,-0.8017181158065796,97267.1015625,36.34088134765625,1.1976576214073371,37.153297424316406,38.5743776957194,163.7734375,-2.68341064453125,0.0,0.0
143,central,2026-09-18T16:00:00,2026-09-18 16:00:00,0.0,0.0,299.2513122558594,-0.9815582036972046,-0.77459716796875,97296.421875,35.64472961425781,1.2503828533175312,36.3900400797526,37.72075843811035,153.734375,-0.183929443359375,0.0,0.0
143,central,2026-09-18T17:00:00,2026-09-18 17:00:00,0.0,0.0,298.8623046875,-1.0195891857147217,-0.6591888666152954,97328.984375,35.282737731933594,1.2141219335371414,35.756116231282554,36.91673596700033,86.359375,-0.389007568359375,0.0,0.0
143,central,2026-09-18T18:00:00,2026-09-18 18:00:00,0.0,0.0,298.75079345703125,-1.0616607666015625,-0.551116943359375,97323.796875,35.23833084106445,1.1961828742290193,35.38859939575195,36.27094841003418,56.6953125,-0.11151123046875,0.0,0.0
143,central,2026-09-18T19:00:00,2026-09-18 19:00:00,0.0,0.0,298.5279235839844,-1.0051453113555908,-0.596026599407196,97331.3984375,35.30267333984375,1.1685738334144888,35.27458063761393,35.832310358683266,34.9765625,-0.222869873046875,0.0,0.0
143,central,2026-09-18T20:00:00,2026-09-18 20:00:00,0.0,0.0,297.85614013671875,-0.9880889654159546,-0.5481811761856079,97330.8984375,35.615970611572266,1.1299656656292738,35.38565826416016,35.57088724772135,1.9140625,-0.671783447265625,0.0,0.0
143,central,2026-09-18T21:00:00,2026-09-18 21:00:00,0.0,0.0,297.7933044433594,-0.9610809087753296,-0.5877593755722046,97334.7109375,35.96527099609375,1.126560072426429,35.62797164916992,35.50828552246094,10.9140625,-0.062835693359375,0.0,0.0
143,central,2026-09-18T22:00:00,2026-09-18 22:00:00,0.0,0.0,297.277587890625,-0.767071545124054,-0.6642059087753296,97334.328125,38.47514343261719,1.014676423590824,36.6854616800944,35.980021158854164,2.9296875,-0.515716552734375,0.0,0.0
143,central,2026-09-18T23:00:00,2026-09-18 23:00:00,0.0,0.0,297.1825561523437,-0.922039806842804,-0.6083953976631165,97410.5703125,38.639251708984375,1.1046729675792637,37.69322204589844,36.5394401550293,79.671875,-0.0950317382813068,0.0,0.0
143,central,2026-09-19T00:00:00,2026-09-19 00:00:00,0.0,0.0,298.1800231933594,-1.0524475574493408,-0.6009246706962585,97438.9375,38.984466552734375,1.21192257221016,38.69962056477865,37.16379610697428,104.2265625,0.9974670410156818,0.0,0.0
143,central,2026-09-19T01:00:00,2026-09-19 01:00:00,0.0,0.0,298.3534240722656,-1.274194359779358,-0.7653869390487671,97515.828125,39.36504364013672,1.4864011682449556,38.99625396728516,37.84085782368978,181.5,0.17340087890625,0.0,0.0
143,central,2026-09-19T02:00:00,2026-09-19 02:00:00,0.0,0.0,299.6532287597656,-1.564968824386597,-0.613421618938446,97593.4921875,39.60947799682617,1.680896636882539,39.319662729899086,38.506442387898765,182.921875,1.2998046875,0.0,0.0
143,central,2026-09-19T03:00:00,2026-09-19 03:00:00,0.0,0.0,300.60369873046875,-1.858920335769653,-0.0831268280744552,97678.7265625,39.45794677734375,1.860778031975786,39.47748947143555,39.08855501810709,239.7890625,0.950469970703125,0.0,0.0
143,central,2026-09-19T04:00:00,2026-09-19 04:00:00,0.0,0.0,301.15069580078125,-1.977239966392517,0.3728790283203125,97670.9609375,39.02008819580078,2.012092605836268,39.36250432332357,39.17937914530436,155.1328125,0.5469970703125,0.0,0.0
143,central,2026-09-19T05:00:00,2026-09-19 05:00:00,0.0,0.0,302.57012939453125,-1.5830535888671875,0.7866150140762329,97666.375,38.53512954711914,1.7677165625731504,39.004388173421226,39.16202545166016,72.8828125,1.41943359375,0.0,0.0
143,central,2026-09-19T06:00:00,2026-09-19 06:00:00,0.0,0.0,303.7640991210937,-1.0752166509628296,1.1921265125274658,97622.34375,38.26899719238281,1.6053835891707071,38.608071645100914,39.04278055826823,-56.3828125,1.1939697265624432,0.0,0.0
143,central,2026-09-19T07:00:00,2026-09-19 07:00:00,0.0,0.0,303.7571716308594,-0.3577240109443664,1.558804273605347,97560.2890625,38.3253288269043,1.5993239920092548,38.376485188802086,38.86949475606283,-110.671875,-0.0069274902343181,0.0,0.0
143,central,2026-09-19T08:00:00,2026-09-19 08:00:00,0.0,0.0,303.802001953125,0.0902069061994552,1.8998229503631592,97445.421875,38.61962127685547,1.9019633352545613,38.4046490987142,38.70451863606771,-220.953125,0.044830322265625,0.0,0.0
143,central,2026-09-19T09:00:00,2026-09-19 09:00:00,0.0,0.0,303.1463928222656,0.321704089641571,1.3435821533203125,97402.4921875,39.53537368774414,1.381559453665661,38.82677459716797,38.71742312113444,-219.8515625,-0.655609130859375,0.0,0.0
143,central,2026-09-19T10:00:00,2026-09-19 10:00:00,0.0,0.0,303.9833374023437,0.6099945306777954,1.178494215011597,97337.546875,36.72413635253906,1.3270048765067233,38.29304377237956,38.33476448059082,-222.7421875,0.8369445800780682,0.0,0.0
143,central,2026-09-19T11:00:00,2026-09-19 11:00:00,0.0,0.0,303.487060546875,-0.044171143323183,1.8850524425506592,97369.125,37.8718147277832,1.8855698876118807,38.0437749226888,38.2242120107015,-76.296875,-0.4962768554686931,0.0,0.0
143,central,2026-09-19T12:00:00,2026-09-19 12:00:00,0.0,0.0,302.6813049316406,-0.7380157709121704,0.3631530702114105,97395.5,37.60393524169922,0.8225250333692337,37.39996210734049,38.11336835225424,-6.9921875,-0.805755615234375,0.0,0.0
143,central,2026-09-19T13:00:00,2026-09-19 13:00:00,0.0,0.0,302.4454040527344,-0.9620422124862672,-0.474749743938446,97421.7265625,37.2933235168457,1.0728059181301584,37.589691162109375,37.94136746724447,84.1796875,-0.23590087890625,0.0,0.0
143,central,2026-09-19T14:00:00,2026-09-19 14:00:00,0.0,0.0,300.7044982910156,-1.038183569908142,-0.376312255859375,97510.9453125,37.410186767578125,1.104280778940386,37.43581517537435,37.73979504903158,141.8203125,-1.74090576171875,0.0,0.0
143,central,2026-09-19T15:00:00,2026-09-19 15:00:00,0.0,0.0,299.34130859375,-0.8410674929618835,-0.2312347441911697,97575.171875,37.04848098754883,0.872275205791351,37.25066375732422,37.32531293233236,179.671875,-1.363189697265625,0.0,0.0
143,central,2026-09-19T16:00:00,2026-09-19 16:00:00,0.0,0.0,299.72821044921875,-0.612762451171875,0.012664794921875,97640.671875,37.11066436767578,0.612893317467712,37.18977737426758,37.38973426818848,218.9453125,0.38690185546875,0.0,0.0
143,central,2026-09-19T17:00:00,2026-09-19 17:00:00,0.0,0.0,298.54901123046875,-0.5379180908203125,-0.0581726059317588,97672.203125,37.10100555419922,0.541054456143429,37.086716969807945,37.26126607259115,161.2578125,-1.17919921875,0.0,0.0
143,central,2026-09-19T18:00:00,2026-09-19 18:00:00,0.0,0.0,298.0931091308594,-0.4351318478584289,-0.2370269745588302,97681.7109375,37.26904296875,0.4955012731458954,37.160237630208336,37.205450693766274,106.5390625,-0.455902099609375,0.0,0.0
143,central,2026-09-19T19:00:00,2026-09-19 19:00:00,0.0,0.0,297.97137451171875,-0.3496521115303039,-0.5169097781181335,97679.6640625,37.469329833984375,0.6240611490965754,37.27979278564453,37.234785079956055,38.9921875,-0.121734619140625,0.0,0.0
143,central,2026-09-19T20:00:00,2026-09-19 20:00:00,0.0,0.0,297.3837890625,-0.281961053609848,-0.7369415163993835,97652.84375,37.736305236816406,0.7890404516536516,37.49155934651693,37.28913815816244,-19.359375,-0.58758544921875,0.0,0.0
143,central,2026-09-19T21:00:00,2026-09-19 21:00:00,0.0,0.0,297.28790283203125,-0.2052642852067947,-0.9591705203056335,97661.21875,38.05376434326172,0.9808881250197884,37.75313313802084,37.456685384114586,-20.4921875,-0.09588623046875,0.0,0.0
143,central,2026-09-19T22:00:00,2026-09-19 22:00:00,0.0,0.0,296.9857788085937,-0.1226776093244552,-1.0394287109375,97611.4453125,39.21155548095703,1.046643129701216,38.333875020345054,37.80683390299479,-68.21875,-0.3021240234375568,0.0,0.0
143,central,2026-09-19T23:00:00,2026-09-19 23:00:00,0.0,0.0,297.0990295410156,-0.0974029526114463,-1.1502593755722046,97668.8515625,39.04426193237305,1.1543760073170204,38.7698605855306,38.130709966023765,16.0078125,0.1132507324219318,0.0,0.0
143,central,2026-09-20T00:00:00,2026-09-20 00:00:00,0.0,0.0,298.3002319335937,-0.0863250717520713,-1.1368286609649658,97643.0,38.94423675537109,1.140101496536338,39.06668472290039,38.40990893046061,-18.21875,1.2012023925780682,0.0,0.0
143,central,2026-09-20T01:00:00,2026-09-20 01:00:00,0.0,0.0,298.0838928222656,-0.10467529296875,-1.088165283203125,97688.640625,39.15123748779297,1.0931882731380862,39.04657872517904,38.69022687276205,77.1953125,-0.2163391113280681,0.0,0.0
143,central,2026-09-20T02:00:00,2026-09-20 02:00:00,0.0,0.0,299.46929931640625,-0.0764282196760177,-1.004122972488403,97724.859375,39.446876525878906,1.0070274160328467,39.18078358968099,38.9753220876058,56.0078125,1.385406494140625,0.0,0.0
143,central,2026-09-20T03:00:00,2026-09-20 03:00:00,0.0,0.0,300.3564453125,0.1226806640625,-0.268563836812973,97798.4296875,40.20174026489258,0.2952576498221869,39.59995142618815,39.33331807454427,155.4296875,0.88714599609375,0.0,0.0
143,central,2026-09-20T04:00:00,2026-09-20 04:00:00,0.0,0.0,301.00006103515625,0.3062408566474914,0.3799102902412414,97810.234375,41.21636962890625,0.4879705840636028,40.28832880655924,39.66745376586914,121.59375,0.64361572265625,0.0,0.0
143,central,2026-09-20T05:00:00,2026-09-20 05:00:00,0.0,0.0,303.33905029296875,0.492083728313446,0.7574615478515625,97822.5703125,42.28981399536133,0.9032687264289329,41.23597462972005,40.20837910970052,97.7109375,2.3389892578125,0.0,0.0
143,central,2026-09-20T06:00:00,2026-09-20 06:00:00,0.0,0.0,305.1673278808594,0.411975085735321,0.9264801144599916,97817.25,43.43310928344727,1.0139471750325182,42.31309763590495,40.95652453104655,18.8203125,1.828277587890625,0.0,0.0
143,central,2026-09-20T07:00:00,2026-09-20 07:00:00,0.0,0.0,305.70806884765625,0.2390014678239822,1.0810120105743408,97787.34375,44.56078338623047,1.1071172786240835,43.42790222167969,41.85811551411947,-22.890625,0.540740966796875,0.0,0.0
143,central,2026-09-20T08:00:00,2026-09-20 08:00:00,0.0,0.0,306.4322814941406,0.1332244873046875,1.201327562332153,97689.890625,45.446563720703125,1.2086921345142072,44.48015213012695,42.8580633799235,-132.6796875,0.724212646484375,0.0,0.0
143,central,2026-09-20T09:00:00,2026-09-20 09:00:00,0.0,0.0,306.6098022460937,-0.2002532929182052,0.877209484577179,97625.125,46.2009162902832,0.8997765617956185,45.40275446573893,43.85792605082194,-192.125,0.1775207519530681,0.0,0.0
143,central,2026-09-20T10:00:00,2026-09-20 10:00:00,0.0,0.0,305.72296142578125,0.1927856504917144,0.2712158262729645,97537.5625,46.6646728515625,0.3327526580756949,46.10405095418295,44.76597658793131,-249.78125,-0.8868408203124432,0.0,0.0
143,central,2026-09-20T11:00:00,2026-09-20 11:00:00,0.0,0.0,305.2327575683594,-0.0300628654658794,-0.8578552007675171,97521.265625,46.58467483520508,0.858381803956664,46.4834213256836,45.48178672790527,-168.625,-0.490203857421875,0.0,0.0
143,central,2026-09-20T12:00:00,2026-09-20 12:00:00,0.0,0.0,304.55517578125,0.1444732695817947,-0.702893078327179,97457.734375,44.47457885742188,0.717587071499976,45.90797551472982,45.655364990234375,-167.390625,-0.677581787109375,0.0,0.0
143,central,2026-09-20T13:00:00,2026-09-20 13:00:00,0.0,0.0,303.8598022460937,0.0936309844255447,-1.142578125,97469.6640625,43.38849639892578,1.1464081005353253,44.81591669718424,45.4599838256836,-67.8984375,-0.6953735351563068,0.0,0.0
143,central,2026-09-20T14:00:00,2026-09-20 14:00:00,0.0,0.0,301.9501953125,0.196237176656723,-1.0540344715118408,97567.484375,43.09224319458008,1.072146303746577,43.65177281697592,45.06759707132975,46.21875,-1.9096069335936927,0.0,0.0
143,central,2026-09-20T15:00:00,2026-09-20 15:00:00,0.0,0.0,301.13433837890625,-0.0292388908565044,-1.0641998052597046,97608.7734375,42.78384399414063,1.0646013987654308,43.08819452921549,44.498085021972656,151.0390625,-0.81585693359375,0.0,0.0
143,central,2026-09-20T16:00:00,2026-09-20 16:00:00,0.0,0.0,301.3075256347656,-0.306884765625,-0.6731109619140625,97661.3984375,42.6982536315918,0.7397679544435442,42.85811360677084,43.83701515197754,191.734375,0.173187255859375,0.0,0.0
143,central,2026-09-20T17:00:00,2026-09-20 17:00:00,0.0,0.0,300.1354064941406,-0.4697326719760895,-0.912817358970642,97693.4765625,42.76730346679688,1.0265886780789737,42.74980036417645,43.20078659057618,125.9921875,-1.172119140625,0.0,0.0
143,central,2026-09-20T18:00:00,2026-09-20 18:00:00,0.0,0.0,299.5208435058594,-0.4857452511787414,-1.2544677257537842,97678.53125,42.73466491699219,1.3452277591547723,42.73340733846029,42.91080093383789,69.7578125,-0.61456298828125,0.0,0.0
143,central,2026-09-20T19:00:00,2026-09-20 19:00:00,0.0,0.0,299.19696044921875,-0.5714324712753296,-1.319085717201233,97661.921875,42.7650146484375,1.4375403293654485,42.75566101074219,42.80688730875651,0.5234375,-0.323883056640625,0.0,0.0
143,central,2026-09-20T20:00:00,2026-09-20 20:00:00,0.0,0.0,298.3020935058594,-0.6314972043037415,-1.215631127357483,97604.453125,42.83609390258789,1.369871438071422,42.77859115600586,42.76419576009115,-89.0234375,-0.894866943359375,0.0,0.0
143,central,2026-09-20T21:00:00,2026-09-20 21:00:00,0.0,0.0,298.1192321777344,-0.5615752935409546,-1.1250121593475342,97598.859375,43.07404327392578,1.257385847302017,42.891717274983726,42.81256230672201,-79.671875,-0.182861328125,0.0,0.0
143,central,2026-09-20T22:00:00,2026-09-20 22:00:00,0.0,0.0,297.77008056640625,-0.6967193484306335,-1.058743238449097,97570.3828125,43.280086517333984,1.267420646604468,43.06340789794922,42.9095344543457,-91.5390625,-0.349151611328125,0.0,0.0
143,central,2026-09-20T23:00:00,2026-09-20 23:00:00,0.0,0.0,297.71307373046875,-0.681323230266571,-1.2313263416290283,97602.7265625,43.16961669921875,1.4072547401555986,43.17458216349284,42.97658665974935,-1.7265625,-0.0570068359375,0.0,0.0
143,central,2026-09-21T00:00:00,2026-09-21 00:00:00,0.0,0.0,299.1324157714844,-0.693347156047821,-1.2427459955215454,97549.515625,42.62195587158203,1.4230769087383992,43.02388636271159,42.957801818847656,-49.34375,1.419342041015625,0.0,0.0
143,central,2026-09-21T01:00:00,2026-09-21 01:00:00,0.0,0.0,299.0150451660156,-0.584881603717804,-1.1439422369003296,97545.328125,42.04154586791992,1.284791941028601,42.61103947957357,42.83722368876139,-25.0546875,-0.11737060546875,0.0,0.0
143,central,2026-09-21T02:00:00,2026-09-21 02:00:00,0.0,0.0,300.22198486328125,-0.5131775140762329,-1.0276520252227783,97568.6640625,41.63370513916016,1.148660021894181,42.09906895955404,42.63682556152344,-34.0625,1.206939697265625,0.0,0.0
143,central,2026-09-21T03:00:00,2026-09-21 03:00:00,0.0,0.0,302.2974548339844,-0.28558349609375,-0.263751208782196,97591.046875,41.60486602783203,0.3887449464304307,41.76003901163737,42.39196268717448,41.53125,2.075469970703125,0.0,0.0
143,central,2026-09-21T04:00:00,2026-09-21 04:00:00,0.0,0.0,302.77490234375,-0.2598541378974914,0.4723144471645355,97601.5390625,42.069862365722656,0.5390780184563171,41.76947784423828,42.19025866190592,56.2109375,0.477447509765625,0.0,0.0
143,central,2026-09-21T05:00:00,2026-09-21 05:00:00,0.0,0.0,304.42315673828125,-0.2043029814958572,0.7686401605606079,97615.4453125,42.83409881591797,0.7953284885346015,42.16960906982422,42.134339014689125,46.78125,1.64825439453125,0.0,0.0
143,central,2026-09-21T06:00:00,2026-09-21 06:00:00,0.0,0.0,305.77606201171875,0.008947754278779,0.9621490240097046,97581.328125,43.52492904663086,0.962190629090442,42.80963007609049,42.28483454386393,-9.71875,1.3529052734375,0.0,0.0
143,central,2026-09-21T07:00:00,2026-09-21 07:00:00,0.0,0.0,306.10772705078125,0.2832885682582855,1.123510718345642,97472.7734375,44.018699645996094,1.1586754278672566,43.45924250284831,42.6143601735433,-128.765625,0.3316650390625,0.0,0.0
143,central,2026-09-21T08:00:00,2026-09-21 08:00:00,0.0,0.0,306.80438232421875,0.463592529296875,1.2391875982284546,97429.75,44.53644561767578,1.323066112037898,44.02669143676758,43.0981502532959,-185.6953125,0.6966552734375,0.0,0.0
143,central,2026-09-21T09:00:00,2026-09-21 09:00:00,0.0,0.0,307.0355529785156,0.5582214593887329,0.955798327922821,97286.671875,44.42803192138672,1.1068702007833382,44.32772572835287,43.56867790222168,-294.65625,0.231170654296875,0.0,0.0
143,central,2026-09-21T10:00:00,2026-09-21 10:00:00,0.0,0.0,304.7740173339844,0.0834625214338302,0.5181061029434204,97263.984375,44.3455924987793,0.5247856004039275,44.43669001261393,43.94796625773112,-208.7890625,-2.26153564453125,0.0,0.0
143,central,2026-09-21T11:00:00,2026-09-21 11:00:00,0.0,0.0,304.661376953125,0.0331787094473838,-1.4148467779159546,97239.234375,42.66678237915039,1.4152357512936675,43.81346893310547,43.92008018493652,-190.515625,-0.112640380859375,0.0,0.0
143,central,2026-09-21T12:00:00,2026-09-21 12:00:00,0.0,0.0,303.9017028808594,0.1292785704135894,-1.1506255865097046,97233.7734375,42.33881378173828,1.1578653587956516,43.11706288655599,43.72239430745443,-52.8984375,-0.759674072265625,0.0,0.0
143,central,2026-09-21T13:00:00,2026-09-21 13:00:00,0.0,0.0,304.0438842773437,-0.0808471664786338,-1.330538988113403,97236.328125,42.18049621582031,1.3329929719310083,42.395364125569664,43.4160270690918,-27.65625,0.1421813964843181,0.0,0.0
143,central,2026-09-21T14:00:00,2026-09-21 14:00:00,0.0,0.0,302.618896484375,-0.5832000970840454,-1.27020263671875,97302.7265625,42.04499435424805,1.3976899125221247,42.18810145060221,43.00078519185384,63.4921875,-1.4249877929686932,0.0,0.0
143,central,2026-09-21T15:00:00,2026-09-21 15:00:00,0.0,0.0,300.8702087402344,-1.017736792564392,-0.7000824213027954,97351.375,41.66315460205078,1.2352746963960854,41.96288172403971,42.53997230529785,117.6015625,-1.748687744140625,0.0,0.0
143,central,2026-09-21T16:00:00,2026-09-21 16:00:00,0.0,0.0,301.0604858398437,-1.189306616783142,-0.56396484375,97384.453125,41.40239334106445,1.3162471552524342,41.70351409912109,42.049439112345375,148.125,0.1902770996093181,0.0,0.0
143,central,2026-09-21T17:00:00,2026-09-21 17:00:00,0.0,0.0,299.71075439453125,-1.179437279701233,-0.8135986328125,97369.9375,41.18119430541992,1.432834614344382,41.41558074951172,41.80184110005697,67.2109375,-1.3497314453124432,0.0,0.0
143,central,2026-09-21T18:00:00,2026-09-21 18:00:00,0.0,0.0,299.41339111328125,-0.9927948117256165,-0.9757140874862672,97403.28125,41.46138381958008,1.3919983903397524,41.34832382202149,41.6556027730306,51.90625,-0.29736328125,0.0,0.0
143,central,2026-09-21T19:00:00,2026-09-21 19:00:00,0.0,0.0,298.90203857421875,-0.804186999797821,-0.9633697271347046,97372.296875,41.635162353515625,1.2549095432752977,41.42591349283854,41.56471379597982,-12.15625,-0.5113525390625,0.0,0.0
143,central,2026-09-21T20:00:00,2026-09-21 20:00:00,0.0,0.0,298.43798828125,-0.6721343994140625,-0.9006195068359375,97349.96875,41.699554443359375,1.1237794031610964,41.598700205485024,41.507140477498375,-19.96875,-0.46405029296875,0.0,0.0
143,central,2026-09-21T21:00:00,2026-09-21 21:00:00,0.0,0.0,298.09649658203125,-0.4832519590854645,-0.9493499994277954,97332.046875,41.64377975463867,1.0652689225606342,41.65949885050456,41.50391133626302,-71.234375,-0.34149169921875,0.0,0.0
143,central,2026-09-21T22:00:00,2026-09-21 22:00:00,0.0,0.0,297.8992614746094,-0.600390613079071,-0.6029327511787415,97289.875,42.269004821777344,0.8508800095885606,41.87077967325846,41.6483465830485,-82.421875,-0.197235107421875,0.0,0.0
143,central,2026-09-21T23:00:00,2026-09-21 23:00:00,0.0,0.0,298.3123474121094,-0.3851653933525085,-0.8549346923828125,97310.765625,42.38555145263672,0.937691691589558,42.09944534301758,41.8490727742513,-39.203125,0.4130859375,0.0,0.0
143,central,2026-09-22T00:00:00,2026-09-22 00:00:00,0.0,0.0,299.46063232421875,-0.1570281982421875,-1.0933349132537842,97329.5390625,42.36775970458984,1.1045537956943734,42.3407719930013,42.00013542175293,-2.5078125,1.148284912109375,0.0,0.0
143,central,2026-09-22T01:00:00,2026-09-22 01:00:00,0.0,0.0,299.4057006835937,-0.0897735580801963,-1.207067847251892,97365.4453125,42.13924407958984,1.2104016191329618,42.29751841227213,42.0841490427653,75.5703125,-0.0549316406250568,0.0,0.0
143,central,2026-09-22T02:00:00,2026-09-22 02:00:00,0.0,0.0,300.759521484375,-0.0111206052824854,-1.04205322265625,97402.5,41.74180603027344,1.0421125595203835,42.0829366048177,42.09119097391764,91.734375,1.3538208007813068,0.0,0.0
143,central,2026-09-22T03:00:00,2026-09-22 03:00:00,0.0,0.0,301.8765563964844,0.338143914937973,-0.2383575439453125,97443.6875,41.42253494262695,0.4137095913382003,41.76786168416341,42.05431683858236,114.1484375,1.117034912109375,0.0,0.0
143,central,2026-09-22T04:00:00,2026-09-22 04:00:00,0.0,0.0,302.43853759765625,0.7297881841659546,0.356219470500946,97427.796875,41.23410034179688,0.8120856512168009,41.466147104899086,41.88183275858561,62.3515625,0.561981201171875,0.0,0.0
143,central,2026-09-22T05:00:00,2026-09-22 05:00:00,0.0,0.0,304.18505859375,1.1478698253631592,0.5283966064453125,97407.1875,41.14536285400391,1.2636487287542262,41.26733271280925,41.67513465881348,4.6875,1.74652099609375,0.0,0.0
143,central,2026-09-22T06:00:00,2026-09-22 06:00:00,0.0,0.0,305.40997314453125,1.6121307611465454,0.5562378168106079,97334.7109375,41.08610153198242,1.7053932390757187,41.155188242594406,41.461524963378906,-108.9765625,1.22491455078125,0.0,0.0
143,central,2026-09-22T07:00:00,2026-09-22 07:00:00,0.0,0.0,305.792236328125,2.0363831520080566,0.6011993288993835,97278.359375,41.068138122558594,2.123275058689132,41.09986750284831,41.283007303873696,-149.4375,0.38226318359375,0.0,0.0
143,central,2026-09-22T08:00:00,2026-09-22 08:00:00,0.0,0.0,306.575439453125,2.4596831798553467,0.6028655767440796,97168.09375,41.05927276611328,2.532486574275623,41.071170806884766,41.16925175984701,-239.09375,0.783203125,0.0,0.0
143,central,2026-09-22T09:00:00,2026-09-22 09:00:00,0.0,0.0,306.2597045898437,2.928198337554932,0.403826892375946,97077.1953125,40.62041473388672,2.9559129999148284,40.9159418741862,41.0355650583903,-257.515625,-0.3157348632813068,0.0,0.0
143,central,2026-09-22T10:00:00,2026-09-22 10:00:00,0.0,0.0,305.2933654785156,2.655285596847534,-0.3483917117118835,96980.640625,41.787330627441406,2.678043760959761,41.15567270914713,41.12777010599772,-297.71875,-0.9663391113280682,0.0,0.0
143,central,2026-09-22T11:00:00,2026-09-22 11:00:00,0.0,0.0,304.98101806640625,1.822021484375,-0.7515289187431335,96959.0859375,41.76080703735352,1.9709282090505733,41.38951746622721,41.23034413655599,-209.0078125,-0.312347412109375,0.0,0.0
143,central,2026-09-22T12:00:00,2026-09-22 12:00:00,0.0,0.0,304.5747985839844,1.105505347251892,0.3124145567417145,96943.734375,40.83684158325195,1.1488015181338542,41.46165974934896,41.18880081176758,-133.4609375,-0.406219482421875,0.0,0.0
143,central,2026-09-22T13:00:00,2026-09-22 13:00:00,0.0,0.0,303.944091796875,1.2267029285430908,0.7446686029434204,96964.1875,40.28133392333984,1.4350370737740197,40.95966084798177,41.05766677856445,-16.453125,-0.630706787109375,0.0,0.0
143,central,2026-09-22T14:00:00,2026-09-22 14:00:00,0.0,0.0,302.708740234375,0.2731079161167145,0.1990722715854644,97053.171875,40.6396369934082,0.3379610971100242,40.5859375,40.98772748311361,94.0859375,-1.2353515625,0.0,0.0
143,central,2026-09-22T15:00:00,2026-09-22 15:00:00,0.0,0.0,300.35107421875,-0.5450409054756165,0.1092437729239463,97122.3515625,41.20189666748047,0.5558810939079856,40.70762252807617,41.08464113871256,178.6171875,-2.357666015625,0.0,0.0
143,central,2026-09-22T16:00:00,2026-09-22 16:00:00,0.0,0.0,300.54302978515625,-0.915240466594696,-0.290802001953125,97188.3125,41.498802185058594,0.9603285458802224,41.11344528198242,41.036553064982094,224.125,0.19195556640625,0.0,0.0
143,central,2026-09-22T17:00:00,2026-09-22 17:00:00,0.0,0.0,300.38458251953125,-1.089932203292847,-0.7740722894668579,97203.4765625,41.54217529296875,1.3368396003617125,41.41429138183594,41.00011444091797,150.3046875,-0.158447265625,0.0,0.0
143,central,2026-09-22T18:00:00,2026-09-22 18:00:00,0.0,0.0,299.95245361328125,-1.061184644699097,-0.9774810671806335,97205.3671875,40.86101531982422,1.442768895853296,41.30066426595052,41.004143397013344,83.015625,-0.43212890625,0.0,0.0
143,central,2026-09-22T19:00:00,2026-09-22 19:00:00,0.0,0.0,300.0595703125,-1.0111205577850342,-1.011257886886597,97195.671875,40.32647705078125,1.4300375156498042,40.909889221191406,41.011667251586914,7.359375,0.10711669921875,0.0,0.0
143,central,2026-09-22T20:00:00,2026-09-22 20:00:00,0.0,0.0,299.13629150390625,-0.967382788658142,-1.01214599609375,97165.90625,40.037967681884766,1.4000960599903896,40.40848668416341,40.91138903299967,-37.5703125,-0.92327880859375,0.0,0.0
143,central,2026-09-22T21:00:00,2026-09-22 21:00:00,0.0,0.0,298.835205078125,-0.9403106570243835,-0.9859069585800172,97138.96875,39.96949005126953,1.3624230850547592,40.11131159464518,40.70598793029785,-66.3984375,-0.30108642578125,0.0,0.0
143,central,2026-09-22T22:00:00,2026-09-22 22:00:00,0.0,0.0,298.248046875,-0.7468414306640625,-1.0712921619415283,97137.875,41.22216033935547,1.305924583884421,40.409872690836586,40.659880956014,-57.796875,-0.587158203125,0.0,0.0
143,central,2026-09-22T23:00:00,2026-09-22 23:00:00,0.0,0.0,298.0872497558594,-0.6194305419921875,-1.625518798828125,97145.765625,40.78972625732422,1.739541767735505,40.66045888264974,40.53447278340658,-20.140625,-0.160797119140625,0.0,0.0
143,central,2026-09-23T00:00:00,2026-09-23 00:00:00,0.0,0.0,299.8414001464844,-0.2532592713832855,-1.7507750988006592,97162.03125,39.83904266357422,1.7689979381339174,40.61697642008463,40.36414400736491,23.0625,1.754150390625,0.0,0.0
143,central,2026-09-23T01:00:00,2026-09-23 01:00:00,0.0,0.0,299.7965393066406,-0.3779540956020355,-1.484951734542847,97200.828125,38.77312469482422,1.5322959741199356,39.80063120524088,40.105251948038735,62.953125,-0.04486083984375,0.0,0.0
143,central,2026-09-23T02:00:00,2026-09-23 02:00:00,0.0,0.0,300.85430908203125,-0.587127685546875,-1.178643822669983,97278.359375,38.28453826904297,1.316784029312985,38.96556854248047,39.8130137125651,132.59375,1.057769775390625,0.0,0.0
143,central,2026-09-23T03:00:00,2026-09-23 03:00:00,0.0,0.0,301.721923828125,-0.6374908685684204,-0.3561218380928039,97362.8515625,38.27263641357422,0.7302173450930322,38.443433125813804,39.53020477294922,200.8203125,0.86761474609375,0.0,0.0
143,central,2026-09-23T04:00:00,2026-09-23 04:00:00,0.0,0.0,302.205322265625,-0.8554748296737671,0.6473754644393921,97377.3515625,38.657264709472656,1.072815070812989,38.40481313069662,39.10272216796875,176.5234375,0.4833984375,0.0,0.0
143,central,2026-09-23T05:00:00,2026-09-23 05:00:00,0.0,0.0,303.7763061523437,-0.921405017375946,1.1927063465118408,97393.421875,39.12320709228516,1.5071614495651058,38.68436940511068,38.82496897379557,115.0625,1.5709838867186932,0.0,0.0
143,central,2026-09-23T06:00:00,2026-09-23 06:00:00,0.0,0.0,305.1869506835937,-1.180209398269653,1.479333519935608,97332.015625,39.724082946777344,1.892438080088512,39.16818491617838,38.805809020996094,-30.8359375,1.41064453125,0.0,0.0
143,central,2026-09-23T07:00:00,2026-09-23 07:00:00,0.0,0.0,305.432861328125,-1.2875792980194092,1.8545348644256592,97301.75,39.72214889526367,2.257689086667704,39.523146311442055,38.963979721069336,-75.6015625,0.2459106445313068,0.0,0.0
179,central,2026-09-18T05:00:00,2026-09-18 05:00:00,0.0,0.0,302.4111328125,2.2093963623046875,-1.5831756591796875,98486.6875,39.94774627685547,2.718065020117109,40.49535624186198,41.87821261088053,159.125,2.525634765625,0.0,0.0
179,central,2026-09-18T06:00:00,2026-09-18 06:00:00,0.0,0.0,304.086669921875,2.09661865234375,-1.2203369140625,98456.40625,39.65612030029297,2.4259084807921565,39.9862912495931,41.14720090230306,53.2109375,1.675537109375,0.0,0.0
179,central,2026-09-18T07:00:00,2026-09-18 07:00:00,0.0,0.0,304.664794921875,2.12841796875,-0.972320556640625,98440.3125,39.35460662841797,2.339993656949482,39.65282440185547,40.458442052205406,36.0,0.578125,0.0,0.0
179,central,2026-09-18T08:00:00,2026-09-18 08:00:00,0.0,0.0,305.57666015625,2.136215209960937,-0.5460662841796875,98326.9453125,38.8690299987793,2.2049044899918595,39.29325230916341,39.894304275512695,-159.7421875,0.911865234375,0.0,0.0
179,central,2026-09-18T09:00:00,2026-09-18 09:00:00,0.0,0.0,305.76611328125,2.5547637939453125,-0.3677825927734375,98274.4375,38.463157653808594,2.581100943086302,38.89559809366862,39.44094467163086,-181.96875,0.189453125,0.0,0.0
179,central,2026-09-18T10:00:00,2026-09-18 10:00:00,0.0,0.0,305.12744140625,1.6667327880859375,0.33416748046875,98246.953125,38.97377014160156,1.6999017888935688,38.76865259806315,39.21073849995931,-193.359375,-0.638671875,0.0,0.0
179,central,2026-09-18T11:00:00,2026-09-18 11:00:00,0.0,0.0,305.26025390625,1.7218475341796875,-0.3155670166015625,98171.375,39.011756896972656,1.7505260560550022,38.81622823079427,39.05474026997884,-155.5703125,0.1328125,0.0,0.0
179,central,2026-09-18T12:00:00,2026-09-18 12:00:00,0.0,0.0,304.711669921875,0.6208343505859375,-0.8991851806640625,98208.171875,39.53034210205078,1.092689013394628,39.171956380208336,39.03377723693848,-66.265625,-0.548583984375,0.0,0.0
179,central,2026-09-18T13:00:00,2026-09-18 13:00:00,0.0,0.0,304.208740234375,0.4061431884765625,-1.1390838623046875,98255.390625,39.49134063720703,1.209323916454509,39.34447987874349,39.05656623840332,8.4375,-0.5029296875,0.0,0.0
179,central,2026-09-18T14:00:00,2026-09-18 14:00:00,0.0,0.0,303.4326171875,0.1219482421875,-1.1970977783203125,98339.171875,38.1901741027832,1.20329317484645,39.07061894734701,38.94342358907064,167.796875,-0.776123046875,0.0,0.0
179,central,2026-09-18T15:00:00,2026-09-18 15:00:00,0.0,0.0,301.5908203125,-0.1869049072265625,-1.1089935302734375,98354.8984375,37.220664978027344,1.1246333155894466,38.30072657267253,38.73634147644043,146.7265625,-1.841796875,0.0,0.0
179,central,2026-09-18T16:00:00,2026-09-18 16:00:00,0.0,0.0,300.956298828125,-0.3913726806640625,-0.78802490234375,98386.671875,37.22217178344727,0.8798612514959679,37.54433695475261,38.44440841674805,131.28125,-0.634521484375,0.0,0.0
179,central,2026-09-18T17:00:00,2026-09-18 17:00:00,0.0,0.0,300.3017578125,-0.6592864990234375,-0.1160736083984375,98437.984375,37.47785568237305,0.6694264488061514,37.30689748128256,38.18875821431478,98.8125,-0.654541015625,0.0,0.0
179,central,2026-09-18T18:00:00,2026-09-18 18:00:00,0.0,0.0,300.41455078125,-0.7962799072265625,0.110992431640625,98425.296875,37.361961364746094,0.8039782400875298,37.35399627685547,37.827361424764,70.3984375,0.11279296875,0.0,0.0
179,central,2026-09-18T19:00:00,2026-09-18 19:00:00,0.0,0.0,300.13916015625,-0.808807373046875,-0.090850830078125,98437.703125,37.363807678222656,0.8138938751587157,37.4012082417806,37.4727725982666,51.03125,-0.275390625,0.0,0.0
179,central,2026-09-18T20:00:00,2026-09-18 20:00:00,0.0,0.0,299.41796875,-0.7853546142578125,-0.12420654296875,98439.6015625,37.68647766113281,0.7951158000268171,37.47074890136719,37.38882319132487,1.6171875,-0.72119140625,0.0,0.0
179,central,2026-09-18T21:00:00,2026-09-18 21:00:00,0.0,0.0,299.019287109375,-0.8171844482421875,-0.3210601806640625,98444.8125,37.873573303222656,0.8779920626389107,37.64128621419271,37.497641245524086,19.515625,-0.398681640625,0.0,0.0
179,central,2026-09-18T22:00:00,2026-09-18 22:00:00,0.0,0.0,298.517333984375,-0.833526611328125,-0.5620574951171875,98440.625,39.45268249511719,1.0053234502435295,38.33757781982422,37.86939303080241,2.921875,-0.501953125,0.0,0.0
179,central,2026-09-18T23:00:00,2026-09-18 23:00:00,0.0,0.0,298.618408203125,-1.131072998046875,-0.3437957763671875,98514.71875,39.311126708984375,1.1821682040888526,38.879127502441406,38.1749382019043,75.1171875,0.10107421875,0.0,0.0
179,central,2026-09-19T00:00:00,2026-09-19 00:00:00,0.0,0.0,299.522705078125,-1.297271728515625,-0.0803680419921875,98536.640625,39.06884002685547,1.2997588083100555,39.27754974365234,38.45941797892253,91.828125,0.904296875,0.0,0.0
179,central,2026-09-19T01:00:00,2026-09-19 01:00:00,0.0,0.0,299.66357421875,-1.4881591796875,0.142913818359375,98611.421875,39.20586395263672,1.4950057202453204,39.19527689615885,38.76642735799154,170.796875,0.140869140625,0.0,0.0
179,central,2026-09-19T02:00:00,2026-09-19 02:00:00,0.0,0.0,300.39892578125,-1.7393341064453125,0.396392822265625,98684.84375,39.71895217895508,1.783931165540762,39.33121871948242,39.10517311096192,170.125,0.7353515625,0.0,0.0
179,central,2026-09-19T03:00:00,2026-09-19 03:00:00,0.0,0.0,300.859375,-1.9191741943359373,0.5130157470703125,98774.375,40.2707405090332,1.986558517876356,39.731852213541664,39.50470097859701,237.734375,0.46044921875,0.0,0.0
179,central,2026-09-19T04:00:00,2026-09-19 04:00:00,0.0,0.0,301.54052734375,-2.087249755859375,0.5501251220703125,98783.609375,40.59186553955078,2.158529405235865,40.19385274251302,39.69456481933594,172.1875,0.68115234375,0.0,0.0
179,central,2026-09-19T05:00:00,2026-09-19 05:00:00,0.0,0.0,303.2705078125,-1.7695770263671875,0.489593505859375,98788.9765625,40.47526550292969,1.83605682189474,40.44595718383789,39.88858795166016,104.1328125,1.72998046875,0.0,0.0
179,central,2026-09-19T06:00:00,2026-09-19 06:00:00,0.0,0.0,304.899658203125,-1.4689178466796875,0.60345458984375,98747.09375,40.57075500488281,1.588041901933818,40.54596201578776,40.13890711466471,-27.28125,1.629150390625,0.0,0.0
179,central,2026-09-19T07:00:00,2026-09-19 07:00:00,0.0,0.0,304.957275390625,-0.9991302490234376,0.7734527587890625,98689.984375,40.53802490234375,1.2635230209980537,40.52801513671875,40.36093393961588,-93.625,0.0576171875,0.0,0.0
179,central,2026-09-19T08:00:00,2026-09-19 08:00:00,0.0,0.0,305.647216796875,-0.3518829345703125,1.084197998046875,98575.3671875,40.09813690185547,1.1398714395100291,40.402305603027344,40.42413139343262,-213.609375,0.68994140625,0.0,0.0
179,central,2026-09-19T09:00:00,2026-09-19 09:00:00,0.0,0.0,305.19921875,0.1788330078125,1.1338653564453125,98511.09375,39.622676849365234,1.1478814796093373,40.08627955118815,40.31612078348795,-236.0,-0.447998046875,0.0,0.0
179,central,2026-09-19T10:00:00,2026-09-19 10:00:00,0.0,0.0,305.328369140625,0.4860687255859375,0.3089141845703125,98421.8515625,35.26544570922852,0.575926019052342,38.32875315348307,39.428384145100914,-268.1328125,0.129150390625,0.0,0.0
179,central,2026-09-19T11:00:00,2026-09-19 11:00:00,0.0,0.0,305.351318359375,-0.543975830078125,0.368743896484375,98439.875,35.64935302734375,0.6571771183658669,36.8458251953125,38.62406539916992,-135.4921875,0.02294921875,0.0,0.0
179,central,2026-09-19T12:00:00,2026-09-19 12:00:00,0.0,0.0,304.574462890625,-0.9011993408203124,0.081024169921875,98468.203125,35.147586822509766,0.9048343318014046,35.35412851969401,37.72020403544108,-42.890625,-0.77685546875,0.0,0.0
179,central,2026-09-19T13:00:00,2026-09-19 13:00:00,0.0,0.0,304.07958984375,-1.537872314453125,0.138092041015625,98511.421875,35.98687744140625,1.5440598004459778,35.59460576375326,36.96167945861816,89.5703125,-0.494873046875,0.0,0.0
179,central,2026-09-19T14:00:00,2026-09-19 14:00:00,0.0,0.0,302.6103515625,-1.82958984375,0.425689697265625,98603.09375,37.23401641845703,1.8784596654469985,36.12282689412435,36.48432604471842,163.21875,-1.46923828125,0.0,0.0
179,central,2026-09-19T15:00:00,2026-09-19 15:00:00,0.0,0.0,301.3828125,-2.1115264892578125,0.9201812744140624,98682.96875,37.28773880004883,2.3033188430218927,36.83621088663737,36.09516970316569,214.765625,-1.2275390625,0.0,0.0
179,central,2026-09-19T16:00:00,2026-09-19 16:00:00,0.0,0.0,301.3203125,-2.029510498046875,1.349578857421875,98750.96875,37.14230346679688,2.4372681333990744,37.221352895100914,36.407979329427086,239.546875,-0.0625,0.0,0.0
179,central,2026-09-19T17:00:00,2026-09-19 17:00:00,0.0,0.0,300.2578125,-1.6929473876953125,1.324249267578125,98792.0546875,37.03801727294922,2.149350362361982,37.15601984659831,36.63942337036133,188.9609375,-1.0625,0.0,0.0
179,central,2026-09-19T18:00:00,2026-09-19 18:00:00,0.0,0.0,299.949951171875,-1.4366455078125,0.9755706787109376,98798.3125,37.135841369628906,1.736573771619955,37.105387369791664,36.97079912821452,115.34375,-0.307861328125,0.0,0.0
179,central,2026-09-19T19:00:00,2026-09-19 19:00:00,0.0,0.0,299.7958984375,-1.341644287109375,0.4680023193359375,98805.515625,37.45214080810547,1.4209277124600814,37.2086664835612,37.215009689331055,54.546875,-0.154052734375,0.0,0.0
179,central,2026-09-19T20:00:00,2026-09-19 20:00:00,0.0,0.0,298.8173828125,-1.1975860595703125,0.0070037841796875,98779.84375,37.87468338012695,1.197606539340022,37.487555185953774,37.32178751627604,-12.2109375,-0.978515625,0.0,0.0
179,central,2026-09-19T21:00:00,2026-09-19 21:00:00,0.0,0.0,298.61865234375,-1.1756744384765625,-0.2469635009765625,98791.3671875,38.53950500488281,1.2013331578299922,37.95544306437174,37.5304152170817,-6.9453125,-0.19873046875,0.0,0.0
179,central,2026-09-19T22:00:00,2026-09-19 22:00:00,0.0,0.0,297.914306640625,-1.0773162841796875,-0.7354736328125,98742.59375,40.54182815551758,1.304427782869234,38.985338846842446,38.09700266520182,-62.921875,-0.704345703125,0.0,0.0
179,central,2026-09-19T23:00:00,2026-09-19 23:00:00,0.0,0.0,298.015625,-0.9132232666015624,-0.8264312744140625,98803.203125,40.487037658691406,1.231651487228461,39.85612360636393,38.67183939615885,23.359375,0.101318359375,0.0,0.0
179,central,2026-09-20T00:00:00,2026-09-20 00:00:00,0.0,0.0,299.022216796875,-0.9148406982421876,-1.02447509765625,98776.546875,40.34394454956055,1.373492893639438,40.45760345458984,39.2065232594808,-14.8203125,1.006591796875,0.0,0.0
179,central,2026-09-20T01:00:00,2026-09-20 01:00:00,0.0,0.0,299.05712890625,-0.44085693359375,-0.509552001953125,98822.09375,40.55875778198242,0.6737937953054493,40.46324666341146,39.72429275512695,79.5,0.034912109375,0.0,0.0
179,central,2026-09-20T02:00:00,2026-09-20 02:00:00,0.0,0.0,300.018310546875,-0.28521728515625,-0.4276580810546875,98867.2109375,41.05537033081055,0.5140431246921597,40.65269088745117,40.254407246907554,64.0078125,0.961181640625,0.0,0.0
179,central,2026-09-20T03:00:00,2026-09-20 03:00:00,0.0,0.0,300.390625,-0.1068115234375,-0.1551361083984375,98937.53125,42.06140899658203,0.1883505074802066,41.225179036458336,40.841391245524086,160.984375,0.372314453125,0.0,0.0
179,central,2026-09-20T04:00:00,2026-09-20 04:00:00,0.0,0.0,300.995361328125,0.0140533447265625,0.1265411376953125,98949.484375,43.33023834228516,0.1273191110054874,42.14900588989258,41.306126276652016,127.390625,0.604736328125,0.0,0.0
179,central,2026-09-20T05:00:00,2026-09-20 05:00:00,0.0,0.0,303.64013671875,0.213714599609375,0.3861236572265625,98964.5703125,44.43415069580078,0.4413223411025227,43.27526601155599,41.96397844950358,97.359375,2.644775390625,0.0,0.0
179,central,2026-09-20T06:00:00,2026-09-20 06:00:00,0.0,0.0,305.510498046875,0.22564697265625,0.4170074462890625,98945.3984375,45.25000381469727,0.4741431920100253,44.33813095092773,42.78165499369303,7.8671875,1.870361328125,0.0,0.0
179,central,2026-09-20T07:00:00,2026-09-20 07:00:00,0.0,0.0,305.951416015625,0.33465576171875,0.309722900390625,98912.2421875,45.95560836791992,0.4559854755120362,45.21325429280599,43.68113009134928,-37.2421875,0.44091796875,0.0,0.0
179,central,2026-09-20T08:00:00,2026-09-20 08:00:00,0.0,0.0,306.831298828125,0.4047088623046875,0.0833587646484375,98814.5390625,46.65808868408203,0.4132044855415634,45.954566955566406,44.6149164835612,-150.03125,0.8798828125,0.0,0.0
179,central,2026-09-20T09:00:00,2026-09-20 09:00:00,0.0,0.0,307.254150390625,0.5316314697265625,0.19171142578125,98733.828125,47.1085319519043,0.5651418320905865,46.57407633463541,45.45610364278158,-211.5703125,0.4228515625,0.0,0.0
179,central,2026-09-20T10:00:00,2026-09-20 10:00:00,0.0,0.0,306.64990234375,-0.72406005859375,-0.0296630859375,98663.359375,48.5753173828125,0.7246674182810485,47.44731267293295,46.33028348286947,-248.8828125,-0.604248046875,0.0,0.0
179,central,2026-09-20T11:00:00,2026-09-20 11:00:00,0.0,0.0,305.720458984375,-2.192855834960937,-1.080169677734375,98645.859375,48.196197509765625,2.444459704233026,47.96001561482748,46.95729128519694,-168.6796875,-0.929443359375,0.0,0.0
179,central,2026-09-20T12:00:00,2026-09-20 12:00:00,0.0,0.0,305.232421875,-0.7234954833984375,-0.84869384765625,98602.78125,46.74372100830078,1.1152250721479986,47.83841196695963,47.20624415079752,-131.046875,-0.488037109375,0.0,0.0
179,central,2026-09-20T13:00:00,2026-09-20 13:00:00,0.0,0.0,304.427490234375,-0.8903045654296875,-1.0673828125,98607.765625,45.91984558105469,1.389945426139226,46.95325469970703,47.20028368631999,-55.59375,-0.804931640625,0.0,0.0
179,central,2026-09-20T14:00:00,2026-09-20 14:00:00,0.0,0.0,303.1728515625,-0.6452178955078125,-1.229766845703125,98702.5390625,45.77564239501953,1.388752183607336,46.146402994791664,47.05320930480957,56.6796875,-1.254638671875,0.0,0.0
179,central,2026-09-20T15:00:00,2026-09-20 15:00:00,0.0,0.0,301.473388671875,-0.3509674072265625,-1.3941802978515625,98738.171875,45.44673538208008,1.437677579936756,45.7140744527181,46.77624320983887,135.390625,-1.699462890625,0.0,0.0
179,central,2026-09-20T16:00:00,2026-09-20 16:00:00,0.0,0.0,301.74951171875,0.009765625,-1.1550445556640625,98778.046875,44.9624137878418,1.1550858379362254,45.39493052164713,46.174092610677086,170.28125,0.276123046875,0.0,0.0
179,central,2026-09-20T17:00:00,2026-09-20 17:00:00,0.0,0.0,300.596435546875,-0.417144775390625,-0.6807861328125,98802.0234375,44.92325973510742,0.7984231473758097,45.1108029683431,45.62860298156738,99.484375,-1.153076171875,0.0,0.0
179,central,2026-09-20T18:00:00,2026-09-20 18:00:00,0.0,0.0,300.449462890625,-0.4035186767578125,-0.7242431640625,98790.78125,44.99443054199219,0.8290690460894299,44.960034688313804,45.33705457051595,52.609375,-0.14697265625,0.0,0.0
179,central,2026-09-20T19:00:00,2026-09-20 19:00:00,0.0,0.0,300.3203125,-0.4346160888671875,-0.874847412109375,98780.078125,45.25407791137695,0.9768567649234364,45.05725606282552,45.22609329223633,2.03125,-0.129150390625,0.0,0.0
179,central,2026-09-20T20:00:00,2026-09-20 20:00:00,0.0,0.0,299.565185546875,-0.4015655517578125,-0.914703369140625,98725.40625,45.69888687133789,0.9989680404676452,45.31579844156901,45.213300704956055,-76.6171875,-0.755126953125,0.0,0.0
179,central,2026-09-20T21:00:00,2026-09-20 21:00:00,0.0,0.0,299.6689453125,-0.2140655517578125,-0.82525634765625,98721.265625,46.06964874267578,0.8525679443870208,45.67420450846354,45.31711959838867,-69.515625,0.103759765625,0.0,0.0
179,central,2026-09-20T22:00:00,2026-09-20 22:00:00,0.0,0.0,298.709716796875,-0.2476959228515625,-0.7892608642578125,98675.03125,45.40958023071289,0.8272158013760836,45.72603861490885,45.39164733886719,-105.046875,-0.959228515625,0.0,0.0
179,central,2026-09-20T23:00:00,2026-09-20 23:00:00,0.0,0.0,298.6083984375,-0.4908447265625,-1.0769805908203125,98715.828125,45.70809173583984,1.18356061889448,45.72910690307617,45.52245267232259,-9.578125,-0.101318359375,0.0,0.0
179,central,2026-09-21T00:00:00,2026-09-21 00:00:00,0.0,0.0,299.9384765625,-0.83929443359375,-1.0384979248046875,98672.46875,45.56414413452149,1.335250196062557,45.56060536702474,45.61740493774414,-48.796875,1.330078125,0.0,0.0
179,central,2026-09-21T01:00:00,2026-09-21 01:00:00,0.0,0.0,300.0498046875,-0.901580810546875,-0.8608856201171875,98668.171875,45.170257568359375,1.246584136298435,45.48083114624024,45.60343488057455,-6.859375,0.111328125,0.0,0.0
179,central,2026-09-21T02:00:00,2026-09-21 02:00:00,0.0,0.0,300.6025390625,-0.654144287109375,-0.3791656494140625,98695.3125,44.76212310791016,0.7560895039963326,45.16550827026367,45.44730758666992,-20.515625,0.552734375,0.0,0.0
179,central,2026-09-21T03:00:00,2026-09-21 03:00:00,0.0,0.0,301.6015625,-0.35418701171875,0.107635498046875,98718.8984375,44.77458953857422,0.370180820289297,44.90232340494792,45.23146438598633,46.4296875,0.9990234375,0.0,0.0
179,central,2026-09-21T04:00:00,2026-09-21 04:00:00,0.0,0.0,302.44091796875,-0.2706451416015625,0.374267578125,98731.5390625,45.15081787109375,0.4618712079228178,44.895843505859375,45.188337326049805,63.3671875,0.83935546875,0.0,0.0
179,central,2026-09-21T05:00:00,2026-09-21 05:00:00,0.0,0.0,304.4765625,-0.122467041015625,0.49530029296875,98738.6953125,45.74874877929688,0.5102161858957949,45.22471872965495,45.19511349995931,43.3828125,2.03564453125,0.0,0.0
179,central,2026-09-21T06:00:00,2026-09-21 06:00:00,0.0,0.0,306.1396484375,0.04815673828125,0.4539947509765625,98704.375,46.385868072509766,0.4565416797578944,45.76181157430013,45.33206748962402,-14.5234375,1.6630859375,0.0,0.0
179,central,2026-09-21T07:00:00,2026-09-21 07:00:00,0.0,0.0,306.537109375,0.22039794921875,0.3607177734375,98595.7734375,46.81137847900391,0.4227204372792239,46.31533177693686,45.60558764139813,-135.765625,0.3974609375,0.0,0.0
179,central,2026-09-21T08:00:00,2026-09-21 08:00:00,0.0,0.0,307.400390625,0.418182373046875,0.3799591064453125,98546.8515625,47.10324478149414,0.5650180702400907,46.76683044433594,45.995774586995445,-191.84375,0.86328125,0.0,0.0
179,central,2026-09-21T09:00:00,2026-09-21 09:00:00,0.0,0.0,307.9326171875,0.802459716796875,0.24822998046875,98392.671875,47.07813262939453,0.8399760236371255,46.99758529663086,46.37969843546549,-311.703125,0.5322265625,0.0,0.0
179,central,2026-09-21T10:00:00,2026-09-21 10:00:00,0.0,0.0,305.623046875,-0.7411956787109375,0.7098541259765625,98305.28125,46.6053581237793,1.0262864679541073,46.92891184488932,46.622121810913086,-290.4921875,-2.3095703125,0.0,0.0
179,central,2026-09-21T11:00:00,2026-09-21 11:00:00,0.0,0.0,305.857666015625,-0.4373779296875,-1.1396026611328125,98355.890625,47.78953552246094,1.2206529722401496,47.15767542521159,46.962252934773765,-190.9609375,0.234619140625,0.0,0.0
179,central,2026-09-21T12:00:00,2026-09-21 12:00:00,0.0,0.0,305.454345703125,-0.176483154296875,-1.4683990478515625,98341.421875,47.55961608886719,1.4789665538753571,47.31816991170248,47.15787760416666,-51.25,-0.4033203125,0.0,0.0
179,central,2026-09-21T13:00:00,2026-09-21 13:00:00,0.0,0.0,304.815673828125,-0.79290771484375,-1.4601287841796875,98340.421875,46.84309387207031,1.661529027928429,47.39741516113281,47.16316350301107,35.140625,-0.638671875,0.0,0.0
179,central,2026-09-21T14:00:00,2026-09-21 14:00:00,0.0,0.0,304.195556640625,-1.3025360107421875,-1.15106201171875,98401.2265625,45.761497497558594,1.7382588455411891,46.72140248616537,46.93953895568848,45.3359375,-0.6201171875,0.0,0.0
179,central,2026-09-21T15:00:00,2026-09-21 15:00:00,0.0,0.0,302.72314453125,-1.60504150390625,-0.4181976318359375,98439.078125,44.77672576904297,1.6586281947847212,45.79377237955729,46.55597114562988,97.65625,-1.472412109375,0.0,0.0
179,central,2026-09-21T16:00:00,2026-09-21 16:00:00,0.0,0.0,302.678466796875,-1.5693359375,0.44677734375,98485.6015625,44.47358322143555,1.6316939908013726,45.00393549601237,46.20067532857259,145.1796875,-0.044677734375,0.0,0.0
179,central,2026-09-21T17:00:00,2026-09-21 17:00:00,0.0,0.0,301.2705078125,-1.386566162109375,0.6207275390625,98477.734375,44.48891067504883,1.5191670084810651,44.57973988850912,45.65057118733724,76.5078125,-1.407958984375,0.0,0.0
179,central,2026-09-21T18:00:00,2026-09-21 18:00:00,0.0,0.0,301.06201171875,-1.3942108154296875,0.485321044921875,98517.1328125,44.88101196289063,1.476265665286968,44.614501953125,45.20413716634115,78.0546875,-0.20849609375,0.0,0.0
179,central,2026-09-21T19:00:00,2026-09-21 19:00:00,0.0,0.0,300.3876953125,-1.46014404296875,0.1380462646484375,98488.6484375,45.02979278564453,1.4666551733112023,44.79990514119466,44.90192031860352,3.046875,-0.67431640625,0.0,0.0
179,central,2026-09-21T20:00:00,2026-09-21 20:00:00,0.0,0.0,299.7255859375,-1.3361968994140625,-0.0739593505859375,98468.46875,45.014007568359375,1.3382421826944657,44.97493743896485,44.77733866373698,-9.265625,-0.662109375,0.0,0.0
179,central,2026-09-21T21:00:00,2026-09-21 21:00:00,0.0,0.0,299.26708984375,-1.20654296875,-0.3027191162109375,98457.453125,44.85091018676758,1.2439392263127629,44.96490351359049,44.78970273335775,-59.6796875,-0.45849609375,0.0,0.0
179,central,2026-09-21T22:00:00,2026-09-21 22:00:00,0.0,0.0,298.536376953125,-1.2490234375,0.1648406982421875,98406.375,45.50962829589844,1.2598539610690154,45.12484868367513,44.9623769124349,-82.2734375,-0.730712890625,0.0,0.0
179,central,2026-09-21T23:00:00,2026-09-21 23:00:00,0.0,0.0,298.880126953125,-1.3126068115234375,-0.0634307861328125,98440.21875,45.82549285888672,1.3141385415119486,45.39534378051758,45.18514060974121,-28.25,0.34375,0.0,0.0
179,central,2026-09-22T00:00:00,2026-09-22 00:00:00,0.0,0.0,300.1865234375,-0.7512664794921875,-0.4915771484375,98462.0859375,45.813270568847656,0.8978025484896606,45.71613057454427,45.34051704406738,4.6328125,1.306396484375,0.0,0.0
179,central,2026-09-22T01:00:00,2026-09-22 01:00:00,0.0,0.0,300.236083984375,-0.5723419189453125,-0.76141357421875,98492.9921875,45.21443939208984,0.952536562650786,45.61773427327474,45.37129147847494,86.6171875,0.049560546875,0.0,0.0
179,central,2026-09-22T02:00:00,2026-09-22 02:00:00,0.0,0.0,301.065185546875,-0.71185302734375,-0.77984619140625,98533.296875,44.34043884277344,1.0558857962816317,45.12271626790365,45.25903002421061,93.078125,0.8291015625,0.0,0.0
179,central,2026-09-22T03:00:00,2026-09-22 03:00:00,0.0,0.0,301.64599609375,-0.6698150634765625,-0.3701934814453125,98568.2890625,43.503196716308594,0.7653074107603508,44.35269165039063,45.034411112467446,106.203125,0.580810546875,0.0,0.0
179,central,2026-09-22T04:00:00,2026-09-22 04:00:00,0.0,0.0,302.190185546875,-0.3870086669921875,0.026824951171875,98558.546875,43.05275344848633,0.3879372195761105,43.63212966918945,44.624931971232094,65.5546875,0.544189453125,0.0,0.0
179,central,2026-09-22T05:00:00,2026-09-22 05:00:00,0.0,0.0,304.3203125,0.349334716796875,0.1099395751953125,98548.234375,42.930419921875,0.3662259610591235,43.162123362223305,44.14241981506348,14.9375,2.130126953125,0.0,0.0
179,central,2026-09-22T06:00:00,2026-09-22 06:00:00,0.0,0.0,305.9296875,1.0912322998046875,-0.12603759765625,98480.8125,43.02262496948242,1.098486872092692,43.00193277994792,43.67731221516927,-87.4765625,1.609375,0.0,0.0
179,central,2026-09-22T07:00:00,2026-09-22 07:00:00,0.0,0.0,306.437255859375,1.726226806640625,-0.2142791748046875,98431.0625,43.0428466796875,1.739475367091948,42.99863052368164,43.31538009643555,-127.484375,0.507568359375,0.0,0.0
179,central,2026-09-22T08:00:00,2026-09-22 08:00:00,0.0,0.0,307.454833984375,2.1826324462890625,-0.4355621337890625,98324.09375,42.83368682861328,2.2256681621447205,42.96638615926107,43.06425476074219,-224.140625,1.017578125,0.0,0.0
179,central,2026-09-22T09:00:00,2026-09-22 09:00:00,0.0,0.0,307.542236328125,2.5574951171875,-0.676544189453125,98231.59375,42.202056884765625,2.6454665589874105,42.69286346435547,42.847398122151695,-249.21875,0.08740234375,0.0,0.0
179,central,2026-09-22T10:00:00,2026-09-22 10:00:00,0.0,0.0,306.400390625,2.59747314453125,-0.9242706298828124,98114.734375,43.19631576538086,2.7570170354615207,42.74401982625326,42.871325174967446,-316.328125,-1.141845703125,0.0,0.0
179,central,2026-09-22T11:00:00,2026-09-22 11:00:00,0.0,0.0,306.114990234375,2.364501953125,-1.1247711181640625,98081.8359375,42.67623519897461,2.618392551659887,42.69153594970703,42.82896105448405,-242.2578125,-0.285400390625,0.0,0.0
179,central,2026-09-22T12:00:00,2026-09-22 12:00:00,0.0,0.0,305.6884765625,1.43133544921875,-0.75531005859375,98068.6875,41.9336166381836,1.618398731092908,42.60205586751302,42.64745966593424,-162.90625,-0.426513671875,0.0,0.0
179,central,2026-09-22T13:00:00,2026-09-22 13:00:00,0.0,0.0,305.066650390625,1.679779052734375,-0.4539642333984375,98073.640625,40.87225341796875,1.7400405717138394,41.82736841837565,42.28569412231445,-41.09375,-0.621826171875,0.0,0.0
179,central,2026-09-22T14:00:00,2026-09-22 14:00:00,0.0,0.0,303.301513671875,1.68365478515625,-0.265380859375,98148.21875,39.52655029296875,1.704441385352442,40.77747344970703,41.73450469970703,66.3828125,-1.76513671875,0.0,0.0
179,central,2026-09-22T15:00:00,2026-09-22 15:00:00,0.0,0.0,301.0048828125,1.5537872314453125,0.1572418212890625,98202.453125,37.96644973754883,1.5617233272781677,39.45508448282877,41.0285701751709,133.765625,-2.296630859375,0.0,0.0
179,central,2026-09-22T16:00:00,2026-09-22 16:00:00,0.0,0.0,301.639892578125,0.953216552734375,0.692840576171875,98261.0625,36.900856018066406,1.178409886413459,38.13128534952799,39.97932688395182,187.421875,0.635009765625,0.0,0.0
179,central,2026-09-22T17:00:00,2026-09-22 17:00:00,0.0,0.0,300.8564453125,0.3309173583984375,0.57373046875,98281.921875,36.37225341796875,0.6623239002644361,37.07985305786133,38.92866325378418,133.703125,-0.783447265625,0.0,0.0
179,central,2026-09-22T18:00:00,2026-09-22 18:00:00,0.0,0.0,300.20068359375,-0.0082550048828125,0.1473236083984375,98284.8671875,35.76228713989258,0.1475547040834396,36.34513219197592,37.90010833740234,82.4140625,-0.65576171875,0.0,0.0
179,central,2026-09-22T19:00:00,2026-09-22 19:00:00,0.0,0.0,300.78857421875,-0.58367919921875,-0.4544219970703125,98284.578125,35.0469856262207,0.7397166748303112,35.72717539469401,36.929230372111,23.515625,0.587890625,0.0,0.0
179,central,2026-09-22T20:00:00,2026-09-22 20:00:00,0.0,0.0,299.799072265625,-0.880126953125,-0.62274169921875,98266.15625,34.52888488769531,1.078160784652712,35.1127192179362,36.096286137898765,-15.765625,-0.989501953125,0.0,0.0
179,central,2026-09-22T21:00:00,2026-09-22 21:00:00,0.0,0.0,299.751708984375,-1.3057403564453125,-0.624481201171875,98244.46875,34.24507522583008,1.4473889073317507,34.606981913248696,35.476057052612305,-40.3984375,-0.04736328125,0.0,0.0
179,central,2026-09-22T22:00:00,2026-09-22 22:00:00,0.0,0.0,298.6904296875,-1.1242828369140625,-0.4899444580078125,98252.171875,37.73768615722656,1.226400207645164,35.50388209025065,35.61552874247233,-32.40625,-1.061279296875,0.0,0.0
179,central,2026-09-22T23:00:00,2026-09-22 23:00:00,0.0,0.0,298.468994140625,-0.9521942138671876,-0.890655517578125,98272.71875,37.89402389526367,1.3038178829554798,36.62559509277344,35.86915715535482,6.5625,-0.221435546875,0.0,0.0
179,central,2026-09-23T00:00:00,2026-09-23 00:00:00,0.0,0.0,300.24169921875,-0.91546630859375,-1.175628662109375,98301.9296875,37.53328323364258,1.4900272861069848,37.72166442871094,36.16432317097982,57.4609375,1.772705078125,0.0,0.0
179,central,2026-09-23T01:00:00,2026-09-23 01:00:00,0.0,0.0,300.166259765625,-0.8524169921875,-1.1366119384765625,98326.828125,35.58816146850586,1.4207397464903393,37.00515619913737,36.25451914469401,74.65625,-0.075439453125,0.0,0.0
179,central,2026-09-23T02:00:00,2026-09-23 02:00:00,0.0,0.0,301.15673828125,-0.828582763671875,-0.671173095703125,98393.5078125,34.33121871948242,1.066312674898802,35.81755447387695,36.2215747833252,120.7890625,0.990478515625,0.0,0.0
179,central,2026-09-23T03:00:00,2026-09-23 03:00:00,0.0,0.0,301.702392578125,-0.8209381103515625,-0.117156982421875,98473.453125,34.16902542114258,0.8292557745097672,34.69613520304362,36.20889981587728,171.5234375,0.545654296875,0.0,0.0
179,central,2026-09-23T04:00:00,2026-09-23 04:00:00,0.0,0.0,302.342529296875,-1.014068603515625,0.59136962890625,98486.8984375,34.519371032714844,1.173905094387466,34.33987172444662,35.67251396179199,160.0703125,0.64013671875,0.0,0.0
179,central,2026-09-23T05:00:00,2026-09-23 05:00:00,0.0,0.0,304.370361328125,-0.844696044921875,0.931915283203125,98497.21875,35.2136344909668,1.25776687163171,34.634010314941406,35.22578239440918,103.7109375,2.02783203125,0.0,0.0
179,central,2026-09-23T06:00:00,2026-09-23 06:00:00,0.0,0.0,306.146728515625,-0.8293304443359375,1.18157958984375,98423.765625,36.3791618347168,1.4435786480264137,35.37072245279948,35.03342882792155,-49.6875,1.7763671875,0.0,0.0
179,central,2026-09-23T07:00:00,2026-09-23 07:00:00,0.0,0.0,306.515869140625,-0.902374267578125,1.389739990234375,98407.75,37.75769805908203,1.6570022810013867,36.45016479492188,35.39501825968424,-79.1484375,0.369140625,0.0,0.0
180,central,2026-09-18T05:00:00,2026-09-18 05:00:00,0.0,0.0,302.7314453125,2.8580780029296875,-2.3202362060546875,98725.9375,42.47557830810547,3.6813185032971,42.96866353352865,44.4225648244222,162.375,2.251220703125,0.0,0.0
180,central,2026-09-18T06:00:00,2026-09-18 06:00:00,0.0,0.0,304.489990234375,2.61468505859375,-2.1322021484375,98697.15625,42.71569061279297,3.3738500199971684,42.66435114542643,43.67731157938639,58.4609375,1.758544921875,0.0,0.0
180,central,2026-09-18T07:00:00,2026-09-18 07:00:00,0.0,0.0,304.999267578125,2.4873046875,-1.810455322265625,98673.5625,42.84288787841797,3.0764318751403223,42.6780522664388,43.164578119913735,33.75,0.50927734375,0.0,0.0
180,central,2026-09-18T08:00:00,2026-09-18 08:00:00,0.0,0.0,305.8203125,2.414291381835937,-1.2694549560546875,98571.9453125,42.8719596862793,2.727694770655084,42.81017939249674,42.889421463012695,-153.9921875,0.821044921875,0.0,0.0
180,central,2026-09-18T09:00:00,2026-09-18 09:00:00,0.0,0.0,305.8798828125,2.7285919189453125,-0.9852142333984376,98514.1875,42.423118591308594,2.9010103319058573,42.71265538533529,42.68850326538086,-182.96875,0.0595703125,0.0,0.0
180,central,2026-09-18T10:00:00,2026-09-18 10:00:00,0.0,0.0,305.08056640625,1.9387054443359373,-0.13800048828125,98465.703125,42.24574279785156,1.94361079814444,42.51360702514648,42.59582964579264,-207.859375,-0.79931640625,0.0,0.0
180,central,2026-09-18T11:00:00,2026-09-18 11:00:00,0.0,0.0,305.26416015625,1.9332733154296875,-0.2354888916015625,98392.375,41.190956115722656,1.9475627666959103,41.9532725016276,42.38172594706217,-179.5703125,0.18359375,0.0,0.0
180,central,2026-09-18T12:00:00,2026-09-18 12:00:00,0.0,0.0,304.611572265625,1.3810882568359375,0.0964202880859375,98423.171875,40.94196319580078,1.3844499431632418,41.459554036458336,42.08610471089681,-91.015625,-0.652587890625,0.0,0.0
180,central,2026-09-18T13:00:00,2026-09-18 13:00:00,0.0,0.0,303.572509765625,1.6534576416015625,-0.3688201904296875,98472.140625,40.87854766845703,1.6940928266890194,41.00382232666016,41.75871467590332,6.4375,-1.0390625,0.0,0.0
180,central,2026-09-18T14:00:00,2026-09-18 14:00:00,0.0,0.0,302.4921875,1.5379638671875,-0.2415313720703125,98560.671875,39.8845100402832,1.556814138061605,40.56834030151367,41.26080640157064,168.296875,-1.080322265625,0.0,0.0
180,central,2026-09-18T15:00:00,2026-09-18 15:00:00,0.0,0.0,301.22265625,1.3294525146484375,0.1488189697265625,98577.8984375,39.353965759277344,1.3377559846457534,40.03900782267253,40.74928092956543,154.7265625,-1.26953125,0.0,0.0
180,central,2026-09-18T16:00:00,2026-09-18 16:00:00,0.0,0.0,301.331787109375,1.4172210693359375,0.14801025390625,98612.421875,39.68506240844727,1.4249289788024844,39.64117940266927,40.32250086466471,140.28125,0.109130859375,0.0,0.0
180,central,2026-09-18T17:00:00,2026-09-18 17:00:00,0.0,0.0,300.82373046875,1.3468170166015625,0.2708892822265625,98657.984375,39.68098068237305,1.3737893140626607,39.57333628336588,40.07083829243978,97.3125,-0.508056640625,0.0,0.0
180,central,2026-09-18T18:00:00,2026-09-18 18:00:00,0.0,0.0,300.70703125,1.3065032958984375,0.342926025390625,98640.046875,39.168113708496094,1.3507587205284637,39.51138559977213,39.77519671122233,62.1484375,-0.11669921875,0.0,0.0
180,central,2026-09-18T19:00:00,2026-09-18 19:00:00,0.0,0.0,300.45166015625,1.222198486328125,0.210174560546875,98653.953125,39.147499084472656,1.2401380914574924,39.33219782511393,39.4866886138916,41.53125,-0.25537109375,0.0,0.0
180,central,2026-09-18T20:00:00,2026-09-18 20:00:00,0.0,0.0,300.01318359375,1.1528778076171875,-0.00628662109375,98650.1015625,39.26606750488281,1.1528949479033157,39.19389343261719,39.38361485799154,-7.8828125,-0.4384765625,0.0,0.0
180,central,2026-09-18T21:00:00,2026-09-18 21:00:00,0.0,0.0,299.787841796875,0.9284210205078124,-0.3552398681640625,98655.0625,39.275428771972656,0.9940628527683693,39.22966512044271,39.37052536010742,15.015625,-0.225341796875,0.0,0.0
180,central,2026-09-18T22:00:00,2026-09-18 22:00:00,0.0,0.0,299.144775390625,0.779754638671875,-0.9155731201171876,98644.875,40.98637390136719,1.2026185741170925,39.84262339274088,39.58741060892741,-9.078125,-0.64306640625,0.0,0.0
180,central,2026-09-18T23:00:00,2026-09-18 23:00:00,0.0,0.0,299.128173828125,0.611602783203125,-1.1575164794921875,98728.71875,40.916595458984375,1.309160939196475,40.392799377441406,39.7933464050293,78.6171875,-0.0166015625,0.0,0.0
180,central,2026-09-19T00:00:00,2026-09-19 00:00:00,0.0,0.0,299.960205078125,0.200775146484375,-0.8850555419921875,98752.890625,40.77733612060547,0.907542820949462,40.89343516031901,40.06155014038086,97.828125,0.83203125,0.0,0.0
180,central,2026-09-19T01:00:00,2026-09-19 01:00:00,0.0,0.0,299.927734375,-0.0267333984375,-0.214996337890625,98821.671875,40.65557098388672,0.2166520249118339,40.78316752115885,40.31289545694987,176.796875,-0.032470703125,0.0,0.0
180,central,2026-09-19T02:00:00,2026-09-19 02:00:00,0.0,0.0,300.69140625,-0.4190216064453125,-0.379241943359375,98891.34375,40.65401077270508,0.5651579940786521,40.695639292399086,40.54421933492025,162.625,0.763671875,0.0,0.0
180,central,2026-09-19T03:00:00,2026-09-19 03:00:00,0.0,0.0,301.177734375,-0.5153656005859375,-0.5162811279296875,98974.375,40.6257209777832,0.7294846847766266,40.645100911458336,40.76926803588867,221.484375,0.486328125,0.0,0.0
180,central,2026-09-19T04:00:00,2026-09-19 04:00:00,0.0,0.0,301.88525390625,-0.665863037109375,-0.7543182373046875,98981.359375,40.90631866455078,1.0061657852058834,40.72868347167969,40.75592549641927,159.6875,0.70751953125,0.0,0.0
180,central,2026-09-19T05:00:00,2026-09-19 05:00:00,0.0,0.0,303.5966796875,-0.6138153076171875,-0.859039306640625,98991.9765625,41.44059753417969,1.0558019521760642,40.99087905883789,40.84325917561849,100.6328125,1.71142578125,0.0,0.0
180,central,2026-09-19T06:00:00,2026-09-19 06:00:00,0.0,0.0,305.366455078125,-0.6842498779296875,-0.71759033203125,98954.84375,42.00923156738281,0.9915310282948848,41.45204925537109,41.04857508341471,-19.53125,1.769775390625,0.0,0.0
180,central,2026-09-19T07:00:00,2026-09-19 07:00:00,0.0,0.0,305.369384765625,-0.6316986083984375,-0.5690765380859375,98904.734375,42.40667724609375,0.8502301088837056,41.952168782552086,41.34042612711588,-76.625,0.0029296875,0.0,0.0
180,central,2026-09-19T08:00:00,2026-09-19 08:00:00,0.0,0.0,305.854248046875,-0.4639434814453125,-0.279571533203125,98796.6171875,42.19579315185547,0.5416676067046496,42.20390065511068,41.59738985697428,-195.359375,0.48486328125,0.0,0.0
180,central,2026-09-19T09:00:00,2026-09-19 09:00:00,0.0,0.0,305.4404296875,-0.0079345703125,-0.0192108154296875,98733.34375,41.382930755615234,0.0207849184630954,41.99513371785482,41.72359148661295,-221.5,-0.413818359375,0.0,0.0
180,central,2026-09-19T10:00:00,2026-09-19 10:00:00,0.0,0.0,305.317626953125,-0.6101226806640625,-1.2174530029296875,98612.8515625,35.92657852172852,1.361778799880221,39.83510080973307,40.893634796142585,-291.8828125,-0.122802734375,0.0,0.0
180,central,2026-09-19T11:00:00,2026-09-19 11:00:00,0.0,0.0,305.620361328125,-1.350372314453125,-0.368072509765625,98650.125,36.71478271484375,1.399636652880545,38.00809733072917,40.10599899291992,-146.4921875,0.302734375,0.0,0.0
180,central,2026-09-19T12:00:00,2026-09-19 12:00:00,0.0,0.0,305.066650390625,-0.7376251220703125,0.338836669921875,98678.203125,37.332645416259766,0.8117272384200183,36.65800221761068,39.32656796773275,-55.140625,-0.5537109375,0.0,0.0
180,central,2026-09-19T13:00:00,2026-09-19 13:00:00,0.0,0.0,304.04345703125,-0.650421142578125,0.908111572265625,98724.921875,37.34478759765625,1.117011320620959,37.13073857625326,38.48291969299317,112.0703125,-1.023193359375,0.0,0.0
180,central,2026-09-19T14:00:00,2026-09-19 14:00:00,0.0,0.0,303.04052734375,-0.99365234375,1.036041259765625,98800.59375,37.47864532470703,1.435523065706926,37.38535944620768,37.69672838846842,150.46875,-1.0029296875,0.0,0.0
180,central,2026-09-19T15:00:00,2026-09-19 15:00:00,0.0,0.0,301.62744140625,-1.0998077392578125,1.0722808837890625,98890.21875,38.15834426879883,1.536021925973335,37.66059239705404,37.15929730733236,212.015625,-1.4130859375,0.0,0.0
180,central,2026-09-19T16:00:00,2026-09-19 16:00:00,0.0,0.0,301.3154296875,-1.316131591796875,1.258026123046875,98958.71875,38.36300659179688,1.820668034869105,37.99999872843425,37.56536865234375,233.796875,-0.31201171875,0.0,0.0
180,central,2026-09-19T17:00:00,2026-09-19 17:00:00,0.0,0.0,300.24072265625,-1.2261505126953125,1.158966064453125,98995.0546875,37.99407196044922,1.6872010604361718,38.171807607014976,37.77858352661133,194.4609375,-1.07470703125,0.0,0.0
180,central,2026-09-19T18:00:00,2026-09-19 18:00:00,0.0,0.0,300.042724609375,-1.2078857421875,0.9731292724609376,98996.5625,37.683692932128906,1.5511184826118865,38.013590494791664,37.83709144592285,106.34375,-0.197998046875,0.0,0.0
180,central,2026-09-19T19:00:00,2026-09-19 19:00:00,0.0,0.0,300.08056640625,-1.130706787109375,0.7206878662109375,99002.015625,37.51757049560547,1.3408537723849232,37.73177846272787,37.865888595581055,43.296875,0.037841796875,0.0,0.0
180,central,2026-09-19T20:00:00,2026-09-19 20:00:00,0.0,0.0,299.087890625,-1.0591583251953125,0.3671112060546875,98973.59375,37.39616775512695,1.120975912070133,37.532477060953774,37.852142333984375,-21.4609375,-0.99267578125,0.0,0.0
180,central,2026-09-19T21:00:00,2026-09-19 21:00:00,0.0,0.0,299.02197265625,-1.1427154541015625,-0.0001373291015625,98988.8671875,37.83052062988281,1.1427154623535214,37.58141962687174,37.7975050608317,-7.6953125,-0.06591796875,0.0,0.0
180,central,2026-09-19T22:00:00,2026-09-19 22:00:00,0.0,0.0,298.096435546875,-1.3951873779296875,-0.4100341796875,98937.34375,39.89094924926758,1.454192507217087,38.372545878092446,38.05216217041016,-64.671875,-0.925537109375,0.0,0.0
180,central,2026-09-19T23:00:00,2026-09-19 23:00:00,0.0,0.0,298.08251953125,-1.1993560791015625,-0.5642242431640625,99009.953125,40.405006408691406,1.3254448313875355,39.37549209594727,38.45398457845052,36.359375,-0.013916015625,0.0,0.0
180,central,2026-09-20T00:00:00,2026-09-20 00:00:00,0.0,0.0,299.089599609375,-1.1060028076171875,-0.61676025390625,98995.046875,40.79609298706055,1.2663472751404343,40.36401621500651,38.972717920939125,6.1796875,1.007080078125,0.0,0.0
180,central,2026-09-20T01:00:00,2026-09-20 01:00:00,0.0,0.0,299.17333984375,-0.92791748046875,-0.265899658203125,99040.34375,41.20963668823242,0.9652634245593332,40.80357869466146,39.58806228637695,103.0,0.083740234375,0.0,0.0
180,central,2026-09-20T02:00:00,2026-09-20 02:00:00,0.0,0.0,300.086669921875,-0.64825439453125,-0.0714569091796875,99083.7109375,41.69550704956055,0.652180841407191,41.23374557495117,40.30461883544922,73.7578125,0.913330078125,0.0,0.0
180,central,2026-09-20T03:00:00,2026-09-20 03:00:00,0.0,0.0,300.3369140625,-0.5987548828125,0.3824615478515625,99158.28125,42.83972930908203,0.7104816994665124,41.914957682291664,41.139486948649086,163.234375,0.250244140625,0.0,0.0
180,central,2026-09-20T04:00:00,2026-09-20 04:00:00,0.0,0.0,301.076904296875,-0.6107025146484375,0.5979766845703125,99168.734375,44.06266021728516,0.8547126281316008,42.86596552530924,41.83477210998535,128.390625,0.739990234375,0.0,0.0
180,central,2026-09-20T05:00:00,2026-09-20 05:00:00,0.0,0.0,303.52392578125,-0.555084228515625,0.6156158447265625,99182.5703125,44.93903350830078,0.8289157792111245,43.94714101155599,42.59044329325358,98.859375,2.447021484375,0.0,0.0
180,central,2026-09-20T06:00:00,2026-09-20 06:00:00,0.0,0.0,305.600830078125,-0.37054443359375,0.4716949462890625,99165.1484375,45.49267959594727,0.5998327263679055,44.8314577738444,43.37320772806803,6.8671875,2.076904296875,0.0,0.0
180,central,2026-09-20T07:00:00,2026-09-20 07:00:00,0.0,0.0,305.967041015625,-0.03155517578125,0.189605712890625,99125.7421875,45.94974899291992,0.1922135673654378,45.460487365722656,44.16322644551595,-42.9921875,0.3662109375,0.0,0.0
180,central,2026-09-20T08:00:00,2026-09-20 08:00:00,0.0,0.0,306.698486328125,0.1642303466796875,-0.1019439697265625,99033.0390625,46.60633087158203,0.1932981627800446,46.01625315348307,44.98169708251953,-149.53125,0.7314453125,0.0,0.0
180,central,2026-09-20T09:00:00,2026-09-20 09:00:00,0.0,0.0,307.092041015625,0.1822662353515625,-0.15887451171875,98956.078125,47.3048210144043,0.2417893525842327,46.62030029296875,45.72587903340658,-209.0703125,0.3935546875,0.0,0.0
180,central,2026-09-20T10:00:00,2026-09-20 10:00:00,0.0,0.0,306.296875,-0.48040771484375,-0.0716552734375,98806.859375,46.6539306640625,0.4857221949765078,46.85502751668295,46.1577574412028,-318.8828125,-0.795166015625,0.0,0.0
180,central,2026-09-20T11:00:00,2026-09-20 11:00:00,0.0,0.0,306.335205078125,-1.6259613037109375,-0.214691162109375,98829.109375,48.046783447265625,1.6400739179235932,47.33517837524414,46.67571576436361,-203.9296875,0.038330078125,0.0,0.0
180,central,2026-09-20T12:00:00,2026-09-20 12:00:00,0.0,0.0,305.82470703125,-0.7127532958984375,-0.80572509765625,98802.53125,48.05426788330078,1.075737046776423,47.58499399820963,47.1026471455892,-153.546875,-0.510498046875,0.0,0.0
180,central,2026-09-20T13:00:00,2026-09-20 13:00:00,0.0,0.0,305.758544921875,-0.6090545654296875,-0.940185546875,98832.015625,47.88908386230469,1.1202215522937364,47.99671173095703,47.42586962381999,25.15625,-0.066162109375,0.0,0.0
180,central,2026-09-20T14:00:00,2026-09-20 14:00:00,0.0,0.0,304.77587890625,-0.5595245361328125,-0.932891845703125,98911.5390625,47.11060333251953,1.0878211720287587,47.684651692708336,47.50991503397624,82.4296875,-0.982666015625,0.0,0.0
180,central,2026-09-20T15:00:00,2026-09-20 15:00:00,0.0,0.0,303.111572265625,-0.6021881103515625,-0.9461822509765624,98956.171875,46.86079788208008,1.1215575653134615,47.2868283589681,47.43591117858887,153.640625,-1.664306640625,0.0,0.0
180,central,2026-09-20T16:00:00,2026-09-20 16:00:00,0.0,0.0,303.09814453125,-0.6201171875,-0.8747711181640625,99002.046875,46.4008903503418,1.0722732093113745,46.79076385498047,47.39373779296875,170.03125,-0.013427734375,0.0,0.0
180,central,2026-09-20T17:00:00,2026-09-20 17:00:00,0.0,0.0,301.881103515625,-0.867828369140625,-0.6688232421875,99019.2734375,46.19034957885742,1.0956507689841122,46.484012603759766,47.08433214823405,107.734375,-1.217041015625,0.0,0.0
180,central,2026-09-20T18:00:00,2026-09-20 18:00:00,0.0,0.0,301.218505859375,-0.7155303955078125,-0.4075927734375,99006.53125,46.13017272949219,0.8234777567451593,46.24047088623047,46.76364962259928,50.359375,-0.66259765625,0.0,0.0
180,central,2026-09-20T19:00:00,2026-09-20 19:00:00,0.0,0.0,300.74560546875,-0.6553192138671875,-0.158294677734375,98992.578125,46.32146072387695,0.6741665054439728,46.21399434407552,46.50237909952799,-9.46875,-0.472900390625,0.0,0.0
180,central,2026-09-20T20:00:00,2026-09-20 20:00:00,0.0,0.0,300.218017578125,-0.3952178955078125,0.126800537109375,98940.65625,46.85171890258789,0.4150609125668787,46.43445078531901,46.45923169453939,-78.6171875,-0.527587890625,0.0,0.0
180,central,2026-09-20T21:00:00,2026-09-20 21:00:00,0.0,0.0,300.43994140625,0.2473602294921875,0.07757568359375,98937.515625,47.33722686767578,0.2592394063784772,46.83680216471354,46.53863652547201,-69.015625,0.221923828125,0.0,0.0
180,central,2026-09-20T22:00:00,2026-09-20 22:00:00,0.0,0.0,299.578857421875,0.2332611083984375,-0.3820343017578125,98876.28125,46.45938491821289,0.4476169706466087,46.88277689615885,46.54838562011719,-116.296875,-0.861083984375,0.0,0.0
180,central,2026-09-20T23:00:00,2026-09-20 23:00:00,0.0,0.0,299.4150390625,0.2220458984375,-1.0113067626953125,98917.328125,46.80233001708984,1.0353964213218962,46.86631393432617,46.65038235982259,-23.328125,-0.163818359375,0.0,0.0
180,central,2026-09-21T00:00:00,2026-09-21 00:00:00,0.0,0.0,300.8583984375,-0.08221435546875,-1.1613006591796875,98883.96875,46.94305038452149,1.1642072071827758,46.73492177327474,46.78586196899414,-53.546875,1.443359375,0.0,0.0
180,central,2026-09-21T01:00:00,2026-09-21 01:00:00,0.0,0.0,300.89892578125,-0.183807373046875,-1.3745574951171875,98883.171875,46.727874755859375,1.3867925071074008,46.82441838582357,46.85359764099121,6.890625,0.04052734375,0.0,0.0
180,central,2026-09-21T02:00:00,2026-09-21 02:00:00,0.0,0.0,301.26416015625,-0.174896240234375,-0.9563140869140624,98916.8125,46.57022857666016,0.9721755642261316,46.74705123901367,46.80668258666992,-0.515625,0.365234375,0.0,0.0
180,central,2026-09-21T03:00:00,2026-09-21 03:00:00,0.0,0.0,302.03662109375,0.02276611328125,-0.520782470703125,98941.8984375,46.69011688232422,0.5212798458655254,46.662740071614586,46.69883092244466,57.9296875,0.7724609375,0.0,0.0
180,central,2026-09-21T04:00:00,2026-09-21 04:00:00,0.0,0.0,302.599609375,0.2615814208984375,-0.514892578125,98949.0390625,47.09320068359375,0.5775285332929055,46.784515380859375,46.80446688334147,65.8671875,0.56298828125,0.0,0.0
180,central,2026-09-21T05:00:00,2026-09-21 05:00:00,0.0,0.0,304.46875,0.512054443359375,-0.54351806640625,98950.4453125,47.74044799804688,0.7467339830716613,47.17458852132162,46.96081988016764,33.6328125,1.869140625,0.0,0.0
180,central,2026-09-21T06:00:00,2026-09-21 06:00:00,0.0,0.0,306.21337890625,0.71026611328125,-0.4488372802734375,98915.875,48.323368072509766,0.8401981051150436,47.7190055847168,47.19087282816569,-26.0234375,1.74462890625,0.0,0.0
180,central,2026-09-21T07:00:00,2026-09-21 07:00:00,0.0,0.0,306.48779296875,0.85125732421875,-0.4486083984375,98811.2734375,48.78061676025391,0.962231015497175,48.281477610270194,47.53299649556479,-137.765625,0.2744140625,0.0,0.0
180,central,2026-09-21T08:00:00,2026-09-21 08:00:00,0.0,0.0,307.42626953125,0.892791748046875,-0.4691619873046875,98770.1015625,49.31320571899414,1.0085584146256867,48.80573018391927,47.990159352620445,-180.34375,0.9384765625,0.0,0.0
180,central,2026-09-21T09:00:00,2026-09-21 09:00:00,0.0,0.0,307.67138671875,1.050018310546875,-0.24078369140625,98621.171875,49.26367950439453,1.077272128355196,49.11916732788086,48.41908645629883,-294.703125,0.2451171875,0.0,0.0
180,central,2026-09-21T10:00:00,2026-09-21 10:00:00,0.0,0.0,305.71044921875,0.2492828369140625,-0.0672454833984375,98484.78125,48.7298698425293,0.2581935084726427,49.10225168863932,48.69186464945475,-326.4921875,-1.9609375,0.0,0.0
180,central,2026-09-21T11:00:00,2026-09-21 11:00:00,0.0,0.0,305.997314453125,0.2054443359375,-1.0126495361328125,98531.140625,49.60301208496094,1.033279467616966,49.19885381062826,49.002291997273765,-238.9609375,0.286865234375,0.0,0.0
180,central,2026-09-21T12:00:00,2026-09-21 12:00:00,0.0,0.0,305.601806640625,0.504425048828125,-1.0987701416015625,98546.171875,50.11674499511719,1.2090245878229169,49.48320897420248,49.301188151041664,-75.0,-0.3955078125,0.0,0.0
180,central,2026-09-21T13:00:00,2026-09-21 13:00:00,0.0,0.0,304.920654296875,0.20294189453125,-1.6732635498046875,98539.921875,49.04768371582031,1.685525532188972,49.58914693196615,49.345699310302734,55.140625,-0.68115234375,0.0,0.0
180,central,2026-09-21T14:00:00,2026-09-21 14:00:00,0.0,0.0,304.252197265625,-0.7058563232421875,-1.49114990234375,98598.7265625,48.066184997558594,1.6497761000574456,49.07687123616537,49.13786252339681,67.5859375,-0.66845703125,0.0,0.0
180,central,2026-09-21T15:00:00,2026-09-21 15:00:00,0.0,0.0,303.45849609375,-1.25933837890625,-0.9118499755859376,98654.828125,47.70348358154297,1.5548001577573551,48.27245076497396,48.87782986958822,108.65625,-0.793701171875,0.0,0.0
180,central,2026-09-21T16:00:00,2026-09-21 16:00:00,0.0,0.0,302.588134765625,-1.534423828125,-0.294189453125,98703.1015625,47.42817306518555,1.5623712486626748,47.73261388142904,48.66088040669759,163.1796875,-0.870361328125,0.0,0.0
180,central,2026-09-21T17:00:00,2026-09-21 17:00:00,0.0,0.0,301.3916015625,-1.584075927734375,0.0704345703125,98689.484375,47.13539505004883,1.5856410607456617,47.422350565592446,48.249610900878906,90.7578125,-1.196533203125,0.0,0.0
180,central,2026-09-21T18:00:00,2026-09-21 18:00:00,0.0,0.0,301.14697265625,-1.6586151123046875,0.336639404296875,98719.8828125,47.20230102539063,1.692433212652968,47.255289713541664,47.76387023925781,65.0546875,-0.24462890625,0.0,0.0
180,central,2026-09-21T19:00:00,2026-09-21 19:00:00,0.0,0.0,300.703125,-1.64984130859375,0.2244720458984375,98691.1484375,47.31836700439453,1.6650417541107394,47.21868769327799,47.47565078735352,-11.953125,-0.44384765625,0.0,0.0
180,central,2026-09-21T20:00:00,2026-09-21 20:00:00,0.0,0.0,300.61474609375,-1.4958648681640625,0.1965484619140625,98669.71875,47.409515380859375,1.5087223076790082,47.31006113688151,47.36620585123698,-19.765625,-0.08837890625,0.0,0.0
180,central,2026-09-21T21:00:00,2026-09-21 21:00:00,0.0,0.0,300.201171875,-1.265869140625,0.0168609619140625,98657.703125,47.36702346801758,1.2659814268871972,47.36496861775717,47.31012916564941,-62.1796875,-0.41357421875,0.0,0.0
180,central,2026-09-21T22:00:00,2026-09-21 22:00:00,0.0,0.0,299.438720703125,-1.24365234375,0.4805145263671875,98604.125,47.09458923339844,1.3332536750989104,47.29037602742513,47.25453186035156,-87.0234375,-0.762451171875,0.0,0.0
180,central,2026-09-21T23:00:00,2026-09-21 23:00:00,0.0,0.0,299.579833984375,-1.2540130615234375,0.2288055419921875,98639.21875,47.42949676513672,1.2747159426781025,47.297036488850914,47.30354881286621,-30.5,0.14111328125,0.0,0.0
180,central,2026-09-22T00:00:00,2026-09-22 00:00:00,0.0,0.0,300.892578125,-0.8027801513671875,-0.3311767578125,98658.0859375,47.322059631347656,0.8684088992774797,47.28204854329427,47.32350858052572,0.3828125,1.312744140625,0.0,0.0
180,central,2026-09-22T01:00:00,2026-09-22 01:00:00,0.0,0.0,300.868896484375,-0.5945587158203125,-0.53753662109375,98691.9921875,46.89949798583984,0.8015270959704263,47.217018127441406,47.25369707743327,87.8671875,-0.023681640625,0.0,0.0
180,central,2026-09-22T02:00:00,2026-09-22 02:00:00,0.0,0.0,301.567626953125,-0.66888427734375,-0.48150634765625,98739.296875,46.26768493652344,0.8241689992416192,46.82974751790365,47.06339200337728,100.078125,0.69873046875,0.0,0.0
180,central,2026-09-22T03:00:00,2026-09-22 03:00:00,0.0,0.0,301.89697265625,-0.5802154541015625,-0.0225372314453125,98777.5390625,45.606712341308594,0.5806529944635626,46.25796508789063,46.770006815592446,119.453125,0.329345703125,0.0,0.0
180,central,2026-09-22T04:00:00,2026-09-22 04:00:00,0.0,0.0,302.326904296875,-0.2512664794921875,0.365203857421875,98775.296875,45.29445266723633,0.4432930195617963,45.72294998168945,46.46998405456543,83.3046875,0.429931640625,0.0,0.0
180,central,2026-09-22T05:00:00,2026-09-22 05:00:00,0.0,0.0,304.34765625,0.494842529296875,0.1775665283203125,98764.234375,45.147705078125,0.5257366268205563,45.349623362223305,46.08968544006348,24.9375,2.020751953125,0.0,0.0
180,central,2026-09-22T06:00:00,2026-09-22 06:00:00,0.0,0.0,306.041015625,1.2006072998046875,-0.37652587890625,98700.5625,45.21793746948242,1.2582645293539936,45.22003173828125,45.73899841308594,-76.9765625,1.693359375,0.0,0.0
180,central,2026-09-22T07:00:00,2026-09-22 07:00:00,0.0,0.0,306.514892578125,1.604644775390625,-0.7455291748046875,98660.5625,45.3782958984375,1.7693780279164166,45.247979482014976,45.48546473185221,-114.734375,0.473876953125,0.0,0.0
180,central,2026-09-22T08:00:00,2026-09-22 08:00:00,0.0,0.0,307.429931640625,1.9326324462890625,-0.9882965087890624,98556.84375,45.14813995361328,2.170667676484334,45.24812444051107,45.29887390136719,-207.390625,0.9150390625,0.0,0.0
180,central,2026-09-22T09:00:00,2026-09-22 09:00:00,0.0,0.0,307.641357421875,2.1751708984375,-1.136260986328125,98466.59375,44.404205322265625,2.454069572457302,44.9768803914388,45.09845606486002,-233.96875,0.21142578125,0.0,0.0
180,central,2026-09-22T10:00:00,2026-09-22 10:00:00,0.0,0.0,306.376953125,2.12677001953125,-1.0592803955078125,98345.484375,45.18508529663086,2.375968365169061,44.91247685750326,45.08022816975912,-315.078125,-1.264404296875,0.0,0.0
180,central,2026-09-22T11:00:00,2026-09-22 11:00:00,0.0,0.0,306.164306640625,2.1689453125,-1.2124176025390625,98308.8359375,44.41939926147461,2.484809894451141,44.66956329345703,44.95884386698405,-248.0078125,-0.212646484375,0.0,0.0
180,central,2026-09-22T12:00:00,2026-09-22 12:00:00,0.0,0.0,305.89501953125,1.33538818359375,-0.72064208984375,98300.6875,43.6006088256836,1.5174276333770196,44.40169779459635,44.68928909301758,-165.90625,-0.269287109375,0.0,0.0
180,central,2026-09-22T13:00:00,2026-09-22 13:00:00,0.0,0.0,305.285888671875,1.637542724609375,-0.1553802490234375,98307.140625,42.76385498046875,1.644897928963278,43.59462102254232,44.25354894002279,-38.34375,-0.609130859375,0.0,0.0
180,central,2026-09-22T14:00:00,2026-09-22 14:00:00,0.0,0.0,303.797607421875,1.50689697265625,0.226318359375,98382.71875,41.47235107421875,1.523797390072172,42.61227162679037,43.640917460123696,73.8828125,-1.48828125,0.0,0.0
180,central,2026-09-22T15:00:00,2026-09-22 15:00:00,0.0,0.0,301.38671875,1.2476348876953125,0.6159820556640625,98436.453125,40.02406692504883,1.3914117671971225,41.420090993245445,42.9108943939209,135.765625,-2.410888671875,0.0,0.0
180,central,2026-09-22T16:00:00,2026-09-22 16:00:00,0.0,0.0,302.043212890625,1.062103271484375,0.786834716796875,98495.0625,38.407691955566406,1.321806427149842,39.96803665161133,41.78132883707682,187.921875,0.656494140625,0.0,0.0
180,central,2026-09-22T17:00:00,2026-09-22 17:00:00,0.0,0.0,301.55810546875,1.1214447021484375,0.750732421875,98496.421875,36.35272216796875,1.349532285360784,38.26149368286133,40.43688265482584,113.703125,-0.485107421875,0.0,0.0
180,central,2026-09-22T18:00:00,2026-09-22 18:00:00,0.0,0.0,300.79638671875,1.3623504638671875,0.5323333740234375,98489.8671875,34.51033401489258,1.4626611389854856,36.42358271280924,38.921836853027344,53.4140625,-0.76171875,0.0,0.0
180,central,2026-09-22T19:00:00,2026-09-22 19:00:00,0.0,0.0,300.6298828125,1.51861572265625,0.1988983154296875,98487.828125,33.3995246887207,1.531585535639303,34.75419362386068,37.361115137736,-7.234375,-0.16650390625,0.0,0.0
180,central,2026-09-22T20:00:00,2026-09-22 20:00:00,0.0,0.0,300.287353515625,1.28076171875,-0.35931396484375,98468.90625,32.94392395019531,1.3302094216878746,33.61792755126953,35.93971061706543,-27.515625,-0.342529296875,0.0,0.0
180,central,2026-09-22T21:00:00,2026-09-22 21:00:00,0.0,0.0,299.567626953125,0.5726776123046875,-0.691375732421875,98451.46875,32.75435256958008,0.8977527783398289,33.03260040283203,34.72809155782064,-38.3984375,-0.7197265625,0.0,0.0
180,central,2026-09-22T22:00:00,2026-09-22 22:00:00,0.0,0.0,299.13330078125,0.6396331787109375,-1.0592803955078125,98460.171875,34.67420959472656,1.2374189103189936,33.45749537150065,34.105844497680664,-27.65625,-0.434326171875,0.0,0.0
180,central,2026-09-22T23:00:00,2026-09-22 23:00:00,0.0,0.0,298.603271484375,0.4210968017578125,-1.206329345703125,98479.46875,34.00584030151367,1.2777139768959205,33.81146748860677,33.71469751993815,10.5625,-0.530029296875,0.0,0.0
180,central,2026-09-23T00:00:00,2026-09-23 00:00:00,0.0,0.0,300.36083984375,0.29522705078125,-1.583587646484375,98500.4296875,32.87556838989258,1.6108720761162,33.85187276204427,33.44223658243815,48.9609375,1.757568359375,0.0,0.0
180,central,2026-09-23T01:00:00,2026-09-23 01:00:00,0.0,0.0,300.179931640625,-0.0557861328125,-1.6419830322265625,98545.078125,32.03933334350586,1.6429304217568408,32.97358067830404,33.215538024902344,84.90625,-0.180908203125,0.0,0.0
180,central,2026-09-23T02:00:00,2026-09-23 02:00:00,0.0,0.0,301.02978515625,-0.155242919921875,-0.855499267578125,98616.5078125,31.142253875732425,0.8694707361450287,32.01905186971029,32.91525967915853,137.0390625,0.849853515625,0.0,0.0
180,central,2026-09-23T03:00:00,2026-09-23 03:00:00,0.0,0.0,301.743408203125,-0.2882232666015625,-0.329071044921875,98692.453125,30.62654495239257,0.4374476014523911,31.26937739054362,32.56062507629394,192.0234375,0.713623046875,0.0,0.0
180,central,2026-09-23T04:00:00,2026-09-23 04:00:00,0.0,0.0,302.500244140625,-0.552642822265625,-0.01580810546875,98703.8984375,30.735191345214844,0.5528688679969477,30.83466339111328,31.90412203470866,158.8203125,0.7568359375,0.0,0.0
180,central,2026-09-23T05:00:00,2026-09-23 05:00:00,0.0,0.0,304.608154296875,-0.380340576171875,0.209014892578125,98711.71875,31.3191032409668,0.4339886855693348,30.89361317952474,31.456332524617512,95.2109375,2.10791015625,0.0,0.0
180,central,2026-09-23T06:00:00,2026-09-23 06:00:00,0.0,0.0,306.656005859375,-0.1852874755859375,0.46112060546875,98640.765625,32.4509391784668,0.4969543856299851,31.501744588216145,31.385560989379883,-51.6875,2.0478515625,0.0,0.0
180,central,2026-09-23T07:00:00,2026-09-23 07:00:00,0.0,0.0,307.065185546875,0.061492919921875,0.454681396484375,98620.5,33.65515899658203,0.4588208272403287,32.475067138671875,31.65486526489257,-83.3984375,0.4091796875,0.0,0.0
181,central,2026-09-18T05:00:00,2026-09-18 05:00:00,0.0,0.0,302.9463806152344,2.822238206863404,-1.7077850103378296,98939.8359375,44.84305953979492,3.2987206819938764,44.98552576700846,45.589735666910805,157.0234375,1.988128662109375,0.0,0.0
181,central,2026-09-18T06:00:00,2026-09-18 06:00:00,0.0,0.0,304.72662353515625,2.6209349632263184,-1.7615478038787842,98914.609375,45.18209838867188,3.157902903322442,44.97297795613607,45.34677759806315,60.71875,1.780242919921875,0.0,0.0
181,central,2026-09-18T07:00:00,2026-09-18 07:00:00,0.0,0.0,305.2589416503906,2.456152439117432,-1.6851623058319092,98892.6640625,45.71359252929688,2.978666950362062,45.24625015258789,45.26378122965495,37.8046875,0.532318115234375,0.0,0.0
181,central,2026-09-18T08:00:00,2026-09-18 08:00:00,0.0,0.0,305.9427795410156,2.3707854747772217,-1.220431566238403,98788.59375,46.05867767333984,2.6664727591493933,45.65145619710287,45.318490982055664,-151.2421875,0.683837890625,0.0,0.0
181,central,2026-09-18T09:00:00,2026-09-18 09:00:00,0.0,0.0,305.9222717285156,2.5888946056365967,-1.001864671707153,98725.234375,45.97624588012695,2.775987770057561,45.91617202758789,45.44457499186198,-189.375,-0.0205078125,0.0,0.0
181,central,2026-09-18T10:00:00,2026-09-18 10:00:00,0.0,0.0,304.9888610839844,1.80745542049408,-0.776721179485321,98685.75,45.31214904785156,1.967280073536684,45.78235753377279,45.514303843180336,-206.9140625,-0.93341064453125,0.0,0.0
181,central,2026-09-18T11:00:00,2026-09-18 11:00:00,0.0,0.0,305.2120056152344,1.425997972488403,0.1282318085432052,98613.5234375,44.690467834472656,1.431751938802004,45.326287587483726,45.4888718922933,-175.0703125,0.22314453125,0.0,0.0
181,central,2026-09-18T12:00:00,2026-09-18 12:00:00,0.0,0.0,304.7045288085937,0.9805511236190796,0.9740570187568665,98641.921875,45.81461715698242,1.38212430042314,45.27241134643555,45.59429168701172,-83.3125,-0.5074768066406818,0.0,0.0
181,central,2026-09-18T13:00:00,2026-09-18 13:00:00,0.0,0.0,303.73297119140625,1.306973218917847,0.9353302121162416,98681.484375,44.53450393676758,1.6071781483911147,45.013196309407554,45.39777692159017,-4.265625,-0.9715576171874432,0.0,0.0
181,central,2026-09-18T14:00:00,2026-09-18 14:00:00,0.0,0.0,303.16632080078125,1.2085692882537842,0.8375701904296875,98780.2265625,44.422401428222656,1.4704297155616386,44.923840840657554,45.12506421407064,166.703125,-0.566650390625,0.0,0.0
181,central,2026-09-18T15:00:00,2026-09-18 15:00:00,0.0,0.0,301.74267578125,1.383700609207153,0.8955475091934204,98800.296875,43.85025787353516,1.6482210765376062,44.2690544128418,44.77073287963867,158.375,-1.42364501953125,0.0,0.0
181,central,2026-09-18T16:00:00,2026-09-18 16:00:00,0.0,0.0,301.8946838378906,1.497348070144653,0.754504382610321,98829.2265625,43.440040588378906,1.6767015555978049,43.90423329671224,44.4587148030599,147.7421875,0.152008056640625,0.0,0.0
181,central,2026-09-18T17:00:00,2026-09-18 17:00:00,0.0,0.0,301.3935546875,1.5542389154434204,0.4253814816474914,98875.390625,43.7964096069336,1.611399395310596,43.69556935628256,44.30970509847005,95.1640625,-0.501129150390625,0.0,0.0
181,central,2026-09-18T18:00:00,2026-09-18 18:00:00,0.0,0.0,301.173828125,1.3969329595565796,0.3164611756801605,98866.796875,43.32856369018555,1.432330048979066,43.521671295166016,43.89536285400391,66.5,-0.2197265625,0.0,0.0
181,central,2026-09-18T19:00:00,2026-09-18 19:00:00,0.0,0.0,300.8212890625,1.2688782215118408,0.4610046446323395,98876.3984375,42.65462493896485,1.3500286009561582,43.25986607869466,43.58204968770345,47.171875,-0.3525390625,0.0,0.0
181,central,2026-09-18T20:00:00,2026-09-18 20:00:00,0.0,0.0,299.92059326171875,1.236911058425903,0.3568969666957855,98864.703125,42.04409408569336,1.287371124149109,42.67576090494792,43.185665130615234,-10.6875,-0.90069580078125,0.0,0.0
181,central,2026-09-18T21:00:00,2026-09-18 21:00:00,0.0,0.0,299.826904296875,1.1543487310409546,0.0241546630859375,98865.9140625,41.6265983581543,1.1546014206663082,42.10843912760417,42.81505521138509,-0.8828125,-0.09368896484375,0.0,0.0
181,central,2026-09-18T22:00:00,2026-09-18 22:00:00,0.0,0.0,299.2584533691406,1.101873755455017,-0.283151239156723,98848.921875,44.11459732055664,1.137673238323083,42.595096588134766,42.92748133341471,-27.4765625,-0.568450927734375,0.0,0.0
181,central,2026-09-18T23:00:00,2026-09-18 23:00:00,0.0,0.0,299.18023681640625,1.1346008777618408,-0.5238250494003296,98943.5703125,44.79003143310547,1.2496846939117072,43.51040903727213,43.09308497111002,78.8671875,-0.078216552734375,0.0,0.0
181,central,2026-09-19T00:00:00,2026-09-19 00:00:00,0.0,0.0,300.051513671875,0.9301697015762328,-0.6788543462753296,98972.5390625,45.23759078979492,1.1515463070095455,44.71407318115234,43.41125615437826,106.625,0.87127685546875,0.0,0.0
181,central,2026-09-19T01:00:00,2026-09-19 01:00:00,0.0,0.0,300.1885681152344,0.3720947206020355,-0.7271057367324829,99035.0234375,44.93926239013672,0.8167846922471023,44.98896153767904,43.7920290629069,186.1015625,0.137054443359375,0.0,0.0
181,central,2026-09-19T02:00:00,2026-09-19 02:00:00,0.0,0.0,300.8497009277344,-0.0878204330801963,-0.8308044672012329,99096.6953125,44.30830764770508,0.8354331159272522,44.82838694254557,44.16939798990885,153.125,0.6611328125,0.0,0.0
181,central,2026-09-19T03:00:00,2026-09-19 03:00:00,0.0,0.0,301.4837951660156,-0.5358734130859375,-0.8864471316337585,99178.5234375,44.234901428222656,1.0358324343416216,44.49415715535482,44.60411516825358,205.984375,0.63409423828125,0.0,0.0
181,central,2026-09-19T04:00:00,2026-09-19 04:00:00,0.0,0.0,302.14208984375,-0.995404064655304,-0.8351287841796875,99183.5625,45.03493118286133,1.2993341903058442,44.52604675292969,44.75750414530436,148.5390625,0.658294677734375,0.0,0.0
181,central,2026-09-19T05:00:00,2026-09-19 05:00:00,0.0,0.0,303.5162048339844,-1.0338348150253296,-0.698150634765625,99194.171875,46.098411560058594,1.247488971326842,45.12274805704752,44.97556749979655,97.4765625,1.374114990234375,0.0,0.0
181,central,2026-09-19T06:00:00,2026-09-19 06:00:00,0.0,0.0,305.2019958496094,-1.0664275884628296,-0.60650634765625,99159.34375,47.18891906738281,1.2268324054987991,46.10742060343424,45.30078887939453,-19.1796875,1.685791015625,0.0,0.0
181,central,2026-09-19T07:00:00,2026-09-19 07:00:00,0.0,0.0,305.13140869140625,-0.9137786626815796,-0.5613128542900085,99107.890625,48.01361083984375,1.0724101662905534,47.10031382242838,45.81318028767904,-75.671875,-0.070587158203125,0.0,0.0
181,central,2026-09-19T08:00:00,2026-09-19 08:00:00,0.0,0.0,305.24029541015625,-0.7775665521621704,-0.5345519781112671,98998.8203125,48.26728057861328,0.9435865409934766,47.82327016194662,46.47300910949707,-195.3515625,0.10888671875,0.0,0.0
181,central,2026-09-19T09:00:00,2026-09-19 09:00:00,0.0,0.0,304.83428955078125,-0.453295886516571,-0.460714727640152,98935.4921875,48.070919036865234,0.6463243930081731,48.117270151774086,47.11234537760416,-223.8515625,-0.406005859375,0.0,0.0
181,central,2026-09-19T10:00:00,2026-09-19 10:00:00,0.0,0.0,303.347412109375,-1.1378570795059204,0.0749786347150802,98858.546875,43.53429412841797,1.1403247471862916,46.62416458129883,46.86223920186361,-249.34375,-1.48687744140625,0.0,0.0
181,central,2026-09-19T11:00:00,2026-09-19 11:00:00,0.0,0.0,302.55621337890625,-1.657647728919983,0.950286865234375,98900.921875,43.743690490722656,1.910717435789644,45.11630121866862,46.46978569030762,-97.8984375,-0.79119873046875,0.0,0.0
181,central,2026-09-19T12:00:00,2026-09-19 12:00:00,0.0,0.0,302.7223205566406,-1.032742261886597,1.1789734363555908,98894.1015625,42.72893524169922,1.567333705092427,43.33563995361328,45.72645505269369,-41.390625,0.166107177734375,0.0,0.0
181,central,2026-09-19T13:00:00,2026-09-19 13:00:00,0.0,0.0,302.5809631347656,-0.651690661907196,1.1795470714569092,98949.921875,42.49761962890625,1.3476023198999063,42.990081787109375,44.8071231842041,91.375,-0.141357421875,0.0,0.0
181,central,2026-09-19T14:00:00,2026-09-19 14:00:00,0.0,0.0,301.6181640625,-0.88916015625,1.101226806640625,99027.7421875,42.34299850463867,1.4153820202074183,42.52318445841471,43.819742838541664,126.8203125,-0.962799072265625,0.0,0.0
181,central,2026-09-19T15:00:00,2026-09-19 15:00:00,0.0,0.0,300.59405517578125,-1.0137237310409546,0.8992339968681335,99115.96875,42.42738723754883,1.3550858216360435,42.42266845703125,42.879154205322266,221.8671875,-1.02410888671875,0.0,0.0
181,central,2026-09-19T16:00:00,2026-09-19 16:00:00,0.0,0.0,300.58721923828125,-1.1588561534881592,0.727703869342804,99179.671875,42.09659957885742,1.3683934032045977,42.288995107014976,42.63953844706217,229.75,-0.0068359375,0.0,0.0
181,central,2026-09-19T17:00:00,2026-09-19 17:00:00,0.0,0.0,299.6341857910156,-1.1988556385040283,0.578936755657196,99209.203125,41.68342971801758,1.3313236304609717,42.069138844807945,42.29616165161133,181.4609375,-0.953033447265625,0.0,0.0
181,central,2026-09-19T18:00:00,2026-09-19 18:00:00,0.0,0.0,299.5696716308594,-1.263452172279358,0.4799652099609375,99212.3125,41.30654144287109,1.351546519513951,41.69552357991537,42.059096018473305,96.34375,-0.06451416015625,0.0,0.0
181,central,2026-09-19T19:00:00,2026-09-19 19:00:00,0.0,0.0,299.66241455078125,-1.192230224609375,0.1627777069807052,99206.859375,40.97870635986328,1.2032911079044908,41.32289250691732,41.80594380696615,27.1875,0.092742919921875,0.0,0.0
181,central,2026-09-19T20:00:00,2026-09-19 20:00:00,0.0,0.0,298.97479248046875,-1.2950470447540283,-0.0914337188005447,99180.2421875,41.113258361816406,1.2982707626145786,41.1328353881836,41.600987116495766,-28.9609375,-0.6876220703125,0.0,0.0
181,central,2026-09-19T21:00:00,2026-09-19 21:00:00,0.0,0.0,299.0269470214844,-1.4255768060684204,-0.2648345828056335,99193.8203125,41.91157531738281,1.4499677880042965,41.33451334635416,41.515018463134766,-18.4921875,0.052154541015625,0.0,0.0
181,central,2026-09-19T22:00:00,2026-09-19 22:00:00,0.0,0.0,298.12017822265625,-1.3886932134628296,-0.3132568299770355,99133.4453125,44.20960235595703,1.423586556077635,42.41147867838541,41.86718559265137,-73.4140625,-0.906768798828125,0.0,0.0
181,central,2026-09-19T23:00:00,2026-09-19 23:00:00,0.0,0.0,298.08612060546875,-1.1802154779434204,-0.482095330953598,99206.25,45.1841049194336,1.2748821445547331,43.76842753092448,42.45063145955404,26.0078125,-0.0340576171875,0.0,0.0
181,central,2026-09-20T00:00:00,2026-09-20 00:00:00,0.0,0.0,299.22760009765625,-1.0556609630584717,-0.5389770269393921,99203.203125,45.94228363037109,1.1852916537687954,45.11199696858724,43.2232551574707,9.3828125,1.1414794921875,0.0,0.0
181,central,2026-09-20T01:00:00,2026-09-20 01:00:00,0.0,0.0,299.2499084472656,-1.188073754310608,-0.604962170124054,99247.640625,46.38053512573242,1.333228589913563,45.83564122517904,44.12355995178223,114.1953125,0.022308349609375,0.0,0.0
181,central,2026-09-20T02:00:00,2026-09-20 02:00:00,0.0,0.0,300.1954650878906,-1.0272095203399658,-0.202951043844223,99296.265625,46.70195388793945,1.0470666286700776,46.341590881347656,45.05500920613607,90.015625,0.945556640625,0.0,0.0
181,central,2026-09-20T03:00:00,2026-09-20 03:00:00,0.0,0.0,300.51153564453125,-1.0054442882537842,0.4515533447265625,99379.6328125,47.26697540283203,1.1021881145775,46.7831548055013,45.94757588704427,176.4296875,0.316070556640625,0.0,0.0
181,central,2026-09-20T04:00:00,2026-09-20 04:00:00,0.0,0.0,301.237548828125,-0.9421966671943665,0.5953399538993835,99380.8359375,47.44254302978516,1.1145242125593735,47.13715744018555,46.48639933268229,133.1953125,0.72601318359375,0.0,0.0
181,central,2026-09-20T05:00:00,2026-09-20 05:00:00,0.0,0.0,303.3804626464844,-0.6223694086074829,0.4430084228515625,99384.96875,47.62262725830078,0.7639372641047542,47.44404856363932,46.89281972249349,88.703125,2.142913818359375,0.0,0.0
181,central,2026-09-20T06:00:00,2026-09-20 06:00:00,0.0,0.0,305.822021484375,-0.330798327922821,0.1624176055192947,99372.8515625,48.17217254638672,0.3685200297665724,47.74578094482422,47.26446787516276,-6.78125,2.441558837890625,0.0,0.0
181,central,2026-09-20T07:00:00,2026-09-20 07:00:00,0.0,0.0,306.16705322265625,-0.2953735291957855,0.028082275763154,99332.140625,49.14672088623047,0.2967054700567743,48.31384023030599,47.725498835245766,-48.6953125,0.34503173828125,0.0,0.0
181,central,2026-09-20T08:00:00,2026-09-20 08:00:00,0.0,0.0,306.8295288085937,-0.4702911376953125,0.0321868881583213,99242.2890625,50.25476837158203,0.4713912917779322,49.19122060139974,48.31763458251953,-142.6796875,0.6624755859374432,0.0,0.0
181,central,2026-09-20T09:00:00,2026-09-20 09:00:00,0.0,0.0,307.1246643066406,-0.4902923703193664,0.00982666015625,99165.5234375,50.9743537902832,0.4903908356027966,50.1252810160319,48.93553098042806,-207.328125,0.2951354980469318,0.0,0.0
181,central,2026-09-20T10:00:00,2026-09-20 10:00:00,0.0,0.0,306.43817138671875,-0.4558471739292145,0.7550048828125,99031.9609375,48.56037521362305,0.8819461542803894,49.929832458496094,49.12183634440104,-300.1796875,-0.686492919921875,0.0,0.0
181,central,2026-09-20T11:00:00,2026-09-20 11:00:00,0.0,0.0,306.428466796875,-0.2880706787109375,0.7575744390487671,99019.4609375,48.75264358520508,0.8104959880425284,49.429124196370445,49.31017239888509,-222.828125,-0.00970458984375,0.0,0.0
181,central,2026-09-20T12:00:00,2026-09-20 12:00:00,0.0,0.0,306.1075134277344,0.291738897562027,-0.2120727598667144,98987.1328125,48.28239059448242,0.3606749781010487,48.53180313110352,49.32854207356771,-178.390625,-0.320953369140625,0.0,0.0
181,central,2026-09-20T13:00:00,2026-09-20 13:00:00,0.0,0.0,305.8941955566406,0.1766387969255447,-0.4351562559604645,99035.0625,48.80685806274414,0.469640534537675,48.61396408081055,49.27189826965332,3.1015625,-0.21331787109375,0.0,0.0
181,central,2026-09-20T14:00:00,2026-09-20 14:00:00,0.0,0.0,305.14434814453125,0.4642059206962585,-0.265948474407196,99114.484375,48.25357055664063,0.5349913343681147,48.4476064046224,48.93836530049642,95.0234375,-0.749847412109375,0.0,0.0
181,central,2026-09-20T15:00:00,2026-09-20 15:00:00,0.0,0.0,303.7327575683594,0.6326751708984375,0.2625579833984375,99164.578125,48.48267364501953,0.6849923842770964,48.5143674214681,48.523085276285805,177.4453125,-1.411590576171875,0.0,0.0
181,central,2026-09-20T16:00:00,2026-09-20 16:00:00,0.0,0.0,303.72430419921875,0.6644042730331421,0.456185907125473,99215.6015625,48.74239349365234,0.8059395882351162,48.49287923177084,48.55342165629069,180.5390625,-0.008453369140625,0.0,0.0
181,central,2026-09-20T17:00:00,2026-09-20 17:00:00,0.0,0.0,302.2865600585937,0.396087646484375,0.3832763731479645,99230.2734375,48.90206909179688,0.5511680341882944,48.70904541015625,48.57832590738932,115.7890625,-1.4377441406250568,0.0,0.0
181,central,2026-09-20T18:00:00,2026-09-20 18:00:00,0.0,0.0,301.61773681640625,0.6210907101631165,0.3853759765625,99219.1328125,49.17841339111328,0.730936600234538,48.94095865885416,48.72766304016113,54.5546875,-0.6688232421874432,0.0,0.0
181,central,2026-09-20T19:00:00,2026-09-20 19:00:00,0.0,0.0,301.2020568847656,0.7502471804618835,0.2920471131801605,99201.5234375,49.5443115234375,0.8050853048639451,49.20826466878256,48.850571950276695,-14.078125,-0.415679931640625,0.0,0.0
181,central,2026-09-20T20:00:00,2026-09-20 20:00:00,0.0,0.0,300.5743713378906,0.9636200070381165,0.2997985780239105,99148.453125,49.86929702758789,1.0091792236016843,49.53067398071289,49.11985969543457,-81.8203125,-0.627685546875,0.0,0.0
181,central,2026-09-20T21:00:00,2026-09-20 21:00:00,0.0,0.0,300.14501953125,1.3329559564590454,-0.0142700197175145,99138.0625,50.05373001098633,1.3330323384383391,49.82244618733724,49.3817024230957,-81.0703125,-0.429351806640625,0.0,0.0
181,central,2026-09-20T22:00:00,2026-09-20 22:00:00,0.0,0.0,300.0306091308594,0.9003509283065796,-0.5120636224746704,99067.78125,49.24649429321289,1.035780356815286,49.72317377726237,49.46571922302246,-133.7421875,-0.114410400390625,0.0,0.0
181,central,2026-09-20T23:00:00,2026-09-20 23:00:00,0.0,0.0,299.9681701660156,0.5479736328125,-1.0235137939453125,99114.921875,49.57820892333984,1.1609718293972753,49.62614440917969,49.57840919494629,-33.53125,-0.06243896484375,0.0,0.0
181,central,2026-09-21T00:00:00,2026-09-21 00:00:00,0.0,0.0,301.3863220214844,0.2457153350114822,-1.3880584239959717,99083.3203125,49.63094329833984,1.409639036876457,49.4852155049642,49.65383084615072,-54.7421875,1.41815185546875,0.0,0.0
181,central,2026-09-21T01:00:00,2026-09-21 01:00:00,0.0,0.0,301.4033203125,0.0662902817130088,-1.6449187994003296,99089.7265625,49.28334426879883,1.646254007761321,49.49749883015951,49.61033630371094,21.9453125,0.016998291015625,0.0,0.0
181,central,2026-09-21T02:00:00,2026-09-21 02:00:00,0.0,0.0,301.6629943847656,-0.1194274872541427,-1.1506989002227783,99126.4609375,49.0122184753418,1.1568798052026623,49.30883534749349,49.467489878336586,11.5390625,0.259674072265625,0.0,0.0
181,central,2026-09-21T03:00:00,2026-09-21 03:00:00,0.0,0.0,302.64471435546875,-0.0129272462800145,-0.688751220703125,99151.6484375,48.89470672607422,0.6888725264636621,49.06342315673828,49.27431933085124,68.328125,0.981719970703125,0.0,0.0
181,central,2026-09-21T04:00:00,2026-09-21 04:00:00,0.0,0.0,303.1143493652344,0.0364349372684955,-0.602099597454071,99150.140625,48.913612365722656,0.6032009863288633,48.94017918904623,49.21883900960287,60.4140625,0.469635009765625,0.0,0.0
181,central,2026-09-21T05:00:00,2026-09-21 05:00:00,0.0,0.0,304.7469787597656,0.129486083984375,-0.4674926698207855,99150.2421875,49.30636596679688,0.4850938489424233,49.038228352864586,49.17353185017904,23.78125,1.63262939453125,0.0,0.0
181,central,2026-09-21T06:00:00,2026-09-21 06:00:00,0.0,0.0,306.5565490722656,0.2548461854457855,-0.382772833108902,99115.7265625,49.77883529663086,0.4598495623597819,49.33293787638346,49.19818051656088,-35.921875,1.8095703125,0.0,0.0
181,central,2026-09-21T07:00:00,2026-09-21 07:00:00,0.0,0.0,306.7881774902344,0.361804187297821,-0.377856433391571,99014.171875,50.253074645996094,0.5231421931001508,49.77942530314128,49.35980224609375,-135.96875,0.23162841796875,0.0,0.0
181,central,2026-09-21T08:00:00,2026-09-21 08:00:00,0.0,0.0,307.67626953125,0.4268737733364105,-0.6012420654296875,98974.3515625,50.81144714355469,0.7373691338838518,50.28111902872721,49.6596736907959,-175.890625,0.888092041015625,0.0,0.0
181,central,2026-09-21T09:00:00,2026-09-21 09:00:00,0.0,0.0,307.77032470703125,0.572283923625946,-0.76275634765625,98832.671875,50.82725143432617,0.9535754480535924,50.63059107462565,49.98176447550456,-283.0546875,0.09405517578125,0.0,0.0
181,central,2026-09-21T10:00:00,2026-09-21 10:00:00,0.0,0.0,305.5853576660156,-0.265951544046402,-0.1190032958984375,98684.578125,50.08465576171875,0.2913623314969805,50.5744514465332,50.17693837483724,-329.59375,-2.184967041015625,0.0,0.0
181,central,2026-09-21T11:00:00,2026-09-21 11:00:00,0.0,0.0,306.01763916015625,-0.7179931402206421,-0.313284307718277,98712.640625,50.43514251708984,0.7833653086947485,50.44901657104492,50.36506779988607,-261.7109375,0.432281494140625,0.0,0.0
181,central,2026-09-21T12:00:00,2026-09-21 12:00:00,0.0,0.0,305.5536499023437,-0.0732605010271072,-0.7873443365097046,98732.578125,50.56420516967773,0.7907453479121137,50.36133448282877,50.49596277872721,-100.09375,-0.4639892578125568,0.0,0.0
181,central,2026-09-21T13:00:00,2026-09-21 13:00:00,0.0,0.0,304.6477966308594,-0.2605346739292145,-1.033663988113403,98741.7265625,50.27932357788086,1.0659922873275902,50.42622375488281,50.50033760070801,57.1484375,-0.9058532714843182,0.0,0.0
181,central,2026-09-21T14:00:00,2026-09-21 14:00:00,0.0,0.0,303.9188842773437,-0.6949188113212585,-1.1766479015350342,98806.7265625,49.5770263671875,1.3665329994240718,50.140185038248696,50.29460080464681,94.0859375,-0.7289123535156818,0.0,0.0
181,central,2026-09-21T15:00:00,2026-09-21 15:00:00,0.0,0.0,303.3409118652344,-1.3929321765899658,-0.6164886355400085,98877.7734375,49.41080856323242,1.523259100195906,49.75571950276693,50.05852699279785,145.1953125,-0.5779724121093182,0.0,0.0
181,central,2026-09-21T16:00:00,2026-09-21 16:00:00,0.0,0.0,302.623779296875,-1.688330054283142,-0.1553710997104644,98918.6484375,49.138328552246094,1.695464110744004,49.375387827555336,49.90080579121908,176.921875,-0.717132568359375,0.0,0.0
181,central,2026-09-21T17:00:00,2026-09-21 17:00:00,0.0,0.0,301.36737060546875,-1.672210693359375,0.1996826231479644,98899.9375,48.56517791748047,1.6840907793146704,49.03810501098633,49.58914502461752,93.2109375,-1.25640869140625,0.0,0.0
181,central,2026-09-21T18:00:00,2026-09-21 18:00:00,0.0,0.0,301.0157165527344,-1.4023650884628296,0.3944030702114105,98921.078125,48.42310333251953,1.4567709576771315,48.70886993408203,49.23229471842448,43.3046875,-0.351654052734375,0.0,0.0
181,central,2026-09-21T19:00:00,2026-09-21 19:00:00,0.0,0.0,300.67315673828125,-1.362390160560608,0.407919317483902,98896.8984375,48.81602096557617,1.4221480651355862,48.601434071858726,48.98841094970703,-21.75,-0.342559814453125,0.0,0.0
181,central,2026-09-21T20:00:00,2026-09-21 20:00:00,0.0,0.0,300.6669006347656,-1.3953765630722046,0.402700811624527,98875.96875,48.97416305541992,1.452323550884668,48.73776245117188,48.8879337310791,-23.96875,-0.006256103515625,0.0,0.0
181,central,2026-09-21T21:00:00,2026-09-21 21:00:00,0.0,0.0,300.22735595703125,-1.3607909679412842,0.2651031613349914,98859.6484375,48.748077392578125,1.38637359487996,48.84608713785807,48.77747853597005,-61.4296875,-0.439544677734375,0.0,0.0
181,central,2026-09-21T22:00:00,2026-09-21 22:00:00,0.0,0.0,299.9691772460937,-1.166601538658142,0.8222625851631165,98803.2734375,47.827598571777344,1.427261331697414,48.5166130065918,48.55902353922526,-93.625,-0.2581787109375568,0.0,0.0
181,central,2026-09-21T23:00:00,2026-09-21 23:00:00,0.0,0.0,300.2311096191406,-1.3039153814315796,0.7772918939590454,98829.171875,47.832427978515625,1.518017789865554,48.136034647623696,48.43689854939779,-46.796875,0.2619323730469318,0.0,0.0
181,central,2026-09-22T00:00:00,2026-09-22 00:00:00,0.0,0.0,301.54736328125,-1.1339813470840454,0.0740478485822677,98851.140625,47.90486907958984,1.1363964006517306,47.85496520996094,48.35052617390951,-8.5078125,1.316253662109375,0.0,0.0
181,central,2026-09-22T01:00:00,2026-09-22 01:00:00,0.0,0.0,301.4037475585937,-0.471414178609848,-0.35980224609375,98893.2421875,47.9369010925293,0.5930337124384288,47.89139938354492,48.20400619506836,89.96875,-0.1436157226563068,0.0,0.0
181,central,2026-09-22T02:00:00,2026-09-22 02:00:00,0.0,0.0,302.1485900878906,-0.5437377691268921,-0.3422485291957855,98946.5,47.79727554321289,0.6424833206486904,47.87968190511068,48.00785827636719,117.328125,0.7448425292969318,0.0,0.0
181,central,2026-09-22T03:00:00,2026-09-22 03:00:00,0.0,0.0,302.4046936035156,-0.4739654660224914,0.0551971420645713,98993.484375,47.671363830566406,0.4771687201336796,47.80184682210287,47.8284060160319,142.34375,0.256103515625,0.0,0.0
181,central,2026-09-22T04:00:00,2026-09-22 04:00:00,0.0,0.0,302.826416015625,-0.1319305449724197,0.446258544921875,98987.203125,47.56105422973633,0.4653518643053972,47.67656453450521,47.78398195902506,93.9609375,0.421722412109375,0.0,0.0
181,central,2026-09-22T05:00:00,2026-09-22 05:00:00,0.0,0.0,304.52490234375,0.4761901795864105,0.1340606659650802,98965.7890625,47.362548828125,0.494701272783423,47.53165562947592,47.7056687672933,19.2890625,1.698486328125,0.0,0.0
181,central,2026-09-22T06:00:00,2026-09-22 06:00:00,0.0,0.0,306.21112060546875,0.9314666986465454,-0.349230945110321,98898.7109375,47.41930389404297,0.9947826213350042,47.447635650634766,47.62474123636881,-94.7734375,1.68621826171875,0.0,0.0
181,central,2026-09-22T07:00:00,2026-09-22 07:00:00,0.0,0.0,306.6098022460937,1.348883032798767,-0.7966521978378296,98854.359375,47.54938888549805,1.566569551757037,47.443747202555336,47.56015586853027,-132.84375,0.3986816406249431,0.0,0.0
181,central,2026-09-22T08:00:00,2026-09-22 08:00:00,0.0,0.0,307.3473205566406,1.7366364002227783,-1.192837476730347,98754.890625,47.58231735229492,2.106838207473737,47.51700337727865,47.52432950337728,-210.8984375,0.7375183105469318,0.0,0.0
181,central,2026-09-22T09:00:00,2026-09-22 09:00:00,0.0,0.0,307.5706481933594,2.001049757003784,-1.307501196861267,98665.59375,47.008697509765625,2.3903471525698,47.38013458251953,47.41388511657715,-233.1171875,0.22332763671875,0.0,0.0
181,central,2026-09-22T10:00:00,2026-09-22 10:00:00,0.0,0.0,306.3081970214844,1.9761841297149656,-1.0858917236328125,98537.8359375,46.49006652832031,2.2548757282811698,47.02702713012695,47.23538716634115,-316.5234375,-1.262451171875,0.0,0.0
181,central,2026-09-22T11:00:00,2026-09-22 11:00:00,0.0,0.0,306.234130859375,1.973193407058716,-1.1364898681640625,98506.0859375,45.81041717529297,2.277081782040239,46.43639373779297,46.976698557535805,-248.8046875,-0.074066162109375,0.0,0.0
181,central,2026-09-22T12:00:00,2026-09-22 12:00:00,0.0,0.0,305.9560546875,1.041833519935608,-0.254382312297821,98529.140625,45.9497299194336,1.07243994893486,46.083404541015625,46.73176956176758,-136.453125,-0.278076171875,0.0,0.0
181,central,2026-09-22T13:00:00,2026-09-22 13:00:00,0.0,0.0,305.3226013183594,1.094476342201233,0.5128326416015625,98532.390625,44.85750579833984,1.208666944170406,45.53921763102213,46.28312238057455,-5.4453125,-0.633453369140625,0.0,0.0
181,central,2026-09-22T14:00:00,2026-09-22 14:00:00,0.0,0.0,304.8665466308594,0.6764281988143921,1.0439941883087158,98609.5703125,44.54158782958984,1.2439770791190878,45.11627451578776,45.77633412679037,103.484375,-0.4560546875,0.0,0.0
181,central,2026-09-22T15:00:00,2026-09-22 15:00:00,0.0,0.0,301.95263671875,0.4112091064453125,1.1783844232559204,98664.953125,44.68744659423828,1.2480716238244265,44.69551340738932,45.38945897420248,135.8125,-2.913909912109375,0.0,0.0
181,central,2026-09-22T16:00:00,2026-09-22 16:00:00,0.0,0.0,302.38287353515625,0.7206970453262329,1.1513855457305908,98715.3125,44.40153884887695,1.3583419694831242,44.543524424235024,45.04137102762858,182.921875,0.43023681640625,0.0,0.0
181,central,2026-09-22T17:00:00,2026-09-22 17:00:00,0.0,0.0,301.91033935546875,1.0432708263397217,0.875732421875,98704.2734375,43.4511604309082,1.3621017920165213,44.18004862467448,44.64816157023112,94.703125,-0.4725341796875,0.0,0.0
181,central,2026-09-22T18:00:00,2026-09-22 18:00:00,0.0,0.0,300.9833068847656,1.2577606439590454,0.7233001589775085,98704.5703125,42.62195587158203,1.4509048754033331,43.4915517171224,44.09353256225586,39.6171875,-0.927032470703125,0.0,0.0
181,central,2026-09-22T19:00:00,2026-09-22 19:00:00,0.0,0.0,300.96112060546875,0.924426257610321,0.8069061040878296,98703.4765625,42.08077239990234,1.227053937923522,42.71796290079752,43.630743662516274,-11.8359375,-0.022186279296875,0.0,0.0
181,central,2026-09-22T20:00:00,2026-09-22 20:00:00,0.0,0.0,300.354248046875,0.6625000238418579,0.698986828327179,98682.5078125,41.967262268066406,0.963062234627312,42.22333017985026,43.20168940226237,-21.765625,-0.60687255859375,0.0,0.0
181,central,2026-09-22T21:00:00,2026-09-22 21:00:00,0.0,0.0,300.1422424316406,0.4053924679756164,0.3355773985385895,98663.171875,41.80933380126953,0.5262653736483985,41.95245615641276,42.72200393676758,-41.3984375,-0.212005615234375,0.0,0.0
181,central,2026-09-22T22:00:00,2026-09-22 22:00:00,0.0,0.0,300.31915283203125,0.7406585812568665,-0.6728546023368835,98652.671875,42.813175201416016,1.0006540110724385,42.196590423583984,42.45727666219076,-50.8046875,0.176910400390625,0.0,0.0
181,central,2026-09-22T23:00:00,2026-09-22 23:00:00,0.0,0.0,299.6251525878906,0.6516631841659546,-1.1673157215118408,98663.96875,41.94675827026367,1.3368959941917773,42.18975575764974,42.20654296875,-18.5390625,-0.694000244140625,0.0,0.0
181,central,2026-09-23T00:00:00,2026-09-23 00:00:00,0.0,0.0,301.119140625,0.5092407464981079,-1.4867126941680908,98691.4296875,41.63631057739258,1.5715090750277243,42.13208134969076,42.04226875305176,28.2578125,1.493988037109375,0.0,0.0
181,central,2026-09-23T01:00:00,2026-09-23 01:00:00,0.0,0.0,301.0934143066406,0.0872802734375,-1.6281158924102783,98754.421875,41.76140594482422,1.6304536808048984,41.78149159749349,41.989041010538735,101.75,-0.025726318359375,0.0,0.0
181,central,2026-09-23T02:00:00,2026-09-23 02:00:00,0.0,0.0,301.5464782714844,-0.1531433165073394,-1.2624328136444092,98827.5546875,40.78766632080078,1.2716876520423586,41.3951276143392,41.79244168599447,163.5859375,0.45306396484375,0.0,0.0
181,central,2026-09-23T03:00:00,2026-09-23 03:00:00,0.0,0.0,302.0863647460937,-0.3468658328056335,-0.7850281000137329,98904.453125,39.65154266357422,0.8582453167825136,40.73353830973307,41.43280982971192,213.0234375,0.5398864746093182,0.0,0.0
181,central,2026-09-23T04:00:00,2026-09-23 04:00:00,0.0,0.0,302.69439697265625,-0.6843811273574829,-0.353991687297821,98915.1484375,39.43499755859375,0.7705112861983643,39.95806884765625,40.86978022257487,160.7265625,0.6080322265625568,0.0,0.0
181,central,2026-09-23T05:00:00,2026-09-23 05:00:00,0.0,0.0,304.43218994140625,-0.7413269281387329,0.1055969223380088,98922.21875,39.78726959228516,0.7488099387634151,39.624603271484375,40.50986544291178,94.6640625,1.73779296875,0.0,0.0
181,central,2026-09-23T06:00:00,2026-09-23 06:00:00,0.0,0.0,306.6869506835937,-0.7778655886650085,0.528942883014679,98851.015625,40.3201789855957,0.9406675541981028,39.84748204549154,40.29051017761231,-53.4375,2.254760742187443,0.0,0.0
181,central,2026-09-23T07:00:00,2026-09-23 07:00:00,0.0,0.0,307.1078491210937,-0.736407458782196,0.428558349609375,98820.953125,40.98152542114258,0.8520318094824647,40.36299133300781,40.16053009033203,-94.1953125,0.4208984375,0.0,0.0
182,central,2026-09-18T05:00:00,2026-09-18 05:00:00,0.0,0.0,302.91357421875,3.1691131591796875,-2.3634490966796875,98529.4375,40.40282440185547,3.9533744887477953,40.75740051269531,42.34305636088053,152.625,2.465087890625,0.0,0.0
182,central,2026-09-18T06:00:00,2026-09-18 06:00:00,0.0,0.0,304.559814453125,2.85980224609375,-2.0123291015625,98496.40625,40.11998748779297,3.496846765266988,40.366336822509766,41.45140012105306,49.7109375,1.646240234375,0.0,0.0
182,central,2026-09-18T07:00:00,2026-09-18 07:00:00,0.0,0.0,305.055419921875,2.70556640625,-1.783599853515625,98469.0625,39.55577850341797,3.2405737171200872,40.0261967976888,40.731879552205406,28.0,0.49560546875,0.0,0.0
182,central,2026-09-18T08:00:00,2026-09-18 08:00:00,0.0,0.0,305.9775390625,2.502426147460937,-1.4647674560546875,98369.1953125,39.4286003112793,2.899600028247536,39.70145543416341,40.22942797342936,-160.2421875,0.922119140625,0.0,0.0
182,central,2026-09-18T09:00:00,2026-09-18 09:00:00,0.0,0.0,306.091796875,2.5232696533203125,-1.1045989990234375,98315.4375,39.255149841308594,2.754456151767675,39.41317621866862,39.8897565205892,-180.96875,0.1142578125,0.0,0.0
182,central,2026-09-18T10:00:00,2026-09-18 10:00:00,0.0,0.0,305.2705078125,2.265853881835937,-0.45660400390625,98260.953125,40.31019592285156,2.311402394697687,39.66464869181315,39.84542274475098,-208.109375,-0.8212890625,0.0,0.0
182,central,2026-09-18T11:00:00,2026-09-18 11:00:00,0.0,0.0,305.28076171875,1.5902557373046875,-0.7020416259765625,98190.125,39.108436584472656,1.7383255605997086,39.55792744954427,39.62969144185384,-179.0703125,0.01025390625,0.0,0.0
182,central,2026-09-18T12:00:00,2026-09-18 12:00:00,0.0,0.0,304.609619140625,1.5463714599609375,-0.6833648681640625,98232.921875,39.43219757080078,1.6906366360701544,39.616943359375,39.51505978902181,-82.515625,-0.671142578125,0.0,0.0
182,central,2026-09-18T13:00:00,2026-09-18 13:00:00,0.0,0.0,303.456787109375,1.7042388916015625,-0.9623260498046876,98263.890625,39.08411407470703,1.9571667342819865,39.20824940999349,39.43644905090332,2.9375,-1.15283203125,0.0,0.0
182,central,2026-09-18T14:00:00,2026-09-18 14:00:00,0.0,0.0,302.44091796875,1.6370849609375,-0.0345001220703125,98355.421875,39.6130256652832,1.6374484504101503,39.37644577026367,39.46718660990397,165.296875,-1.015869140625,0.0,0.0
182,central,2026-09-18T15:00:00,2026-09-18 15:00:00,0.0,0.0,300.88720703125,1.3379974365234375,0.0748443603515625,98379.8984375,40.333457946777344,1.3400891083878432,39.6768658955892,39.646904627482094,146.9765625,-1.5537109375,0.0,0.0
182,central,2026-09-18T16:00:00,2026-09-18 16:00:00,0.0,0.0,301.310302734375,1.3354339599609375,0.10137939453125,98405.421875,39.36035537719727,1.339276537184339,39.76894632975261,39.48859786987305,141.53125,0.423095703125,0.0,0.0
182,central,2026-09-18T17:00:00,2026-09-18 17:00:00,0.0,0.0,300.7919921875,1.2540435791015625,0.3167877197265625,98446.984375,37.94562911987305,1.2934371873637358,39.21314748128256,39.29479662577311,91.5625,-0.518310546875,0.0,0.0
182,central,2026-09-18T18:00:00,2026-09-18 18:00:00,0.0,0.0,300.916015625,1.3504486083984375,0.332672119140625,98430.796875,37.097312927246094,1.390820686781294,38.13443247477213,38.90564918518066,50.8984375,0.1240234375,0.0,0.0
182,central,2026-09-18T19:00:00,2026-09-18 19:00:00,0.0,0.0,300.6572265625,1.354034423828125,0.091278076171875,98446.203125,36.610877990722656,1.3571075521494975,37.21794001261393,38.49344317118327,40.78125,-0.2587890625,0.0,0.0
182,central,2026-09-18T20:00:00,2026-09-18 20:00:00,0.0,0.0,299.87646484375,1.5349578857421875,-0.22161865234375,98443.1015625,36.23432922363281,1.5508741206393206,36.64750671386719,37.93032709757487,-3.8828125,-0.78076171875,0.0,0.0
182,central,2026-09-18T21:00:00,2026-09-18 21:00:00,0.0,0.0,300.281982421875,1.3227081298828125,-0.7668609619140625,98447.3125,35.810585021972656,1.528931827049803,36.218597412109375,37.17651494344076,16.515625,0.405517578125,0.0,0.0
182,central,2026-09-18T22:00:00,2026-09-18 22:00:00,0.0,0.0,298.914306640625,0.303436279296875,-1.2261199951171875,98443.125,36.56694030761719,1.2631087910467975,36.20395151774088,36.71094576517741,-3.078125,-1.36767578125,0.0,0.0
182,central,2026-09-18T23:00:00,2026-09-18 23:00:00,0.0,0.0,298.738037109375,-0.623016357421875,-1.1277313232421875,98516.96875,35.885345458984375,1.2883816666798689,36.087623596191406,36.3675651550293,73.8671875,-0.17626953125,0.0,0.0
182,central,2026-09-19T00:00:00,2026-09-19 00:00:00,0.0,0.0,299.666748046875,-0.848541259765625,-0.2925262451171875,98541.140625,35.63719940185547,0.8975488140524697,36.02982838948568,36.12421290079752,93.828125,0.9287109375,0.0,0.0
182,central,2026-09-19T01:00:00,2026-09-19 01:00:00,0.0,0.0,299.51708984375,-0.3499755859375,-0.019683837890625,98616.421875,35.65410614013672,0.3505286924438581,35.72555033365885,35.96475092569987,173.296875,-0.149658203125,0.0,0.0
182,central,2026-09-19T02:00:00,2026-09-19 02:00:00,0.0,0.0,300.47900390625,0.0543670654296875,-0.275726318359375,98691.09375,35.90987014770508,0.2810351943074947,35.733725229899086,35.91067441304525,174.125,0.9619140625,0.0,0.0
182,central,2026-09-19T03:00:00,2026-09-19 03:00:00,0.0,0.0,300.9599609375,0.1262359619140625,-0.3134002685546875,98779.125,36.3454475402832,0.3378686821984525,35.969807942708336,35.99981816609701,237.984375,0.48095703125,0.0,0.0
182,central,2026-09-19T04:00:00,2026-09-19 04:00:00,0.0,0.0,301.63818359375,0.184478759765625,-0.5255584716796875,98793.359375,36.62360382080078,0.5569956193355133,36.29297383626302,36.00926208496094,176.9375,0.67822265625,0.0,0.0
182,central,2026-09-19T05:00:00,2026-09-19 05:00:00,0.0,0.0,303.6884765625,0.3476104736328125,-0.786041259765625,98798.9765625,36.59880065917969,0.8594730382235146,36.52261734008789,36.12817128499349,107.8828125,2.05029296875,0.0,0.0
182,central,2026-09-19T06:00:00,2026-09-19 06:00:00,0.0,0.0,305.548095703125,0.2583770751953125,-0.92584228515625,98754.34375,36.51899719238281,0.9612193558027382,36.58046722412109,36.27513758341471,-24.78125,1.859619140625,0.0,0.0
182,central,2026-09-19T07:00:00,2026-09-19 07:00:00,0.0,0.0,305.583740234375,0.2489166259765625,-0.9716644287109376,98705.484375,36.69720458984375,1.003041000512795,36.605000813802086,36.44898732503256,-87.875,0.03564453125,0.0,0.0
182,central,2026-09-19T08:00:00,2026-09-19 08:00:00,0.0,0.0,306.481689453125,0.1027069091796875,-0.836700439453125,98599.6171875,36.65477752685547,0.8429806252662614,36.62365976969401,36.57313855489095,-199.359375,0.89794921875,0.0,0.0
182,central,2026-09-19T09:00:00,2026-09-19 09:00:00,0.0,0.0,306.11865234375,0.2252197265625,-0.5704803466796875,98536.09375,36.117794036865234,0.6133284203268782,36.48992538452149,36.53519630432129,-218.25,-0.363037109375,0.0,0.0
182,central,2026-09-19T10:00:00,2026-09-19 10:00:00,0.0,0.0,305.581787109375,0.0539398193359375,-1.4271697998046875,98415.3515625,34.20538711547852,1.4281887625886662,35.65931955973307,36.13216018676759,-290.1328125,-0.536865234375,0.0,0.0
182,central,2026-09-19T11:00:00,2026-09-19 11:00:00,0.0,0.0,306.028076171875,-1.199249267578125,-0.950103759765625,98420.125,34.20697021484375,1.5299986797731056,34.8433837890625,35.73352177937826,-179.4921875,0.4462890625,0.0,0.0
182,central,2026-09-19T12:00:00,2026-09-19 12:00:00,0.0,0.0,305.710205078125,-1.2571563720703125,0.044403076171875,98468.703125,35.048465728759766,1.2579402915124849,34.48694101969401,35.48843320210775,-67.390625,-0.31787109375,0.0,0.0
182,central,2026-09-19T13:00:00,2026-09-19 13:00:00,0.0,0.0,304.85986328125,-1.365753173828125,0.610992431640625,98511.921875,35.86871337890625,1.4961929966898388,35.04138310750326,35.350351333618164,96.5703125,-0.850341796875,0.0,0.0
182,central,2026-09-19T14:00:00,2026-09-19 14:00:00,0.0,0.0,303.7236328125,-1.28662109375,0.664703369140625,98577.34375,36.01136016845703,1.448179687687044,35.64284642537435,35.24311510721842,157.21875,-1.13623046875,0.0,0.0
182,central,2026-09-19T15:00:00,2026-09-19 15:00:00,0.0,0.0,303.46240234375,-1.1596221923828125,0.8310699462890625,98661.96875,36.02699661254883,1.4266747648611529,35.96902338663737,35.22798220316569,193.265625,-0.26123046875,0.0,0.0
182,central,2026-09-19T16:00:00,2026-09-19 16:00:00,0.0,0.0,303.28369140625,-1.227996826171875,1.060516357421875,98723.46875,35.257537841796875,1.6225508156749853,35.765298207600914,35.403340657552086,211.546875,-0.1787109375,0.0,0.0
182,central,2026-09-19T17:00:00,2026-09-19 17:00:00,0.0,0.0,300.4619140625,-1.2293243408203125,1.279327392578125,98771.8046875,34.55803680419922,1.7742369944102845,35.28085708618164,35.46185175577799,194.4609375,-2.82177734375,0.0,0.0
182,central,2026-09-19T18:00:00,2026-09-19 18:00:00,0.0,0.0,300.284912109375,-1.1790771484375,1.2368011474609375,98770.3125,34.090919494628906,1.70877148862222,34.635498046875,35.30226071675619,108.34375,-0.177001953125,0.0,0.0
182,central,2026-09-19T19:00:00,2026-09-19 19:00:00,0.0,0.0,300.11474609375,-1.172698974609375,1.0629730224609375,98785.265625,34.43846893310547,1.5827616786900105,34.3624750773112,35.063886642456055,61.796875,-0.170166015625,0.0,0.0
182,central,2026-09-19T20:00:00,2026-09-19 20:00:00,0.0,0.0,299.3232421875,-0.9973907470703124,0.7452850341796875,98764.84375,34.87810134887695,1.2450855731690469,34.469163258870445,34.87501017252604,-6.9609375,-0.79150390625,0.0,0.0
182,central,2026-09-19T21:00:00,2026-09-19 21:00:00,0.0,0.0,299.0859375,-1.0335845947265625,0.4400482177734375,98777.6171875,35.37641906738281,1.1233608273487423,34.89766311645508,34.76658058166504,7.3046875,-0.2373046875,0.0,0.0
182,central,2026-09-19T22:00:00,2026-09-19 22:00:00,0.0,0.0,298.127197265625,-1.3490447998046875,-0.4476318359375,98727.84375,38.23421096801758,1.4213712155608211,36.16291046142578,35.26269276936849,-57.421875,-0.958740234375,0.0,0.0
182,central,2026-09-19T23:00:00,2026-09-19 23:00:00,0.0,0.0,298.2822265625,-1.5108795166015625,-0.5578765869140625,98806.453125,39.034889221191406,1.6105847385074326,37.54850641886393,36.00883483886719,41.609375,0.155029296875,0.0,0.0
182,central,2026-09-20T00:00:00,2026-09-20 00:00:00,0.0,0.0,299.148681640625,-1.2400360107421875,-0.34307861328125,98790.796875,38.80634689331055,1.2866204734996192,38.69181569417318,36.794739405314125,13.1796875,0.866455078125,0.0,0.0
182,central,2026-09-20T01:00:00,2026-09-20 01:00:00,0.0,0.0,299.15380859375,-1.06951904296875,0.006561279296875,98836.84375,37.98795700073242,1.0695391688287077,38.60973103841146,37.38632074991862,109.0,0.005126953125,0.0,0.0
182,central,2026-09-20T02:00:00,2026-09-20 02:00:00,0.0,0.0,300.322021484375,-0.72369384765625,0.3091583251953125,98882.4609375,37.28046798706055,0.7869635666109824,38.02492396036784,37.78671518961588,76.0078125,1.168212890625,0.0,0.0
182,central,2026-09-20T03:00:00,2026-09-20 03:00:00,0.0,0.0,300.5009765625,-0.4300537109375,0.4818267822265625,98945.03125,37.44666290283203,0.6458353059115908,37.571695963541664,38.13175582885742,154.234375,0.178955078125,0.0,0.0
182,central,2026-09-20T04:00:00,2026-09-20 04:00:00,0.0,0.0,301.141845703125,-0.4849700927734375,0.3582305908203125,98956.234375,38.67301177978516,0.6029304662099493,37.80004755655925,38.20488929748535,119.390625,0.640869140625,0.0,0.0
182,central,2026-09-20T05:00:00,2026-09-20 05:00:00,0.0,0.0,303.875,-0.721588134765625,0.2174224853515625,98977.5703125,40.13825225830078,0.7536325187855047,38.75264231363932,38.38878313700358,95.109375,2.733154296875,0.0,0.0
182,central,2026-09-20T06:00:00,2026-09-20 06:00:00,0.0,0.0,305.566162109375,-0.82806396484375,0.1753082275390625,98960.6484375,41.46631240844727,0.8464176891556786,40.09252548217773,38.8321107228597,15.6171875,1.691162109375,0.0,0.0
182,central,2026-09-20T07:00:00,2026-09-20 07:00:00,0.0,0.0,305.775634765625,-0.59869384765625,0.161285400390625,98930.7421875,42.50101852416992,0.620038146891471,41.36852773030599,39.58428764343262,-25.4921875,0.20947265625,0.0,0.0
182,central,2026-09-20T08:00:00,2026-09-20 08:00:00,0.0,0.0,306.681884765625,-0.1851348876953125,-0.0621490478515625,98840.2890625,43.14539337158203,0.1952880712967686,42.37090810139974,40.56177520751953,-137.28125,0.90625,0.0,0.0
182,central,2026-09-20T09:00:00,2026-09-20 09:00:00,0.0,0.0,306.874267578125,0.1378326416015625,-0.28314208984375,98755.328125,43.3790397644043,0.3149083678341224,43.00848388671875,41.55050468444824,-205.3203125,0.1923828125,0.0,0.0
182,central,2026-09-20T10:00:00,2026-09-20 10:00:00,0.0,0.0,306.49755859375,-0.02947998046875,-0.6180419921875,98581.359375,44.3482666015625,0.6187446754159034,43.62423324584961,42.4963804880778,-349.3828125,-0.376708984375,0.0,0.0
182,central,2026-09-20T11:00:00,2026-09-20 11:00:00,0.0,0.0,306.371826171875,-0.0995941162109375,-1.157073974609375,98610.859375,46.230377197265625,1.1613523025775487,44.65256118774414,43.51173464457194,-229.4296875,-0.125732421875,0.0,0.0
182,central,2026-09-20T12:00:00,2026-09-20 12:00:00,0.0,0.0,305.52001953125,-0.8592376708984375,-1.53179931640625,98630.53125,47.98004913330078,1.7563309827118652,46.186230977376304,44.59735743204752,-124.796875,-0.851806640625,0.0,0.0
182,central,2026-09-20T13:00:00,2026-09-20 13:00:00,0.0,0.0,305.434814453125,-0.9657440185546876,-1.0078125,98621.265625,46.37638854980469,1.3958322050054608,46.86227162679037,45.24325243631999,39.90625,-0.085205078125,0.0,0.0
182,central,2026-09-20T14:00:00,2026-09-20 14:00:00,0.0,0.0,304.6962890625,-1.4027862548828125,-0.634307861328125,98709.2890625,45.82740020751953,1.539531012948686,46.727945963541664,45.690253575642906,98.4296875,-0.738525390625,0.0,0.0
182,central,2026-09-20T15:00:00,2026-09-20 15:00:00,0.0,0.0,303.330810546875,-1.3243560791015625,-0.3360748291015625,98746.171875,45.21431350708008,1.3663327980433275,45.806034088134766,45.99613253275553,115.640625,-1.365478515625,0.0,0.0
182,central,2026-09-20T16:00:00,2026-09-20 16:00:00,0.0,0.0,303.49462890625,-1.392822265625,-0.1360015869140625,98798.796875,44.9619255065918,1.399446424577912,45.334546407063804,46.098409016927086,177.53125,0.163818359375,0.0,0.0
182,central,2026-09-20T17:00:00,2026-09-20 17:00:00,0.0,0.0,302.482666015625,-1.612701416015625,-0.0030517578125,98813.2734375,44.51456832885742,1.6127043034743065,44.8969357808431,45.81244087219238,103.984375,-1.011962890625,0.0,0.0
182,central,2026-09-20T18:00:00,2026-09-20 18:00:00,0.0,0.0,301.898193359375,-1.3791046142578125,0.1676025390625,98800.53125,44.23661804199219,1.389251650410172,44.57103729248047,45.18853569030762,54.359375,-0.58447265625,0.0,0.0
182,central,2026-09-20T19:00:00,2026-09-20 19:00:00,0.0,0.0,301.04736328125,-1.1821746826171875,0.088531494140625,98788.328125,44.01384353637695,1.185485050802337,44.25500996907552,44.794778188069664,-10.46875,-0.850830078125,0.0,0.0
182,central,2026-09-20T20:00:00,2026-09-20 20:00:00,0.0,0.0,300.335693359375,-1.0971221923828125,0.187103271484375,98733.65625,44.24820327758789,1.1129621463549535,44.16622161865234,44.53157869974772,-79.6171875,-0.711669921875,0.0,0.0
182,central,2026-09-20T21:00:00,2026-09-20 21:00:00,0.0,0.0,300.65283203125,-0.9359893798828124,0.46405029296875,98737.265625,44.60529327392578,1.0447099088540297,44.28911336263021,44.430075327555336,-63.265625,0.317138671875,0.0,0.0
182,central,2026-09-20T22:00:00,2026-09-20 22:00:00,0.0,0.0,299.736083984375,-0.9430084228515624,-0.3280792236328125,98687.78125,43.15274429321289,0.9984492288286372,44.00208028157552,44.12854512532552,-100.546875,-0.916748046875,0.0,0.0
182,central,2026-09-20T23:00:00,2026-09-20 23:00:00,0.0,0.0,299.9013671875,-0.4110107421875,-0.8516387939453125,98716.328125,42.87117767333984,0.9456312524161552,43.54307174682617,43.85464668273926,-17.328125,0.165283203125,0.0,0.0
182,central,2026-09-21T00:00:00,2026-09-21 00:00:00,0.0,0.0,300.916015625,-0.36932373046875,-0.8790740966796875,98685.71875,42.56414413452149,0.9535047379748894,42.86268870035807,43.57590103149414,-51.546875,1.0146484375,0.0,0.0
182,central,2026-09-21T01:00:00,2026-09-21 01:00:00,0.0,0.0,300.5322265625,-0.260467529296875,-0.9744110107421876,98684.921875,42.292327880859375,1.008622898646283,42.57588322957357,43.28898175557455,-2.859375,-0.3837890625,0.0,0.0
182,central,2026-09-21T02:00:00,2026-09-21 02:00:00,0.0,0.0,301.17822265625,-0.118255615234375,-1.0190582275390625,98722.0625,42.33487701416016,1.025896711004337,42.39711634318034,42.97009404500326,5.734375,0.64599609375,0.0,0.0
182,central,2026-09-21T03:00:00,2026-09-21 03:00:00,0.0,0.0,301.6123046875,0.23590087890625,-0.758087158203125,98744.6484375,42.79314422607422,0.7939429224454558,42.47344970703125,42.66806920369466,58.9296875,0.43408203125,0.0,0.0
182,central,2026-09-21T04:00:00,2026-09-21 04:00:00,0.0,0.0,302.16943359375,0.5088958740234375,-0.860107421875,98757.5390625,43.63275146484375,0.999379701496152,42.920257568359375,42.74807039896647,72.6171875,0.55712890625,0.0,0.0
182,central,2026-09-21T05:00:00,2026-09-21 05:00:00,0.0,0.0,304.39111328125,0.727142333984375,-0.83917236328125,98754.4453125,44.34542846679688,1.1103811188809374,43.59044138590495,42.99377886454264,32.3828125,2.2216796875,0.0,0.0
182,central,2026-09-21T06:00:00,2026-09-21 06:00:00,0.0,0.0,306.04443359375,0.77496337890625,-0.8118743896484375,98721.125,44.897586822509766,1.1223672586158306,44.29192225138346,43.38268597920736,-23.5234375,1.6533203125,0.0,0.0
182,central,2026-09-21T07:00:00,2026-09-21 07:00:00,0.0,0.0,306.42138671875,0.83367919921875,-0.8624267578125,98613.7734375,45.30893707275391,1.1995002792000495,44.85065078735352,43.885454177856445,-143.765625,0.376953125,0.0,0.0
182,central,2026-09-21T08:00:00,2026-09-21 08:00:00,0.0,0.0,307.26806640625,0.785858154296875,-0.8170623779296875,98562.3515625,45.65402603149414,1.1336507257982975,45.28684997558594,44.438645680745445,-192.09375,0.8466796875,0.0,0.0
182,central,2026-09-21T09:00:00,2026-09-21 09:00:00,0.0,0.0,307.548828125,0.871307373046875,-0.62506103515625,98415.671875,45.55420684814453,1.0723235687032384,45.5057233174642,44.89882278442383,-305.453125,0.28076171875,0.0,0.0
182,central,2026-09-21T10:00:00,2026-09-21 10:00:00,0.0,0.0,306.0498046875,0.3088531494140625,0.4044342041015625,98302.78125,44.8573112487793,0.5088784661883912,45.35518137613932,45.10291608174642,-310.9921875,-1.4990234375,0.0,0.0
182,central,2026-09-21T11:00:00,2026-09-21 11:00:00,0.0,0.0,306.120361328125,0.3587646484375,-1.2355499267578125,98356.640625,45.91600036621094,1.2865829528171586,45.44250615437826,45.364678064982094,-205.7109375,0.070556640625,0.0,0.0
182,central,2026-09-21T12:00:00,2026-09-21 12:00:00,0.0,0.0,305.605224609375,-0.103729248046875,-1.2408599853515625,98344.171875,45.91459655761719,1.2451880420832229,45.562636057535805,45.5341796875,-71.5,-0.51513671875,0.0,0.0
182,central,2026-09-21T13:00:00,2026-09-21 13:00:00,0.0,0.0,304.726318359375,-0.61346435546875,-1.5934295654296875,98331.921875,44.76838684082031,1.7074414471413453,45.53299458821615,45.44408798217773,29.140625,-0.87890625,0.0,0.0
182,central,2026-09-21T14:00:00,2026-09-21 14:00:00,0.0,0.0,304.255615234375,-0.7673797607421875,-1.60906982421875,98398.7265625,43.618431091308594,1.7826882499214762,44.767138163248696,45.10482215881348,42.0859375,-0.470703125,0.0,0.0
182,central,2026-09-21T15:00:00,2026-09-21 15:00:00,0.0,0.0,303.57568359375,-0.93707275390625,-1.3442230224609375,98443.578125,42.68541717529297,1.6386094349256817,43.69074503580729,44.62669054667155,99.40625,-0.679931640625,0.0,0.0
182,central,2026-09-21T16:00:00,2026-09-21 16:00:00,0.0,0.0,303.412841796875,-1.274658203125,-0.78662109375,98496.8515625,42.21137619018555,1.4978405388846638,42.83840815226237,44.18570137023926,164.9296875,-0.162841796875,0.0,0.0
182,central,2026-09-21T17:00:00,2026-09-21 17:00:00,0.0,0.0,301.1884765625,-1.473968505859375,-0.5245361328125,98486.734375,42.05971145629883,1.564519514384915,42.318834940592446,43.54298655192057,88.0078125,-2.224365234375,0.0,0.0
182,central,2026-09-21T18:00:00,2026-09-21 18:00:00,0.0,0.0,300.66845703125,-1.5482635498046875,-0.390167236328125,98520.8828125,42.28872680664063,1.5966685604588509,42.186604817708336,42.93867492675781,77.3046875,-0.52001953125,0.0,0.0
182,central,2026-09-21T19:00:00,2026-09-21 19:00:00,0.0,0.0,300.36572265625,-1.53778076171875,-0.3670806884765625,98486.8984375,42.29102325439453,1.5809863702653246,42.21315383911133,42.52578099568685,-9.953125,-0.302734375,0.0,0.0
182,central,2026-09-21T20:00:00,2026-09-21 20:00:00,0.0,0.0,300.59033203125,-1.4817047119140625,-0.2404632568359375,98462.96875,42.178070068359375,1.5010900809733176,42.25260670979818,42.28572082519531,-23.765625,0.224609375,0.0,0.0
182,central,2026-09-21T21:00:00,2026-09-21 21:00:00,0.0,0.0,300.267578125,-1.458251953125,-0.2136077880859375,98457.453125,42.38753128051758,1.4738137758630987,42.28554153442383,42.23607317606608,-63.4296875,-0.32275390625,0.0,0.0
182,central,2026-09-21T22:00:00,2026-09-21 22:00:00,0.0,0.0,298.917236328125,-1.486328125,-0.0500030517578125,98408.875,42.65220642089844,1.487168988498318,42.40593592325846,42.3095448811849,-78.0234375,-1.350341796875,0.0,0.0
182,central,2026-09-21T23:00:00,2026-09-21 23:00:00,0.0,0.0,299.023681640625,-1.2916107177734375,-0.4223175048828125,98447.96875,43.43437957763672,1.3589004088591845,42.82470575968424,42.53865623474121,-15.0,0.1064453125,0.0,0.0
182,central,2026-09-22T00:00:00,2026-09-22 00:00:00,0.0,0.0,300.37744140625,-0.6374969482421875,-0.6341552734375,98465.3359375,43.536903381347656,0.8991970139222509,43.20782979329427,42.74668566385905,7.8828125,1.353759765625,0.0,0.0
182,central,2026-09-22T01:00:00,2026-09-22 01:00:00,0.0,0.0,300.424072265625,-0.6282501220703125,-1.13616943359375,98494.2421875,43.17830657958984,1.2982985780297631,43.38319651285807,42.894566218058266,85.3671875,0.046630859375,0.0,0.0
182,central,2026-09-22T02:00:00,2026-09-22 02:00:00,0.0,0.0,301.271240234375,-0.59588623046875,-0.95611572265625,98536.296875,42.43711853027344,1.126604489061152,43.05077616373698,42.93774096171061,88.328125,0.84716796875,0.0,0.0
182,central,2026-09-22T03:00:00,2026-09-22 03:00:00,0.0,0.0,301.609375,-0.5313873291015625,-0.3614044189453125,98567.2890625,41.709251403808594,0.6426395938338154,42.44155883789063,42.824694315592446,101.953125,0.338134765625,0.0,0.0
182,central,2026-09-22T04:00:00,2026-09-22 04:00:00,0.0,0.0,302.140869140625,-0.1926727294921875,-0.089874267578125,98569.796875,41.64113235473633,0.2126033035083746,41.92916742960612,42.656181971232094,75.5546875,0.531494140625,0.0,0.0
182,central,2026-09-22T05:00:00,2026-09-22 05:00:00,0.0,0.0,304.38623046875,0.399627685546875,-0.2089080810546875,98573.984375,42.038330078125,0.4509377710787863,41.79623794555664,42.42350705464681,37.6875,2.245361328125,0.0,0.0
182,central,2026-09-22T06:00:00,2026-09-22 06:00:00,0.0,0.0,306.1845703125,0.9974822998046876,-0.67755126953125,98512.3125,42.27360153198242,1.205838571810944,41.98435465494792,42.21295674641927,-54.9765625,1.79833984375,0.0,0.0
182,central,2026-09-22T07:00:00,2026-09-22 07:00:00,0.0,0.0,306.530517578125,1.313140869140625,-1.0021209716796875,98469.5625,42.2669677734375,1.6518430264669937,42.19296646118164,42.06106694539388,-100.234375,0.345947265625,0.0,0.0
182,central,2026-09-22T08:00:00,2026-09-22 08:00:00,0.0,0.0,307.608642578125,1.4653472900390625,-1.2570953369140625,98361.09375,41.86396026611328,1.9306815808195568,42.13484319051107,41.96554056803385,-212.890625,1.078125,0.0,0.0
182,central,2026-09-22T09:00:00,2026-09-22 09:00:00,0.0,0.0,307.764404296875,1.5653076171875,-1.356719970703125,98275.59375,41.069244384765625,2.0714432203972906,41.73339080810547,41.858872731526695,-236.71875,0.15576171875,0.0,0.0
182,central,2026-09-22T10:00:00,2026-09-22 10:00:00,0.0,0.0,306.498046875,1.80255126953125,-1.5214385986328125,98155.234375,41.95217514038086,2.3588061575081785,41.62845993041992,41.91071319580078,-314.328125,-1.266357421875,0.0,0.0
182,central,2026-09-22T11:00:00,2026-09-22 11:00:00,0.0,0.0,306.279052734375,1.805419921875,-1.6999664306640625,98122.0859375,41.30611801147461,2.479803814757902,41.44251251220703,41.78867785135905,-239.0078125,-0.218994140625,0.0,0.0
182,central,2026-09-22T12:00:00,2026-09-22 12:00:00,0.0,0.0,305.9267578125,1.11566162109375,-1.00653076171875,98099.9375,39.2055892944336,1.5025994233552935,40.82129414876302,41.27734247843424,-175.65625,-0.352294921875,0.0,0.0
182,central,2026-09-22T13:00:00,2026-09-22 13:00:00,0.0,0.0,305.225341796875,1.437835693359375,-1.4422454833984375,98099.390625,36.51531982421875,2.03652731763692,39.00900904337565,40.31873448689779,-55.84375,-0.701416015625,0.0,0.0
182,central,2026-09-22T14:00:00,2026-09-22 14:00:00,0.0,0.0,303.669677734375,1.39752197265625,-1.466552734375,98177.96875,33.93768310546875,2.025794803715274,36.55286407470703,38.99768829345703,55.8828125,-1.5556640625,0.0,0.0
182,central,2026-09-22T15:00:00,2026-09-22 15:00:00,0.0,0.0,301.05029296875,1.6387481689453125,-1.1364593505859375,98228.953125,31.428852081298828,1.9942505902608687,33.960618336995445,37.390956242879234,129.015625,-2.619384765625,0.0,0.0
182,central,2026-09-22T16:00:00,2026-09-22 16:00:00,0.0,0.0,301.653564453125,1.615814208984375,0.089080810546875,98285.3125,29.330055236816406,1.6182678853525734,31.56553014119466,35.28726959228516,185.921875,0.603271484375,0.0,0.0
182,central,2026-09-22T17:00:00,2026-09-22 17:00:00,0.0,0.0,301.0673828125,1.2608489990234375,0.656982421875,98291.671875,27.712099075317383,1.42174755177955,29.49033546447754,33.021599769592285,113.703125,-0.586181640625,0.0,0.0
182,central,2026-09-22T18:00:00,2026-09-22 18:00:00,0.0,0.0,300.60595703125,1.3950653076171875,0.7225189208984375,98280.3671875,26.55867385864257,1.5710635899203065,27.86694272359212,30.91378053029378,51.4140625,-0.46142578125,0.0,0.0
182,central,2026-09-22T19:00:00,2026-09-22 19:00:00,0.0,0.0,300.2509765625,1.68438720703125,0.4401092529296875,98282.078125,25.911243438720703,1.7409355007365617,26.727338790893555,29.14643446604411,-3.234375,-0.35498046875,0.0,0.0
182,central,2026-09-22T20:00:00,2026-09-22 20:00:00,0.0,0.0,299.252685546875,1.794921875,-0.33148193359375,98263.90625,25.65437126159668,1.825273899899017,26.04142951965332,27.76588249206543,-27.765625,-0.998291015625,0.0,0.0
182,central,2026-09-22T21:00:00,2026-09-22 21:00:00,0.0,0.0,299.962158203125,1.2147674560546875,-1.167938232421875,98240.96875,25.87300491333008,1.685152719204497,25.812873204549152,26.83990796407064,-39.3984375,0.70947265625,0.0,0.0
182,central,2026-09-22T22:00:00,2026-09-22 22:00:00,0.0,0.0,297.970703125,0.8342132568359375,-1.2755889892578125,98254.671875,28.72840881347656,1.5241519043050105,26.751928329467773,26.739633560180664,-27.40625,-1.991455078125,0.0,0.0
182,central,2026-09-22T23:00:00,2026-09-22 23:00:00,0.0,0.0,297.745849609375,-0.1536102294921875,-1.105010986328125,98283.96875,29.686992645263672,1.115636761007138,28.09613545735677,27.068782488505047,20.0625,-0.224853515625,0.0,0.0
182,central,2026-09-23T00:00:00,2026-09-23 00:00:00,0.0,0.0,299.0546875,-0.31536865234375,-1.254486083984375,98310.4296875,30.12068557739257,1.293519509629277,29.51202901204427,27.66245110829671,69.4609375,1.308837890625,0.0,0.0
182,central,2026-09-23T01:00:00,2026-09-23 01:00:00,0.0,0.0,299.278564453125,-0.2105712890625,-1.1517486572265625,98349.828125,30.25710678100586,1.1708395437465515,30.021595001220703,28.38676166534424,95.15625,0.223876953125,0.0,0.0
182,central,2026-09-23T02:00:00,2026-09-23 02:00:00,0.0,0.0,300.62109375,0.250762939453125,-0.468292236328125,98416.7578125,29.892742156982425,0.5312058644333364,30.09017817179362,29.093156814575195,132.7890625,1.342529296875,0.0,0.0
182,central,2026-09-23T03:00:00,2026-09-23 03:00:00,0.0,0.0,301.477783203125,0.2935638427734375,-0.090301513671875,98486.453125,29.72029495239257,0.3071385569337385,29.95671463012696,29.734371821085613,176.0234375,0.856689453125,0.0,0.0
182,central,2026-09-23T04:00:00,2026-09-23 04:00:00,0.0,0.0,302.302978515625,0.202728271484375,0.01690673828125,98503.1484375,30.349449157714844,0.203432027612058,29.98749542236328,30.004545211791992,153.3203125,0.8251953125,0.0,0.0
182,central,2026-09-23T05:00:00,2026-09-23 05:00:00,0.0,0.0,304.616943359375,0.332305908203125,0.065948486328125,98516.21875,31.2771110534668,0.3387866872763371,30.448951721191406,30.269564946492512,99.4609375,2.31396484375,0.0,0.0
182,central,2026-09-23T06:00:00,2026-09-23 06:00:00,0.0,0.0,306.506103515625,0.4338531494140625,0.04339599609375,98443.015625,32.1565055847168,0.4360180818882052,31.261021931966145,30.60886828104655,-43.4375,1.88916015625,0.0,0.0
182,central,2026-09-23T07:00:00,2026-09-23 07:00:00,0.0,0.0,306.893798828125,0.369842529296875,0.138519287109375,98425.75,32.94715118408203,0.3949317528105322,32.126922607421875,31.05720901489257,-77.3984375,0.3876953125,0.0,0.0
185,central,2026-09-18T05:00:00,2026-09-18 05:00:00,0.0,0.0,302.90380859375,2.915597438812256,-2.1407928466796875,98674.640625,42.33681106567383,3.6171400909563216,42.66521453857422,44.1552963256836,149.625,2.279144287109375,0.0,0.0
185,central,2026-09-18T06:00:00,2026-09-18 06:00:00,0.0,0.0,304.6520080566406,2.7099976539611816,-1.8658447265625,98643.203125,42.79147338867188,3.290207262182156,42.50331751505534,43.45641390482584,50.3125,1.748199462890625,0.0,0.0
185,central,2026-09-18T07:00:00,2026-09-18 07:00:00,0.0,0.0,305.057373046875,2.513964891433716,-1.608404517173767,98610.265625,42.72452926635742,2.9844571644147138,42.61760457356771,42.97439384460449,24.40625,0.405364990234375,0.0,0.0
185,central,2026-09-18T08:00:00,2026-09-18 08:00:00,0.0,0.0,305.92559814453125,2.2526214122772217,-1.2245330810546875,98516.390625,42.79461669921875,2.563939253111725,42.770206451416016,42.71771049499512,-158.25,0.86822509765625,0.0,0.0
185,central,2026-09-18T09:00:00,2026-09-18 09:00:00,0.0,0.0,305.94219970703125,2.276785373687744,-1.1469818353652954,98458.0390625,42.51960372924805,2.5493761920313727,42.67958323160807,42.5914503733317,-185.1640625,0.0166015625,0.0,0.0
185,central,2026-09-18T10:00:00,2026-09-18 10:00:00,0.0,0.0,305.12481689453125,1.7957366704940796,-0.591564953327179,98379.546875,42.01253890991211,1.8906663597161053,42.44225311279297,42.529928843180336,-230.71875,-0.8173828125,0.0,0.0
185,central,2026-09-18T11:00:00,2026-09-18 11:00:00,0.0,0.0,305.27606201171875,1.4675995111465454,-0.0131744388490915,98326.125,41.2795295715332,1.4676586425175877,41.93722407023112,42.35371526082357,-190.265625,0.1512451171875,0.0,0.0
185,central,2026-09-18T12:00:00,2026-09-18 12:00:00,0.0,0.0,304.6393127441406,0.9016448855400084,0.0342132560908794,98355.5234375,40.58688354492188,0.9022937695189938,41.29298400878906,41.98628362019857,-102.515625,-0.636749267578125,0.0,0.0
185,central,2026-09-18T13:00:00,2026-09-18 13:00:00,0.0,0.0,303.407958984375,1.4862701892852783,0.2661895751953125,98396.484375,40.334503173828125,1.5099191917121784,40.73363876342773,41.58794593811035,16.9375,-1.231353759765625,0.0,0.0
185,central,2026-09-18T14:00:00,2026-09-18 14:00:00,0.0,0.0,302.67449951171875,1.2798583507537842,0.6313201785087585,98488.828125,40.79583740234375,1.4270958502450095,40.572408040364586,41.25481605529785,162.703125,-0.73345947265625,0.0,0.0
185,central,2026-09-18T15:00:00,2026-09-18 15:00:00,0.0,0.0,301.19110107421875,1.3952239751815796,0.429727166891098,98510.8984375,41.31705474853516,1.4599025237616854,40.815798441569015,41.05439122517904,155.375,-1.4833984375,0.0,0.0
185,central,2026-09-18T16:00:00,2026-09-18 16:00:00,0.0,0.0,301.341552734375,1.3657073974609375,0.1857543885707855,98547.2265625,41.75019836425781,1.3782820423820494,41.287696838378906,41.01066780090332,150.7421875,0.15045166015625,0.0,0.0
185,central,2026-09-18T17:00:00,2026-09-18 17:00:00,0.0,0.0,300.9658203125,1.2559967041015625,0.3326080441474914,98590.390625,41.41437911987305,1.299290510911862,41.49387741088867,41.03314272562663,101.5625,-0.375732421875,0.0,0.0
185,central,2026-09-18T18:00:00,2026-09-18 18:00:00,0.0,0.0,301.1929626464844,1.3301360607147217,0.4002502560615539,98569.796875,40.655906677246094,1.389050829700273,41.27349472045898,41.044646581014,58.8984375,0.227142333984375,0.0,0.0
185,central,2026-09-18T19:00:00,2026-09-18 19:00:00,0.0,0.0,301.0064392089844,1.338409423828125,0.2586608827114105,98580.203125,40.18782806396485,1.363174690946461,40.75270462036133,41.02020072937012,32.9765625,-0.1865234375,0.0,0.0
185,central,2026-09-18T20:00:00,2026-09-18 20:00:00,0.0,0.0,300.28662109375,1.2728484869003296,0.0916626006364822,98571.703125,39.82651519775391,1.2761447029862647,40.22341664632162,40.85864702860514,-18.6875,-0.719818115234375,0.0,0.0
185,central,2026-09-18T21:00:00,2026-09-18 21:00:00,0.0,0.0,300.035888671875,1.2016143798828125,-0.2012359648942947,98572.515625,39.4664421081543,1.2183484852488198,39.82692845662435,40.550211588541664,2.71875,-0.250732421875,0.0,0.0
185,central,2026-09-18T22:00:00,2026-09-18 22:00:00,0.0,0.0,299.359619140625,0.7952331304550171,-1.028659105300903,98565.921875,40.18022155761719,1.3002058631969555,39.82439295450846,40.2885487874349,-14.28125,-0.67626953125,0.0,0.0
185,central,2026-09-18T23:00:00,2026-09-18 23:00:00,0.0,0.0,299.1028747558594,0.435382068157196,-0.7804657220840454,98649.96875,39.779876708984375,0.8936913833203315,39.80884679158529,40.01613171895345,78.265625,-0.256744384765625,0.0,0.0
185,central,2026-09-19T00:00:00,2026-09-19 00:00:00,0.0,0.0,300.2268981933594,0.2955993711948395,-0.0038543702103197,98675.5390625,39.345794677734375,0.2956244990194532,39.76863098144531,39.79777971903483,103.0234375,1.1240234375,0.0,0.0
185,central,2026-09-19T01:00:00,2026-09-19 01:00:00,0.0,0.0,299.84246826171875,0.311938464641571,0.2018005400896072,98742.2265625,38.89707565307617,0.3715226287904921,39.34091567993164,39.58265431722005,176.3046875,-0.384429931640625,0.0,0.0
185,central,2026-09-19T02:00:00,2026-09-19 02:00:00,0.0,0.0,300.72198486328125,0.2555389404296875,-0.2009216248989105,98813.09375,38.68682098388672,0.3250686841698933,38.97656377156576,39.39270528157552,163.125,0.8795166015625,0.0,0.0
185,central,2026-09-19T03:00:00,2026-09-19 03:00:00,0.0,0.0,301.1822204589844,0.1553375273942947,-0.6190643310546875,98896.5234375,38.69622802734375,0.6382557429441281,38.76004155476888,39.26433626810709,220.984375,0.460235595703125,0.0,0.0
185,central,2026-09-19T04:00:00,2026-09-19 04:00:00,0.0,0.0,301.7666931152344,0.0356506332755088,-1.0329803228378296,98906.765625,38.89586639404297,1.0335953342692157,38.75963846842448,39.05027707417806,164.5390625,0.58447265625,0.0,0.0
185,central,2026-09-19T05:00:00,2026-09-19 05:00:00,0.0,0.0,303.5892639160156,0.0444854721426963,-1.2721741199493408,98916.375,39.25895690917969,1.272951667857283,38.95035044352213,38.963457107543945,103.28125,1.82257080078125,0.0,0.0
185,central,2026-09-19T06:00:00,2026-09-19 06:00:00,0.0,0.0,305.4926147460937,-0.128732293844223,-1.2561156749725342,98875.140625,39.517826080322266,1.2626949720301022,39.22421646118164,38.99212900797526,-21.3828125,1.903350830078068,0.0,0.0
185,central,2026-09-19T07:00:00,2026-09-19 07:00:00,0.0,0.0,305.5314025878906,-0.1512786895036697,-1.2824065685272217,98829.2890625,39.69720458984375,1.2912985126994112,39.491329193115234,39.12548383076986,-77.4765625,0.0387878417969318,0.0,0.0
185,central,2026-09-19T08:00:00,2026-09-19 08:00:00,0.0,0.0,306.2996520996094,-0.2900665402412414,-1.154669165611267,98724.421875,39.75634002685547,1.1905458747066169,39.65712356567383,39.303737004597984,-191.953125,0.76824951171875,0.0,0.0
185,central,2026-09-19T09:00:00,2026-09-19 09:00:00,0.0,0.0,305.9854431152344,-0.2611083984375,-0.9321991205215454,98663.296875,39.37638854980469,0.9680768544055472,39.60997772216797,39.417097091674805,-211.84375,-0.314208984375,0.0,0.0
185,central,2026-09-19T10:00:00,2026-09-19 10:00:00,0.0,0.0,305.380615234375,-0.3032867312431335,-1.4361541271209717,98508.953125,36.71437072753906,1.4678288449934294,38.615699768066406,39.05351448059082,-320.3359375,-0.604827880859375,0.0,0.0
185,central,2026-09-19T11:00:00,2026-09-19 11:00:00,0.0,0.0,305.8108825683594,-0.883819580078125,-0.628619372844696,98562.921875,38.9870491027832,1.0845733566915297,38.35926946004232,39.00819651285807,-161.5,0.430267333984375,0.0,0.0
185,central,2026-09-19T12:00:00,2026-09-19 12:00:00,0.0,0.0,305.5152893066406,-0.9401642084121704,0.2731140255928039,98600.5,39.762916564941406,0.9790301373067072,38.48811213175456,39.04904492696127,-62.796875,-0.29559326171875,0.0,0.0
185,central,2026-09-19T13:00:00,2026-09-19 13:00:00,0.0,0.0,305.2684631347656,-1.096612572669983,1.3084533214569092,98642.7265625,39.417930603027344,1.7072226653162428,39.38929875691732,39.00249926249186,133.7734375,-0.246826171875,0.0,0.0
185,central,2026-09-19T14:00:00,2026-09-19 14:00:00,0.0,0.0,303.9732360839844,-1.07958984375,1.156500220298767,98701.9453125,38.34846878051758,1.5820894381416135,39.176438649495445,38.76785405476888,139.0234375,-1.29522705078125,0.0,0.0
185,central,2026-09-19T15:00:00,2026-09-19 15:00:00,0.0,0.0,302.55224609375,-1.0520050525665283,1.1937652826309204,98788.5703125,37.801605224609375,1.5911600110109558,38.5226682027181,38.50539016723633,188.0703125,-1.420989990234375,0.0,0.0
185,central,2026-09-19T16:00:00,2026-09-19 16:00:00,0.0,0.0,301.85089111328125,-1.233856201171875,1.2179381847381592,98853.0703125,37.32199096679688,1.7337169743108511,37.824021657307945,38.60666020711263,210.34375,-0.70135498046875,0.0,0.0
185,central,2026-09-19T17:00:00,2026-09-19 17:00:00,0.0,0.0,300.0834045410156,-1.2967071533203125,1.204132080078125,98895.8046875,36.942413330078125,1.76957156050422,37.35533650716146,38.26588757832845,193.859375,-1.767486572265625,0.0,0.0
185,central,2026-09-19T18:00:00,2026-09-19 18:00:00,0.0,0.0,300.1224060058594,-1.264623999595642,1.1797698736190796,98894.3125,36.51435470581055,1.7294885992837472,36.92625300089518,37.72446060180664,105.7421875,0.03900146484375,0.0,0.0
185,central,2026-09-19T19:00:00,2026-09-19 19:00:00,0.0,0.0,299.98858642578125,-1.1855895519256592,1.117465257644653,98906.0625,36.60878372192383,1.6292179681301444,36.68851725260416,37.256269454956055,52.9921875,-0.133819580078125,0.0,0.0
185,central,2026-09-19T20:00:00,2026-09-19 20:00:00,0.0,0.0,299.07830810546875,-0.9374297857284546,0.9671600461006165,98880.84375,36.539039611816406,1.3469124537044874,36.55405934651693,36.9546979268392,-14.9609375,-0.9102783203125,0.0,0.0
185,central,2026-09-19T21:00:00,2026-09-19 21:00:00,0.0,0.0,298.748046875,-1.1023346185684204,0.9107513427734376,98890.21875,36.584232330322266,1.429898464807206,36.57735188802084,36.75180244445801,-4.09375,-0.33026123046875,0.0,0.0
185,central,2026-09-19T22:00:00,2026-09-19 22:00:00,0.0,0.0,298.2674255371094,-1.2300994396209717,0.022290039807558,98833.84375,39.52014923095703,1.2303013765864246,37.54780705769857,37.11816215515137,-72.21875,-0.480621337890625,0.0,0.0
185,central,2026-09-19T23:00:00,2026-09-19 23:00:00,0.0,0.0,298.34197998046875,-1.380215406417847,-0.2289703339338302,98915.8515625,40.42082595825195,1.3990789763036795,38.84173583984375,37.697897593180336,35.0078125,0.074554443359375,0.0,0.0
185,central,2026-09-20T00:00:00,2026-09-20 00:00:00,0.0,0.0,299.3201599121094,-1.357028245925903,-0.3413208127021789,98909.6015625,40.94462966918945,1.3992946642592508,40.29520161946615,38.43627675374349,19.3828125,0.978179931640625,0.0,0.0
185,central,2026-09-20T01:00:00,2026-09-20 01:00:00,0.0,0.0,299.2889709472656,-1.457605004310608,-0.3071106076240539,98959.046875,41.11647415161133,1.4896070870892577,40.827309926350914,39.18755849202474,125.203125,-0.03118896484375,0.0,0.0
185,central,2026-09-20T02:00:00,2026-09-20 02:00:00,0.0,0.0,300.37945556640625,-1.2127563953399658,-0.0920135527849197,99007.265625,41.10976409912109,1.2162419859280025,41.05695597330729,39.94934590657552,91.4140625,1.090484619140625,0.0,0.0
185,central,2026-09-20T03:00:00,2026-09-20 03:00:00,0.0,0.0,300.6498107910156,-1.0181396007537842,0.4171783328056335,99073.03125,41.60251998901367,1.1002936008109667,41.27625274658203,40.785727183024086,163.4296875,0.270355224609375,0.0,0.0
185,central,2026-09-20T04:00:00,2026-09-20 04:00:00,0.0,0.0,301.2406616210937,-1.0236419439315796,0.6713165044784546,99078.4375,42.4597282409668,1.2241358905616624,41.72400410970052,41.27565701802572,119.390625,0.5908508300780682,0.0,0.0
185,central,2026-09-20T05:00:00,2026-09-20 05:00:00,0.0,0.0,303.685546875,-1.201666235923767,0.6342193484306335,99097.5703125,43.37340545654297,1.3587626446451095,42.47855122884115,41.76775360107422,90.3046875,2.444885253906307,0.0,0.0
185,central,2026-09-20T06:00:00,2026-09-20 06:00:00,0.0,0.0,305.70172119140625,-1.218103051185608,0.5315582156181335,99083.25,44.126075744628906,1.3290331748676636,43.31973648071289,42.29799461364746,10.21875,2.01617431640625,0.0,0.0
185,central,2026-09-20T07:00:00,2026-09-20 07:00:00,0.0,0.0,305.861572265625,-0.955920398235321,0.4241760373115539,99049.9453125,44.70766067504883,1.0458054878378231,44.06904729207357,42.89652570088705,-28.4921875,0.15985107421875,0.0,0.0
185,central,2026-09-20T08:00:00,2026-09-20 08:00:00,0.0,0.0,306.6771850585937,-0.5441192388534546,0.1483978331089019,98960.2890625,45.04460906982422,0.5639926089603305,44.62611516316732,43.55233319600424,-137.28125,0.8156127929686932,0.0,0.0
185,central,2026-09-20T09:00:00,2026-09-20 09:00:00,0.0,0.0,306.89654541015625,-0.331503301858902,-0.0950561538338661,98879.7265625,45.29193115234375,0.3448624530519985,45.0147336324056,44.16723505655924,-203.5234375,0.2193603515625568,0.0,0.0
185,central,2026-09-20T10:00:00,2026-09-20 10:00:00,0.0,0.0,306.5147399902344,-0.63885498046875,0.2897705137729645,98706.359375,44.86896896362305,0.7015002756392721,45.068503061930336,44.56877517700195,-343.5859375,-0.381805419921875,0.0,0.0
185,central,2026-09-20T11:00:00,2026-09-20 11:00:00,0.0,0.0,306.4940795898437,0.276968389749527,0.621051013469696,98739.265625,46.43467330932617,0.6800116544973199,45.53185780843099,45.07898648579916,-221.0234375,-0.0206604003906818,0.0,0.0
185,central,2026-09-20T12:00:00,2026-09-20 12:00:00,0.0,0.0,306.05206298828125,0.2518951296806335,0.0799194350838661,98718.1328125,47.36598587036133,0.2642693180468505,46.22320938110352,45.61897150675456,-161.59375,-0.4420166015624431,0.0,0.0
185,central,2026-09-20T13:00:00,2026-09-20 13:00:00,0.0,0.0,305.1070861816406,0.0346466079354286,-0.7132812738418579,98744.4609375,47.520137786865234,0.7141222325728942,47.10693232218424,46.08771769205729,38.1015625,-0.944976806640625,0.0,0.0
185,central,2026-09-20T14:00:00,2026-09-20 14:00:00,0.0,0.0,304.02911376953125,-0.3393096923828125,-0.782940685749054,98825.0859375,46.68130493164063,0.8533036884639125,47.18914286295573,46.36050033569336,85.8203125,-1.077972412109375,0.0,0.0
185,central,2026-09-20T15:00:00,2026-09-20 15:00:00,0.0,0.0,302.6808166503906,-0.8268951177597046,-0.3712310791015625,98868.7734375,46.08267211914063,0.9064039109942909,46.76137161254883,46.49229049682617,150.640625,-1.348297119140625,0.0,0.0
185,central,2026-09-20T16:00:00,2026-09-20 16:00:00,0.0,0.0,303.02471923828125,-0.923291027545929,0.1341156065464019,98922.203125,45.6630973815918,0.932980877331431,46.14235814412435,46.6246452331543,177.7421875,0.343902587890625,0.0,0.0
185,central,2026-09-20T17:00:00,2026-09-20 17:00:00,0.0,0.0,301.9002380371094,-0.944927990436554,-0.0214111320674419,98932.078125,45.06339645385742,0.9451705368275471,45.60305531819662,46.39609909057617,106.9921875,-1.124481201171875,0.0,0.0
185,central,2026-09-20T18:00:00,2026-09-20 18:00:00,0.0,0.0,301.5559997558594,-0.9175812005996704,-0.2450927793979644,98924.53125,44.86943054199219,0.949750351517151,45.19864145914713,45.980006535847984,55.7578125,-0.34423828125,0.0,0.0
185,central,2026-09-20T19:00:00,2026-09-20 19:00:00,0.0,0.0,300.97589111328125,-0.9054168462753296,-0.1063903793692588,98913.5234375,44.8841552734375,0.9116460817342982,44.93899408976237,45.54067611694336,-8.6796875,-0.580108642578125,0.0,0.0
185,central,2026-09-20T20:00:00,2026-09-20 20:00:00,0.0,0.0,300.39508056640625,-0.7787628173828125,0.4138610959053039,98862.453125,45.35953140258789,0.8819027908119778,45.0377057393392,45.32038052876791,-69.625,-0.580810546875,0.0,0.0
185,central,2026-09-20T21:00:00,2026-09-20 21:00:00,0.0,0.0,300.24462890625,-0.2555206418037414,0.8494018316268921,98864.6640625,45.86974334716797,0.8870029706595773,45.37114334106445,45.2848924001058,-59.8671875,-0.15045166015625,0.0,0.0
185,central,2026-09-20T22:00:00,2026-09-20 22:00:00,0.0,0.0,299.991943359375,-0.5029693841934204,0.2244598418474197,98800.78125,44.635555267333984,0.5507816464244948,45.28827667236328,45.11363538106283,-112.7421875,-0.252685546875,0.0,0.0
185,central,2026-09-20T23:00:00,2026-09-20 23:00:00,0.0,0.0,299.76153564453125,-0.0582763664424419,-0.5703887939453125,98829.7265625,44.49578857421875,0.5733581002690394,45.00036239624024,45.01903406778971,-32.7265625,-0.23040771484375,0.0,0.0
185,central,2026-09-21T00:00:00,2026-09-21 00:00:00,0.0,0.0,300.8480529785156,-0.1138549819588661,-0.8808318972587585,98804.515625,44.52039337158203,0.8881597762482367,44.55057907104492,44.96086120605469,-60.1484375,1.086517333984375,0.0,0.0
185,central,2026-09-21T01:00:00,2026-09-21 01:00:00,0.0,0.0,300.61114501953125,-0.039959717541933,-0.9656219482421876,98806.125,44.268890380859375,0.9664484083245568,44.42835744222005,44.858317057291664,5.34375,-0.236907958984375,0.0,0.0
185,central,2026-09-21T02:00:00,2026-09-21 02:00:00,0.0,0.0,301.4852600097656,0.031158447265625,-0.9112457036972046,98844.6640625,44.10518646240234,0.9117782522864968,44.29815673828125,44.64925956726074,14.9375,0.874114990234375,0.0,0.0
185,central,2026-09-21T03:00:00,2026-09-21 03:00:00,0.0,0.0,302.0224609375,0.2169555723667144,-0.584454357624054,98870.453125,44.27791213989258,0.623423304446276,44.21732966105143,44.38395436604818,65.9375,0.537200927734375,0.0,0.0
185,central,2026-09-21T04:00:00,2026-09-21 04:00:00,0.0,0.0,302.49755859375,0.449911504983902,-0.648388683795929,98877.3359375,44.6882209777832,0.7891946829467978,44.35710652669271,44.39273198445638,71.2109375,0.47509765625,0.0,0.0
185,central,2026-09-21T05:00:00,2026-09-21 05:00:00,0.0,0.0,304.4473571777344,0.633197009563446,-0.628430187702179,98871.640625,45.31261444091797,0.8921115141816558,44.75958251953125,44.52886962890625,26.9765625,1.949798583984375,0.0,0.0
185,central,2026-09-21T06:00:00,2026-09-21 06:00:00,0.0,0.0,306.20184326171875,0.7060180902481079,-0.6358978152275085,98841.328125,45.88274383544922,0.9501723923418866,45.29452641805013,44.75592803955078,-29.125,1.754486083984375,0.0,0.0
185,central,2026-09-21T07:00:00,2026-09-21 07:00:00,0.0,0.0,306.54949951171875,0.7375854253768921,-0.665942370891571,98735.7734375,46.387840270996094,0.9937361325206494,45.86106618245443,45.10908635457357,-141.5625,0.34765625,0.0,0.0
185,central,2026-09-21T08:00:00,2026-09-21 08:00:00,0.0,0.0,307.35791015625,0.6602722406387329,-0.7354217767715454,98691.1484375,46.87394714355469,0.9883342660800088,46.38151041666666,45.57054646809896,-180.4921875,0.80841064453125,0.0,0.0
185,central,2026-09-21T09:00:00,2026-09-21 09:00:00,0.0,0.0,307.4281311035156,0.6804870367050171,-0.740490734577179,98549.671875,46.93467330932617,1.005678445189229,46.73215357462565,46.01333999633789,-291.65625,0.070220947265625,0.0,0.0
185,central,2026-09-21T10:00:00,2026-09-21 10:00:00,0.0,0.0,305.9580078125,0.470376580953598,0.0298248287290334,98418.1796875,46.33856201171875,0.4713211732123997,46.71572748819987,46.28839683532715,-317.59375,-1.470123291015625,0.0,0.0
185,central,2026-09-21T11:00:00,2026-09-21 11:00:00,0.0,0.0,306.1355895996094,0.775952160358429,-0.5013702511787415,98447.234375,46.88982772827149,0.9238365028141868,46.7210210164388,46.551265716552734,-243.9140625,0.177581787109375,0.0,0.0
185,central,2026-09-21T12:00:00,2026-09-21 12:00:00,0.0,0.0,305.8544311523437,-0.035369873046875,-1.206875562667847,98466.9765625,47.78100204467773,1.2073937434342552,47.00313059488932,46.867642084757485,-82.6953125,-0.2811584472656818,0.0,0.0
185,central,2026-09-21T13:00:00,2026-09-21 13:00:00,0.0,0.0,305.509521484375,-0.65447998046875,-1.6483123302459717,98453.328125,46.308231353759766,1.7734930456236022,46.993020375569664,46.854373931884766,35.1484375,-0.3449096679686931,0.0,0.0
185,central,2026-09-21T14:00:00,2026-09-21 14:00:00,0.0,0.0,304.9817810058594,-0.9429656863212584,-1.5369994640350342,98514.921875,45.348121643066406,1.803205933337428,46.47911834716797,46.60006968180338,67.6875,-0.527740478515625,0.0,0.0
185,central,2026-09-21T15:00:00,2026-09-21 15:00:00,0.0,0.0,303.8749084472656,-1.116369605064392,-1.1043792963027954,98562.375,44.78151321411133,1.5703294957472729,45.47928873697917,46.24120966593424,95.3984375,-1.10687255859375,0.0,0.0
185,central,2026-09-21T16:00:00,2026-09-21 16:00:00,0.0,0.0,303.0987854003906,-1.538720726966858,-0.782519519329071,98619.25,44.61762619018555,1.726267150161995,44.91575368245443,45.95438702901205,165.921875,-0.776123046875,0.0,0.0
185,central,2026-09-21T17:00:00,2026-09-21 17:00:00,0.0,0.0,301.0775451660156,-1.502679467201233,-0.615551769733429,98606.3359375,44.39916229248047,1.623868702318675,44.59943389892578,45.53927612304688,91.4140625,-2.021240234375,0.0,0.0
185,central,2026-09-21T18:00:00,2026-09-21 18:00:00,0.0,0.0,300.7997131347656,-1.5105682611465454,-0.4589172303676605,98636.8828125,44.40161895751953,1.5787404776946787,44.47280248006185,44.97604560852051,74.5078125,-0.27783203125,0.0,0.0
185,central,2026-09-21T19:00:00,2026-09-21 19:00:00,0.0,0.0,300.1739196777344,-1.46258544921875,-0.3698150515556335,98604.8984375,44.18516159057617,1.50861504984655,44.32864761352539,44.62220064798991,-14.3515625,-0.62579345703125,0.0,0.0
185,central,2026-09-21T20:00:00,2026-09-21 20:00:00,0.0,0.0,299.8243103027344,-1.4488922357559204,-0.147103875875473,98580.3671875,44.07689666748047,1.4563407091513223,44.22122573852539,44.41032981872559,-25.96875,-0.349609375,0.0,0.0
185,central,2026-09-21T21:00:00,2026-09-21 21:00:00,0.0,0.0,299.5687561035156,-1.4346191883087158,-0.1376312226057052,98573.453125,44.23401641845703,1.441205942570145,44.16535822550456,44.3190803527832,-63.4296875,-0.25555419921875,0.0,0.0
185,central,2026-09-21T22:00:00,2026-09-21 22:00:00,0.0,0.0,299.475830078125,-1.4619140625,0.0396453849971294,98522.4765625,43.43931579589844,1.4624515317393685,43.91674296061198,44.12269528706869,-82.421875,-0.092926025390625,0.0,0.0
185,central,2026-09-21T23:00:00,2026-09-21 23:00:00,0.0,0.0,299.552978515625,-1.3937591314315796,-0.1877471953630447,98556.765625,43.926177978515625,1.4063475835708612,43.866503397623696,44.04386456807455,-23.6015625,0.0771484375,0.0,0.0
185,central,2026-09-22T00:00:00,2026-09-22 00:00:00,0.0,0.0,300.92120361328125,-0.9017547369003296,-0.5202881097793579,98572.5390625,43.8958854675293,1.0410866067239362,43.75379308064779,43.95957565307617,-0.9140625,1.36822509765625,0.0,0.0
185,central,2026-09-22T01:00:00,2026-09-22 01:00:00,0.0,0.0,300.947509765625,-0.7350860834121704,-0.79730224609375,98604.2421875,43.6611213684082,1.0844548960894516,43.827728271484375,43.87223561604818,81.765625,0.02630615234375,0.0,0.0
185,central,2026-09-22T02:00:00,2026-09-22 02:00:00,0.0,0.0,301.7403869628906,-0.8269408941268921,-0.7350219488143921,98654.8984375,43.32461929321289,1.10638533414823,43.6272087097168,43.74685605367025,98.1328125,0.792877197265625,0.0,0.0
185,central,2026-09-22T03:00:00,2026-09-22 03:00:00,0.0,0.0,302.10235595703125,-0.7268951535224915,-0.1916778534650802,98691.6875,42.892066955566406,0.7517426180039729,43.2926025390625,43.52319780985514,119.1484375,0.361968994140625,0.0,0.0
185,central,2026-09-22T04:00:00,2026-09-22 04:00:00,0.0,0.0,302.5599975585937,-0.3694305419921875,0.2237976044416427,98696.796875,42.73019409179688,0.4319308892756564,42.982293446858726,43.40501085917155,92.5546875,0.4576416015624431,0.0,0.0
185,central,2026-09-22T05:00:00,2026-09-22 05:00:00,0.0,0.0,304.51904296875,0.2445495575666427,0.2258575409650802,98696.984375,42.83637619018555,0.3328905449495878,42.81954574584961,43.2233772277832,42.0859375,1.9590454101563068,0.0,0.0
185,central,2026-09-22T06:00:00,2026-09-22 06:00:00,0.0,0.0,306.39080810546875,0.9019744992256165,-0.2822387814521789,98631.7109375,43.02164840698242,0.9451014374176522,42.86273956298828,43.07767105102539,-59.9765625,1.87176513671875,0.0,0.0
185,central,2026-09-22T07:00:00,2026-09-22 07:00:00,0.0,0.0,306.5980834960937,1.120367407798767,-0.7583709955215454,98594.1640625,43.348609924316406,1.3529041707770986,43.068878173828125,43.02558581034342,-102.6328125,0.2072753906249431,0.0,0.0
185,central,2026-09-22T08:00:00,2026-09-22 08:00:00,0.0,0.0,307.5320739746094,1.1659332513809204,-1.1623687744140625,98488.890625,43.317474365234375,1.6463600804224252,43.22924423217773,43.02439498901367,-208.09375,0.9339904785156818,0.0,0.0
185,central,2026-09-22T09:00:00,2026-09-22 09:00:00,0.0,0.0,307.73785400390625,1.213354468345642,-1.4086730480194092,98404.796875,42.78291702270508,1.859190367356347,43.14966710408529,43.00620333353678,-226.9140625,0.205780029296875,0.0,0.0
185,central,2026-09-22T10:00:00,2026-09-22 10:00:00,0.0,0.0,306.501953125,1.3730590343475342,-1.2837432622909546,98280.4375,43.353736877441406,1.879704198878325,43.15137608846029,43.1101271311442,-313.7265625,-1.23590087890625,0.0,0.0
185,central,2026-09-22T11:00:00,2026-09-22 11:00:00,0.0,0.0,306.3177185058594,1.296240210533142,-1.597622632980347,98250.2890625,43.02291488647461,2.057337298746625,43.05318959554037,43.14121691385905,-238.6015625,-0.184234619140625,0.0,0.0
185,central,2026-09-22T12:00:00,2026-09-22 12:00:00,0.0,0.0,306.0068359375,0.67034912109375,-1.0346558094024658,98231.9375,41.6094970703125,1.2328343717148036,42.66204961140951,42.9058583577474,-172.859375,-0.310882568359375,0.0,0.0
185,central,2026-09-22T13:00:00,2026-09-22 13:00:00,0.0,0.0,305.66363525390625,0.653460681438446,-1.3986908197402954,98231.7890625,39.720008850097656,1.543809208228717,41.45080693562826,42.30109151204427,-48.6484375,-0.34320068359375,0.0,0.0
185,central,2026-09-22T14:00:00,2026-09-22 14:00:00,0.0,0.0,305.3556213378906,0.25689697265625,-1.156396508216858,98310.96875,37.67596435546875,1.1845880882298654,39.66849009195963,41.36083984375,60.6796875,-0.308013916015625,0.0,0.0
185,central,2026-09-22T15:00:00,2026-09-22 15:00:00,0.0,0.0,302.13153076171875,0.0795684829354286,-0.6540374755859375,98366.75,35.63939666748047,0.6588597445188705,37.67845662434896,40.170253117879234,134.8125,-3.224090576171875,0.0,0.0
185,central,2026-09-22T16:00:00,2026-09-22 16:00:00,0.0,0.0,302.0219116210937,0.3419860899448395,0.3365417420864105,98430.7109375,33.440208435058594,0.4798070756901318,35.58518981933594,38.517998377482094,198.921875,-0.1096191406250568,0.0,0.0
185,central,2026-09-22T17:00:00,2026-09-22 17:00:00,0.0,0.0,301.3482360839844,0.5469818115234375,0.805224597454071,98428.4765625,30.93084716796875,0.9734350283827534,33.3368174235026,36.50265375773112,117.5078125,-0.6736755371093182,0.0,0.0
185,central,2026-09-22T18:00:00,2026-09-22 18:00:00,0.0,0.0,300.73760986328125,0.8878387212753296,0.8283783197402954,98410.5703125,28.721172332763672,1.2142768364798726,31.030742645263672,34.35459963480631,43.8203125,-0.610626220703125,0.0,0.0
185,central,2026-09-22T19:00:00,2026-09-22 19:00:00,0.0,0.0,300.33184814453125,1.168371558189392,0.6842498779296875,98406.2734375,27.3003044128418,1.3539903963591102,28.984107971191406,32.28464889526367,-24.4375,-0.40576171875,0.0,0.0
185,central,2026-09-22T20:00:00,2026-09-22 20:00:00,0.0,0.0,299.375732421875,1.2859375476837158,0.26519775390625,98385.109375,26.630931854248047,1.3129985625352865,27.55080286661784,30.443810145060223,-43.3671875,-0.95611572265625,0.0,0.0
185,central,2026-09-22T21:00:00,2026-09-22 21:00:00,0.0,0.0,299.1000366210937,1.0848846435546875,-0.205047607421875,98364.3671875,26.719879150390625,1.1040920301905166,26.88370513916016,28.95722389221192,-46.203125,-0.2756958007813068,0.0,0.0
185,central,2026-09-22T22:00:00,2026-09-22 22:00:00,0.0,0.0,299.42578125,0.5463226437568665,-0.9927765130996704,98379.4765625,28.805362701416016,1.1331697295832748,27.38539123535156,28.184749603271484,-26.796875,0.3257446289063068,0.0,0.0
185,central,2026-09-22T23:00:00,2026-09-22 23:00:00,0.0,0.0,299.0833435058594,-0.0629852265119552,-1.110479712486267,98401.5703125,28.9256649017334,1.1122645056830434,28.15030225118001,27.85055255889893,16.4609375,-0.342437744140625,0.0,0.0
185,central,2026-09-23T00:00:00,2026-09-23 00:00:00,0.0,0.0,300.00860595703125,-0.1725952178239822,-1.428704857826233,98422.03125,28.65193557739257,1.4390923111433762,28.794321060180664,27.83901309967041,57.6640625,0.925262451171875,0.0,0.0
185,central,2026-09-23T01:00:00,2026-09-23 01:00:00,0.0,0.0,299.8133239746094,-0.2597900331020355,-1.7615143060684204,98470.828125,28.54030990600586,1.7805683114620638,28.70597012837728,28.04568068186442,91.3515625,-0.195281982421875,0.0,0.0
185,central,2026-09-23T02:00:00,2026-09-23 02:00:00,0.0,0.0,301.0003967285156,-0.1953308135271072,-1.1233704090118408,98548.7578125,28.574382781982425,1.1402259436430098,28.588876088460285,28.36958916982015,147.1875,1.18707275390625,0.0,0.0
185,central,2026-09-23T03:00:00,2026-09-23 03:00:00,0.0,0.0,301.7254333496094,-0.1476470977067947,-0.4654968380928039,98621.6484375,28.650371551513672,0.4883512790355298,28.58835474650065,28.691337903340656,199.6171875,0.72503662109375,0.0,0.0
185,central,2026-09-23T04:00:00,2026-09-23 04:00:00,0.0,0.0,302.4603881835937,-0.2242248505353927,-0.2143432646989822,98633.3515625,29.098278045654297,0.3101931957980979,28.774344126383465,28.74015712738037,162.5234375,0.7349548339843182,0.0,0.0
185,central,2026-09-23T05:00:00,2026-09-23 05:00:00,0.0,0.0,304.636474609375,-0.0794128403067588,0.0130187990143895,98639.8203125,29.861486434936523,0.08047290434279,29.203378677368164,28.896127382914223,91.0625,2.176086425781307,0.0,0.0
185,central,2026-09-23T06:00:00,2026-09-23 06:00:00,0.0,0.0,306.795166015625,0.0606109611690044,0.1760131865739822,98566.4140625,30.884632110595703,0.186156736278218,29.948132197062176,29.26824347178141,-55.234375,2.15869140625,0.0,0.0
185,central,2026-09-23T07:00:00,2026-09-23 07:00:00,0.0,0.0,307.1508178710937,0.1262878477573394,0.1539489775896072,98547.3515625,31.96550941467285,0.1991203359580992,30.903875986735027,29.83911005655925,-86.0,0.3556518554686931,0.0,0.0
188,central,2026-09-18T05:00:00,2026-09-18 05:00:00,0.0,0.0,303.5016784667969,0.3920949399471283,1.7946455478668213,99143.8828125,49.52239990234375,1.8369787925858985,48.87733840942383,48.92244720458984,156.0703125,2.143463134765625,0.0,0.0
188,central,2026-09-18T06:00:00,2026-09-18 06:00:00,0.0,0.0,304.7818298339844,0.8922458291053772,1.8943549394607544,99132.9609375,51.09654998779297,2.093963527909524,49.751609802246094,49.28726577758789,69.265625,1.2801513671875,0.0,0.0
188,central,2026-09-18T07:00:00,2026-09-18 07:00:00,0.0,0.0,305.0141906738281,1.3721245527267456,1.7957186698913574,99121.84375,52.20595169067383,2.2599405588625463,50.94163386027018,49.80049260457357,37.890625,0.23236083984375,0.0,0.0
188,central,2026-09-18T08:00:00,2026-09-18 08:00:00,0.0,0.0,305.4232788085937,1.636757731437683,0.9992082118988036,98991.0859375,52.179683685302734,1.9176529722937448,51.82739512125651,50.35236676534017,-152.796875,0.4090881347655681,0.0,0.0
188,central,2026-09-18T09:00:00,2026-09-18 09:00:00,0.0,0.0,305.3344116210937,1.853564739227295,-0.3447248637676239,98978.328125,52.69004821777344,1.8853481042519329,52.35856119791666,51.05508550008138,-154.6328125,-0.0888671875,0.0,0.0
188,central,2026-09-18T10:00:00,2026-09-18 10:00:00,0.0,0.0,303.3662109375,1.053288817405701,-1.0081448554992676,98984.0625,52.96731185913086,1.458003217603287,52.61234792073568,51.77699089050293,-137.78125,-1.9682006835936927,0.0,0.0
188,central,2026-09-18T11:00:00,2026-09-18 11:00:00,0.0,0.0,302.7488708496094,0.2353295236825943,-0.6408436894416809,98923.34375,51.88512802124024,0.6826863254920976,52.51416269938151,52.17077891031901,-67.7421875,-0.617340087890625,0.0,0.0
188,central,2026-09-18T12:00:00,2026-09-18 12:00:00,0.0,0.0,302.8735046386719,-0.3819054365158081,-0.1436513215303421,98901.3671875,50.21648406982422,0.4080287546457279,51.68964131673177,52.02410125732422,-76.9609375,0.1246337890625,0.0,0.0
188,central,2026-09-18T13:00:00,2026-09-18 13:00:00,0.0,0.0,302.8226623535156,-0.3749711811542511,0.3175133466720581,98949.0,50.14617919921875,0.4913431713284563,50.74926376342773,51.6808058420817,-35.0625,-0.05084228515625,0.0,0.0
188,central,2026-09-18T14:00:00,2026-09-18 14:00:00,0.0,0.0,301.92486572265625,-0.6452500820159912,0.5385250449180603,99064.421875,50.506256103515625,0.8404504104024474,50.28963979085287,51.40190124511719,141.078125,-0.897796630859375,0.0,0.0
188,central,2026-09-18T15:00:00,2026-09-18 15:00:00,0.0,0.0,300.0369567871094,-1.1610260009765625,0.1968061625957489,99090.453125,50.29656600952149,1.1775882304860614,50.31633377075195,51.00298754374186,189.0859375,-1.887908935546875,0.0,0.0
188,central,2026-09-18T16:00:00,2026-09-18 16:00:00,0.0,0.0,299.7393493652344,-1.265694499015808,0.1266615092754364,99118.7578125,49.98405456542969,1.272016392492962,50.2622922261556,50.505777994791664,169.7578125,-0.297607421875,0.0,0.0
188,central,2026-09-18T17:00:00,2026-09-18 17:00:00,0.0,0.0,299.7286376953125,-1.2378183603286743,0.1614057719707489,99124.09375,49.404178619384766,1.2482972868640871,49.89493306477865,50.09228642781576,59.671875,-0.010711669921875,0.0,0.0
188,central,2026-09-18T18:00:00,2026-09-18 18:00:00,0.0,0.0,299.8621826171875,-1.169625163078308,0.4872945249080658,99134.3515625,49.12335586547852,1.267074968623142,49.50386301676432,49.91009839375814,43.8984375,0.133544921875,0.0,0.0
188,central,2026-09-18T19:00:00,2026-09-18 19:00:00,0.0,0.0,299.8692626953125,-0.6826409101486206,0.7286478877067566,99142.203125,49.367820739746094,0.9984619955051144,49.29845174153646,49.78037198384603,23.4453125,0.007080078125,0.0,0.0
188,central,2026-09-18T20:00:00,2026-09-18 20:00:00,0.0,0.0,299.4305114746094,-0.6459231972694397,0.86529541015625,99144.4375,49.73606491088867,1.0797930003515712,49.40908050537109,49.65200678507487,20.34375,-0.438751220703125,0.0,0.0
188,central,2026-09-18T21:00:00,2026-09-18 21:00:00,0.0,0.0,299.54132080078125,-0.8314802646636963,0.6926659345626831,99148.8671875,49.719871520996094,1.0821947733327886,49.60791905721029,49.555891036987305,14.515625,0.110809326171875,0.0,0.0
188,central,2026-09-18T22:00:00,2026-09-18 22:00:00,0.0,0.0,299.69708251953125,-0.9593675136566162,0.2327558696269989,99138.6796875,51.92045593261719,0.9871987242219766,50.458797454833984,49.87862459818522,-3.5234375,0.15576171875,0.0,0.0
188,central,2026-09-18T23:00:00,2026-09-18 23:00:00,0.0,0.0,299.5223388671875,-1.2360806465148926,0.1857452392578125,99231.4140625,52.214988708496094,1.2499586627547397,51.28510538736979,50.347092946370445,86.9765625,-0.17474365234375,0.0,0.0
188,central,2026-09-19T00:00:00,2026-09-19 00:00:00,0.0,0.0,300.5302429199219,-1.2698737382888794,-0.0183291956782341,99260.140625,52.64262390136719,1.2700060120369447,52.25935618082682,50.93363761901856,111.2734375,1.007904052734375,0.0,0.0
188,central,2026-09-19T01:00:00,2026-09-19 01:00:00,0.0,0.0,300.65966796875,-1.6336127519607544,-0.3736335039138794,99327.9765625,52.48158264160156,1.675796114870706,52.44639841715495,51.45259793599447,189.296875,0.129425048828125,0.0,0.0
188,central,2026-09-19T02:00:00,2026-09-19 02:00:00,0.0,0.0,301.3687744140625,-1.9036407470703125,-0.5051100254058838,99406.2109375,52.20436096191406,1.969513704362564,52.44285583496094,51.86398061116537,174.796875,0.7091064453125,0.0,0.0
188,central,2026-09-19T03:00:00,2026-09-19 03:00:00,0.0,0.0,301.7527160644531,-2.5699446201324463,-0.3623369038105011,99500.90625,51.95808029174805,2.5953618981580746,52.21467463175456,52.23701540629069,240.765625,0.383941650390625,0.0,0.0
188,central,2026-09-19T04:00:00,2026-09-19 04:00:00,0.0,0.0,301.6614074707031,-2.8959248065948486,0.0259823277592659,99491.140625,51.43588638305664,2.896041361377148,51.86610921223959,52.15625381469727,163.1640625,-0.09130859375,0.0,0.0
188,central,2026-09-19T05:00:00,2026-09-19 05:00:00,0.0,0.0,302.4942626953125,-2.552563190460205,0.4125264585018158,99480.09375,50.82037353515625,2.585683066475169,51.40478006998698,51.92381795247396,73.8828125,0.832855224609375,0.0,0.0
188,central,2026-09-19T06:00:00,2026-09-19 06:00:00,0.0,0.0,304.00360107421875,-2.1591577529907227,0.7959458827972412,99443.6796875,50.51986312866211,2.301193614331881,50.925374348958336,51.570024490356445,-57.2265625,1.50933837890625,0.0,0.0
188,central,2026-09-19T07:00:00,2026-09-19 07:00:00,0.0,0.0,303.9127197265625,-1.563366413116455,1.277793049812317,99375.15625,50.39164733886719,2.0191259544192066,50.57729466756185,51.22170193990072,-115.984375,-0.09088134765625,0.0,0.0
188,central,2026-09-19T08:00:00,2026-09-19 08:00:00,0.0,0.0,303.98797607421875,-0.9629397988319396,1.7459818124771118,99263.3984375,50.48789596557617,1.993917136110565,50.46646881103516,50.93562444051107,-216.6953125,0.07525634765625,0.0,0.0
188,central,2026-09-19T09:00:00,2026-09-19 09:00:00,0.0,0.0,303.42724609375,-0.1266682893037796,1.862679362297058,99188.5390625,50.14643859863281,1.8669813234851924,50.341993967692055,50.6336841583252,-255.140625,-0.56072998046875,0.0,0.0
188,central,2026-09-19T10:00:00,2026-09-19 10:00:00,0.0,0.0,303.431396484375,0.6602766513824463,0.1799265593290329,99208.796875,46.033294677734375,0.6843528498609475,48.88920974731445,49.73325220743815,-166.359375,0.004150390625,0.0,0.0
188,central,2026-09-19T11:00:00,2026-09-19 11:00:00,0.0,0.0,303.18475341796875,-0.0336676687002182,-0.4561801552772522,99244.5703125,44.96044158935547,0.4574208630839717,47.04672495524088,48.75659688313802,-18.828125,-0.24664306640625,0.0,0.0
188,central,2026-09-19T12:00:00,2026-09-19 12:00:00,0.0,0.0,302.70867919921875,-0.5716094970703125,-0.5543382167816162,99204.1484375,42.52459335327149,0.7962589250523964,44.506109873453774,47.424051920572914,15.609375,-0.47607421875,0.0,0.0
188,central,2026-09-19T13:00:00,2026-09-19 13:00:00,0.0,0.0,302.4332275390625,-0.9891255497932434,-0.655609130859375,99222.8125,41.63151550292969,1.1866729480863594,43.03885014851888,45.96402994791666,14.015625,-0.27545166015625,0.0,0.0
188,central,2026-09-19T14:00:00,2026-09-19 14:00:00,0.0,0.0,302.1194763183594,-0.7634006142616272,-0.9780917763710022,99304.34375,41.85771179199219,1.2407433339976532,42.004606882731125,44.525665918986,59.7734375,-0.313751220703125,0.0,0.0
188,central,2026-09-19T15:00:00,2026-09-19 15:00:00,0.0,0.0,300.5524597167969,-0.7555423378944397,-0.5823414921760559,99394.75,42.65113067626953,0.9539212954226522,42.04678599039713,43.27644793192545,190.6015625,-1.5670166015625,0.0,0.0
188,central,2026-09-19T16:00:00,2026-09-19 16:00:00,0.0,0.0,300.32861328125,-0.5360480546951294,-0.7107509970664978,99451.46875,42.97715759277344,0.8902328329001651,42.49533335367838,42.76709175109863,228.65625,-0.223846435546875,0.0,0.0
188,central,2026-09-19T17:00:00,2026-09-19 17:00:00,0.0,0.0,299.48492431640625,-0.1761559396982193,-0.734344482421875,99476.46875,43.35990524291992,0.7551772864396904,42.99606450398763,42.500335693359375,172.125,-0.84368896484375,0.0,0.0
188,central,2026-09-19T18:00:00,2026-09-19 18:00:00,0.0,0.0,299.26300048828125,-0.0047064889222383,-0.6392838954925537,99484.8671875,43.72590255737305,0.6393012201412644,43.3543217976888,42.70055389404297,90.1171875,-0.221923828125,0.0,0.0
188,central,2026-09-19T19:00:00,2026-09-19 19:00:00,0.0,0.0,299.26123046875,-0.0181850865483284,-0.6523047685623169,99477.375,44.14810562133789,0.6525582031220725,43.74463780721029,43.119985580444336,25.90625,-0.00177001953125,0.0,0.0
188,central,2026-09-19T20:00:00,2026-09-19 20:00:00,0.0,0.0,298.8768310546875,-0.0555504709482193,-0.6702965497970581,99453.515625,44.60423278808594,0.6725944688238292,44.15941365559896,43.5777390797933,-22.953125,-0.3843994140625,0.0,0.0
188,central,2026-09-19T21:00:00,2026-09-19 21:00:00,0.0,0.0,298.779296875,-0.0114491777494549,-0.8941531777381897,99450.84375,45.01660919189453,0.8942264751898376,44.58964920043945,43.971985499064125,-34.0234375,-0.0975341796875,0.0,0.0
188,central,2026-09-19T22:00:00,2026-09-19 22:00:00,0.0,0.0,297.5032958984375,-0.0077904593199491,-0.9544677734375,99405.515625,46.72270965576172,0.954499566153466,45.4478505452474,44.59624417622884,-71.859375,-1.2760009765625,0.0,0.0
188,central,2026-09-19T23:00:00,2026-09-19 23:00:00,0.0,0.0,297.8332214355469,-0.0776112899184227,-1.045398235321045,99463.78125,47.39881896972656,1.0482752418783703,46.37937927246094,45.269396464029946,10.265625,0.329925537109375,0.0,0.0
188,central,2026-09-20T00:00:00,2026-09-20 00:00:00,0.0,0.0,299.1773376464844,-0.0402747243642807,-1.0347018241882324,99452.0234375,47.7327766418457,1.035485354025384,47.28476842244466,45.937208811442055,1.1796875,1.3441162109375,0.0,0.0
188,central,2026-09-20T01:00:00,2026-09-20 01:00:00,0.0,0.0,299.1614074707031,0.1899210661649704,-0.7934604287147522,99490.2890625,47.95561981201172,0.8158734358400433,47.69573847452799,46.571794509887695,84.7734375,-0.01593017578125,0.0,0.0
188,central,2026-09-20T02:00:00,2026-09-20 02:00:00,0.0,0.0,300.1568603515625,0.2819485068321228,-0.2168833464384079,99539.234375,48.514190673828125,0.3557152603799646,48.06752904256185,47.22345415751139,75.453125,0.995452880859375,0.0,0.0
188,central,2026-09-20T03:00:00,2026-09-20 03:00:00,0.0,0.0,300.72515869140625,0.3683403730392456,-0.1009640172123909,99621.6953125,49.11549758911133,0.3819271699975724,48.528436024983726,47.9066022237142,169.671875,0.56829833984375,0.0,0.0
188,central,2026-09-20T04:00:00,2026-09-20 04:00:00,0.0,0.0,301.30633544921875,0.1273345947265625,-0.2734968364238739,99628.7890625,49.68907165527344,0.301686291614394,49.10625330607096,48.40099589029948,138.5,0.5811767578125,0.0,0.0
188,central,2026-09-20T05:00:00,2026-09-20 05:00:00,0.0,0.0,303.2354736328125,-0.2399258017539978,-0.3897823691368103,99639.5703125,50.33725357055664,0.4577058942565666,49.713940938313804,48.89073499043783,100.3359375,1.92913818359375,0.0,0.0
188,central,2026-09-20T06:00:00,2026-09-20 06:00:00,0.0,0.0,305.6390686035156,-0.95892333984375,-0.2459157258272171,99670.8671875,51.284889221191406,0.9899537948339908,50.43707148234049,49.48275375366211,49.171875,2.403594970703125,0.0,0.0
188,central,2026-09-20T07:00:00,2026-09-20 07:00:00,0.0,0.0,306.1089782714844,-1.1210463047027588,-0.1617397665977478,99619.40625,51.76360321044922,1.132653772953944,51.12858200073242,50.117417653401695,-9.3828125,0.46990966796875,0.0,0.0
188,central,2026-09-20T08:00:00,2026-09-20 08:00:00,0.0,0.0,306.750244140625,-0.5295359492301941,-0.1186811625957489,99500.1796875,51.82334518432617,0.5426725899492265,51.62394587198893,50.66894340515137,-139.390625,0.641265869140625,0.0,0.0
188,central,2026-09-20T09:00:00,2026-09-20 09:00:00,0.0,0.0,306.84149169921875,-0.0658348947763443,-0.4889797568321228,99413.21875,52.01792907714844,0.4933917672213575,51.86829249064128,51.15268198649088,-257.6484375,0.09124755859375,0.0,0.0
188,central,2026-09-20T10:00:00,2026-09-20 10:00:00,0.0,0.0,305.4647827148437,-0.1013115793466568,0.6499701738357544,99264.8046875,49.57895278930664,0.6578185638804933,51.14007568359375,51.134328842163086,-354.6015625,-1.3767089843750568,0.0,0.0
188,central,2026-09-20T11:00:00,2026-09-20 11:00:00,0.0,0.0,305.5684509277344,0.7707400918006897,-0.7149081826210022,99222.0859375,49.11036682128906,1.051253536825156,50.23574956258138,50.92984771728516,-278.09375,0.1036682128906818,0.0,0.0
188,central,2026-09-20T12:00:00,2026-09-20 12:00:00,0.0,0.0,305.2281494140625,0.6054975986480713,-0.8967081904411316,99210.859375,49.44293975830078,1.0819948801971244,49.37741978963216,50.62285614013672,-202.359375,-0.340301513671875,0.0,0.0
188,central,2026-09-20T13:00:00,2026-09-20 13:00:00,0.0,0.0,305.0869445800781,0.1781361848115921,-0.2305772602558136,99267.8203125,49.91783905029297,0.2913732542398271,49.4903818766276,50.31522878011068,3.015625,-0.141204833984375,0.0,0.0
188,central,2026-09-20T14:00:00,2026-09-20 14:00:00,0.0,0.0,303.3583984375,-0.0690188929438591,0.6521504521369934,99369.734375,50.11819839477539,0.6557925127703738,49.82632573445638,50.03103764851888,147.6484375,-1.728546142578125,0.0,0.0
188,central,2026-09-20T15:00:00,2026-09-20 15:00:00,0.0,0.0,301.8453369140625,-0.1148291677236557,1.080700397491455,99419.5078125,49.96757125854492,1.0867838271240038,50.00120290120443,49.6893113454183,208.6484375,-1.5130615234375,0.0,0.0
188,central,2026-09-20T16:00:00,2026-09-20 16:00:00,0.0,0.0,301.94342041015625,0.0430501289665699,1.238455891609192,99472.2421875,49.864051818847656,1.239203901327605,49.98327382405599,49.7368278503418,204.421875,0.09808349609375,0.0,0.0
188,central,2026-09-20T17:00:00,2026-09-20 17:00:00,0.0,0.0,301.1187438964844,-0.0528055839240551,1.1074082851409912,99493.2734375,49.72463607788086,1.1086665592920495,49.85208638509115,49.839206059773765,123.5390625,-0.824676513671875,0.0,0.0
188,central,2026-09-20T18:00:00,2026-09-20 18:00:00,0.0,0.0,300.8027038574219,-0.2761315107345581,0.9537353515625,99481.96875,49.78436279296875,0.9929046943390866,49.79101689656576,49.89610989888509,62.4609375,-0.3160400390625,0.0,0.0
188,central,2026-09-20T19:00:00,2026-09-20 19:00:00,0.0,0.0,300.7413635253906,-0.7122310996055603,0.7025722861289978,99461.65625,50.02729797363281,1.000440381273103,49.84543228149414,49.91435305277506,-10.5859375,-0.06134033203125,0.0,0.0
188,central,2026-09-20T20:00:00,2026-09-20 20:00:00,0.0,0.0,300.1514587402344,-0.8945397138595581,0.204681396484375,99408.65625,50.13101577758789,0.9176577650402868,49.98089218139648,49.91648928324381,-84.6171875,-0.58990478515625,0.0,0.0
188,central,2026-09-20T21:00:00,2026-09-20 21:00:00,0.0,0.0,299.9195556640625,-0.6850128173828125,-0.2208455353975296,99391.265625,50.23484802246094,0.7197328049239939,50.13105392456055,49.96103541056315,-90.703125,-0.231903076171875,0.0,0.0
188,central,2026-09-20T22:00:00,2026-09-20 22:00:00,0.0,0.0,299.33416748046875,-1.282526612281799,-0.2968292236328125,99335.5546875,49.80595397949219,1.3164277797180848,50.057272593180336,49.95135243733724,-126.1015625,-0.58538818359375,0.0,0.0
188,central,2026-09-20T23:00:00,2026-09-20 23:00:00,0.0,0.0,299.25250244140625,-0.9493137001991272,-0.8145294189453125,99367.546875,49.79847717285156,1.2508615733617956,49.94642639160156,49.96365928649902,-41.109375,-0.0816650390625,0.0,0.0
188,central,2026-09-21T00:00:00,2026-09-21 00:00:00,0.0,0.0,300.5770263671875,-0.4206475019454956,-1.1106278896331787,99320.0546875,49.7824592590332,1.1876188909427274,49.79563013712565,49.9633420308431,-71.2109375,1.32452392578125,0.0,0.0
188,central,2026-09-21T01:00:00,2026-09-21 01:00:00,0.0,0.0,300.8297424316406,-0.2645907998085022,-1.39845609664917,99340.2578125,49.92036437988281,1.4232665757329284,49.83376693725586,49.9455197652181,4.703125,0.252716064453125,0.0,0.0
188,central,2026-09-21T02:00:00,2026-09-21 02:00:00,0.0,0.0,301.5827331542969,-0.3488328754901886,-0.9236806035041808,99367.953125,50.05036926269531,0.987355170297194,49.917730967203774,49.93207867940267,0.40625,0.75299072265625,0.0,0.0
188,central,2026-09-21T03:00:00,2026-09-21 03:00:00,0.0,0.0,303.7501220703125,-0.7466294765472412,-0.3809170126914978,99397.6484375,50.26775360107422,0.8381845535483353,50.07949574788412,49.93756294250488,77.59375,2.167388916015625,0.0,0.0
188,central,2026-09-21T04:00:00,2026-09-21 04:00:00,0.0,0.0,303.94244384765625,-1.349719524383545,0.5639377236366272,99399.5390625,50.85388946533203,1.462794773931943,50.39067077636719,50.11221885681152,59.28125,0.19232177734375,0.0,0.0
188,central,2026-09-21T05:00:00,2026-09-21 05:00:00,0.0,0.0,304.8114624023437,-1.3867899179458618,1.3119778633117676,99404.0,51.626461029052734,1.909050075387338,50.91603469848633,50.416882832845054,36.046875,0.8690185546874432,0.0,0.0
188,central,2026-09-21T06:00:00,2026-09-21 06:00:00,0.0,0.0,306.0364074707031,-1.0428534746170044,1.4226090908050537,99370.5703125,52.5041389465332,1.763904757848887,51.66149648030599,50.870496114095054,-27.078125,1.2249450683594318,0.0,0.0
188,central,2026-09-21T07:00:00,2026-09-21 07:00:00,0.0,0.0,306.1969909667969,-0.73175048828125,1.3281114101409912,99270.7734375,53.494049072265625,1.5163570472835677,52.54154968261719,51.46611022949219,-128.765625,0.16058349609375,0.0,0.0
188,central,2026-09-21T08:00:00,2026-09-21 08:00:00,0.0,0.0,307.0616760253906,-0.3851487934589386,1.0143178701400757,99226.3515625,54.40532684326172,1.084979416757929,53.46783828735352,52.19193649291992,-177.6484375,0.86468505859375,0.0,0.0
188,central,2026-09-21T09:00:00,2026-09-21 09:00:00,0.0,0.0,307.2547607421875,0.0440504290163517,0.4381985068321228,99062.5625,54.16336441040039,0.4404070522669075,54.02091344197592,52.84120496114095,-308.0078125,0.193084716796875,0.0,0.0
188,central,2026-09-21T10:00:00,2026-09-21 10:00:00,0.0,0.0,305.0662841796875,-0.7359602451324463,-0.3182220458984375,98986.5546875,51.364253997802734,0.8018121680987372,53.31098175048828,52.926265716552734,-284.21875,-2.1884765625,0.0,0.0
188,central,2026-09-21T11:00:00,2026-09-21 11:00:00,0.0,0.0,305.0413818359375,-0.9042561650276184,-0.7151505947113037,98979.0859375,50.7391357421875,1.1528744880108963,52.08891805013021,52.77837816874186,-247.265625,-0.02490234375,0.0,0.0
188,central,2026-09-21T12:00:00,2026-09-21 12:00:00,0.0,0.0,304.1666259765625,-0.2074618935585022,-0.5542280673980713,98991.5078125,50.18564987182617,0.5917847480044415,50.7630132039388,52.39196332295736,-71.0546875,-0.874755859375,0.0,0.0
188,central,2026-09-21T13:00:00,2026-09-21 13:00:00,0.0,0.0,303.7313232421875,0.0543958880007267,-0.8937767744064331,99002.2578125,49.70045852661133,0.8954305305827781,50.208414713541664,51.759698232014976,15.703125,-0.435302734375,0.0,0.0
188,central,2026-09-21T14:00:00,2026-09-21 14:00:00,0.0,0.0,303.0047607421875,0.0582495778799057,-1.2256063222885132,99093.7265625,50.026851654052734,1.2269897597603503,49.97098668416341,51.02995236714681,114.640625,-0.7265625,0.0,0.0
188,central,2026-09-21T15:00:00,2026-09-21 15:00:00,0.0,0.0,301.8026733398437,-0.1930406391620636,-1.28877592086792,99179.0234375,50.01810073852539,1.3031531232272948,49.91513697306315,50.33907508850098,187.515625,-1.2020874023438068,0.0,0.0
188,central,2026-09-21T16:00:00,2026-09-21 16:00:00,0.0,0.0,301.8062744140625,-0.7631564736366272,-1.0023329257965088,99202.1875,49.400611877441406,1.2597932756564791,49.81518809000651,50.011801401774086,199.9296875,0.0036010742188068,0.0,0.0
188,central,2026-09-21T17:00:00,2026-09-21 17:00:00,0.0,0.0,300.7401123046875,-1.2441507577896118,-0.2210422158241272,99188.515625,48.46617889404297,1.2636339538350911,49.29496383666992,49.63297526041666,94.7890625,-1.066162109375,0.0,0.0
188,central,2026-09-21T18:00:00,2026-09-21 18:00:00,0.0,0.0,300.7986755371094,-1.286110758781433,0.2315775603055954,99198.65625,47.91090393066406,1.3067934229595912,48.59256490071615,49.25385093688965,19.6328125,0.058563232421875,0.0,0.0
188,central,2026-09-21T19:00:00,2026-09-21 19:00:00,0.0,0.0,300.3108215332031,-1.2992825508117676,0.0790998637676239,99153.0078125,47.48112487792969,1.301688109837372,47.952735900878906,48.88396199544271,-49.1796875,-0.48785400390625,0.0,0.0
188,central,2026-09-21T20:00:00,2026-09-21 20:00:00,0.0,0.0,299.8121337890625,-1.04984712600708,-0.5380977988243103,99130.3046875,47.359493255615234,1.1797153169662984,47.583840688069664,48.43940226236979,-58.2109375,-0.498687744140625,0.0,0.0
188,central,2026-09-21T21:00:00,2026-09-21 21:00:00,0.0,0.0,299.93511962890625,-0.7691243290901184,-0.6995018720626831,99110.5625,47.25146484375,1.039641814577272,47.36402765909831,47.97829627990723,-88.09375,0.12298583984375,0.0,0.0
188,central,2026-09-21T22:00:00,2026-09-21 22:00:00,0.0,0.0,299.5604553222656,-1.1286892890930176,0.0133650042116642,99079.2109375,47.23554229736328,1.1287684149775272,47.28216679890951,47.6174513498942,-73.796875,-0.374664306640625,0.0,0.0
188,central,2026-09-21T23:00:00,2026-09-21 23:00:00,0.0,0.0,299.9407958984375,-1.2170664072036743,0.1621008962392807,99077.53125,47.03724670410156,1.2278140494819392,47.17475128173828,47.37929598490397,-52.7734375,0.380340576171875,0.0,0.0
188,central,2026-09-22T00:00:00,2026-09-22 00:00:00,0.0,0.0,301.4486083984375,-0.7366722822189331,-0.1550971120595932,99087.4453125,47.028656005859375,0.752822134078746,47.10048166910807,47.23225466410319,-23.1171875,1.5078125,0.0,0.0
188,central,2026-09-22T01:00:00,2026-09-22 01:00:00,0.0,0.0,301.4687805175781,-0.0135582815855741,-0.5382961630821228,99137.46875,47.13056564331055,0.5384668849506802,47.06548945109049,47.173828125,58.2578125,0.020172119140625,0.0,0.0
188,central,2026-09-22T02:00:00,2026-09-22 02:00:00,0.0,0.0,302.5444641113281,0.1533542275428772,-0.5685288906097412,99187.296875,47.19471740722656,0.5888485531638977,47.11797968546549,47.14636548360189,109.765625,1.07568359375,0.0,0.0
188,central,2026-09-22T03:00:00,2026-09-22 03:00:00,0.0,0.0,302.8819580078125,0.3922237753868103,-0.5608401894569397,99249.9609375,47.231388092041016,0.6843838163551057,47.18555704752604,47.143019358317055,162.515625,0.337493896484375,0.0,0.0
188,central,2026-09-22T04:00:00,2026-09-22 04:00:00,0.0,0.0,303.2884521484375,0.8307647705078125,-0.5472310185432434,99227.6875,47.10619354248047,0.9948024384634238,47.177433013916016,47.12146123250326,90.21875,0.406494140625,0.0,0.0
188,central,2026-09-22T05:00:00,2026-09-22 05:00:00,0.0,0.0,304.4469909667969,1.2125617265701294,-0.6816728115081787,99191.3203125,47.01228713989258,1.3910369379323462,47.11662292480469,47.11730130513509,4.0234375,1.158538818359375,0.0,0.0
188,central,2026-09-22T06:00:00,2026-09-22 06:00:00,0.0,0.0,306.0042419433594,1.476540446281433,-0.6535712480545044,99126.3125,47.09369659423828,1.6147219778613582,47.070725758870445,47.12814140319824,-123.6484375,1.5572509765625,0.0,0.0
188,central,2026-09-22T07:00:00,2026-09-22 07:00:00,0.0,0.0,306.5294189453125,1.7165696620941162,-0.5040740966796875,99062.8984375,47.26089096069336,1.789050614087078,47.122291564941406,47.14986228942871,-164.7890625,0.525177001953125,0.0,0.0
188,central,2026-09-22T08:00:00,2026-09-22 08:00:00,0.0,0.0,307.3026428222656,2.016020059585572,-0.4463314414024353,98947.4296875,47.39173889160156,2.064836225039601,47.24877548217773,47.18269920349121,-243.890625,0.773223876953125,0.0,0.0
188,central,2026-09-22T09:00:00,2026-09-22 09:00:00,0.0,0.0,307.1571960449219,2.302178382873535,-0.3686557412147522,98847.9296875,47.437950134277344,2.331508602193181,47.36352666219076,47.2171262105306,-278.3828125,-0.14544677734375,0.0,0.0
188,central,2026-09-22T10:00:00,2026-09-22 10:00:00,0.0,0.0,306.1178283691406,2.170823812484741,0.0383487269282341,98726.5703125,46.09974670410156,2.171162511123431,46.97647857666016,47.04938507080078,-336.328125,-1.03936767578125,0.0,0.0
188,central,2026-09-22T11:00:00,2026-09-22 11:00:00,0.0,0.0,305.9765319824219,1.8624945878982544,-0.4989030659198761,98723.0859375,46.61753463745117,1.9281572444006063,46.71841049194336,46.98359298706055,-224.34375,-0.14129638671875,0.0,0.0
188,central,2026-09-22T12:00:00,2026-09-22 12:00:00,0.0,0.0,305.3761901855469,1.3184610605239868,-0.4767998456954956,98759.828125,47.21817779541016,1.4020262697158297,46.6451530456543,47.00433985392253,-88.1015625,-0.600341796875,0.0,0.0
188,central,2026-09-22T13:00:00,2026-09-22 13:00:00,0.0,0.0,304.9197998046875,1.4030050039291382,0.1299116313457489,98824.0546875,47.06197738647461,1.409006768262351,46.96589660644531,46.971187591552734,97.484375,-0.456390380859375,0.0,0.0
188,central,2026-09-22T14:00:00,2026-09-22 14:00:00,0.0,0.0,303.9947509765625,0.4506903886795044,0.447509765625,98891.4140625,46.76493835449219,0.6351274020051608,47.01503117879232,46.86672083536784,168.328125,-0.925048828125,0.0,0.0
188,central,2026-09-22T15:00:00,2026-09-22 15:00:00,0.0,0.0,302.1379699707031,-0.0456051304936409,0.3971778154373169,98938.3984375,46.09899139404297,0.3997874998082123,46.64196904500326,46.64356104532877,178.5703125,-1.856781005859375,0.0,0.0
188,central,2026-09-22T16:00:00,2026-09-22 16:00:00,0.0,0.0,301.9205017089844,-0.5670199990272522,0.1290113627910614,98986.8671875,46.1551399230957,0.581511488301024,46.33968989054362,46.65279324849447,162.8125,-0.21746826171875,0.0,0.0
188,central,2026-09-22T17:00:00,2026-09-22 17:00:00,0.0,0.0,301.7106018066406,-1.03385591506958,-0.2770453691482544,98992.78125,46.49681854248047,1.0703327471823196,46.25031661987305,46.63267389933268,101.3671875,-0.20989990234375,0.0,0.0
188,central,2026-09-22T18:00:00,2026-09-22 18:00:00,0.0,0.0,301.4384155273437,-1.190112590789795,-0.3049333393573761,99003.921875,46.73228454589844,1.2285570073089969,46.4614143371582,46.55169169108073,65.5234375,-0.2721862792969318,0.0,0.0
188,central,2026-09-22T19:00:00,2026-09-22 19:00:00,0.0,0.0,301.5506591796875,-1.2255520820617676,-0.2986060380935669,98990.5234375,46.54383850097656,1.2614053558756877,46.59098052978516,46.46533521016439,3.65625,0.1122436523438068,0.0,0.0
188,central,2026-09-22T20:00:00,2026-09-22 20:00:00,0.0,0.0,300.83709716796875,-1.2670356035232544,-0.3183525800704956,98950.6796875,46.01309585571289,1.3064178450377502,46.42973963419596,46.34002812703451,-42.1015625,-0.71356201171875,0.0,0.0
188,central,2026-09-22T21:00:00,2026-09-22 21:00:00,0.0,0.0,300.46649169921875,-1.151117920875549,-0.3558722734451294,98925.75,45.97109603881836,1.2048724176309509,46.17601013183594,46.31871223449707,-78.171875,-0.37060546875,0.0,0.0
188,central,2026-09-22T22:00:00,2026-09-22 22:00:00,0.0,0.0,299.9822082519531,-0.7832997441291809,-0.5998077392578125,98906.671875,44.9189453125,0.9865737748523464,45.634379069010414,46.11267979939779,-83.8515625,-0.484283447265625,0.0,0.0
188,central,2026-09-22T23:00:00,2026-09-22 23:00:00,0.0,0.0,299.8734436035156,-0.4813011884689331,-0.6981099247932434,98898.0859375,44.14988327026367,0.8479435718940473,45.01330820719401,45.721523920694985,-52.59375,-0.1087646484375,0.0,0.0
188,central,2026-09-23T00:00:00,2026-09-23 00:00:00,0.0,0.0,301.0798645019531,-0.1358981728553772,-0.3981492817401886,98918.875,44.01999282836914,0.4207031779481325,44.3629404703776,45.26947530110677,-6.875,1.2064208984375,0.0,0.0
188,central,2026-09-23T01:00:00,2026-09-23 01:00:00,0.0,0.0,301.27508544921875,-0.0363091379404068,-0.3697391152381897,98990.6015625,44.56071090698242,0.3715176534635935,44.24352900187174,44.93895403544108,83.9296875,0.195220947265625,0.0,0.0
188,central,2026-09-23T02:00:00,2026-09-23 02:00:00,0.0,0.0,301.6885986328125,-0.4747144877910614,-0.3171420693397522,99093.9765625,45.54682159423828,0.5709053661193157,44.70917510986328,44.86124165852865,195.890625,0.41351318359375,0.0,0.0
188,central,2026-09-23T03:00:00,2026-09-23 03:00:00,0.0,0.0,302.0157470703125,-1.156848430633545,-0.0847676619887352,99195.453125,46.64347457885742,1.15994993339296,45.58366902669271,44.97330474853516,276.578125,0.3271484375,0.0,0.0
188,central,2026-09-23T04:00:00,2026-09-23 04:00:00,0.0,0.0,302.3563537597656,-1.8349236249923704,0.3181220293045044,99212.03125,47.31755065917969,1.86229598482195,46.50261561075846,45.3730723063151,221.4296875,0.340606689453125,0.0,0.0
188,central,2026-09-23T05:00:00,2026-09-23 05:00:00,0.0,0.0,303.84698486328125,-2.400115966796875,0.733917236328125,99229.0,48.260833740234375,2.509818950413119,47.40728632609049,46.05823071797689,135.0234375,1.490631103515625,0.0,0.0
188,central,2026-09-23T06:00:00,2026-09-23 06:00:00,0.0,0.0,305.9796142578125,-2.5227441787719727,0.9904446005821228,99157.015625,48.48680114746094,2.7102063940501204,48.021728515625,46.80269877115885,-38.4375,2.13262939453125,0.0,0.0
188,central,2026-09-23T07:00:00,2026-09-23 07:00:00,0.0,0.0,306.346923828125,-2.51058292388916,0.550628662109375,99119.859375,48.42457962036133,2.570256512735685,48.39073816935221,47.446676890055336,-92.171875,0.3673095703125,0.0,0.0
189,central,2026-09-18T05:00:00,2026-09-18 05:00:00,0.0,0.0,302.7666015625,2.0404510498046875,-0.9877166748046876,98765.4375,42.26561737060547,2.266941709955569,42.76049296061198,43.4118226369222,162.125,2.384033203125,0.0,0.0
189,central,2026-09-18T06:00:00,2026-09-18 06:00:00,0.0,0.0,304.329345703125,1.97015380859375,-0.7681884765625,98736.40625,41.92906951904297,2.11462043048862,42.30644098917643,43.01398150126139,58.7109375,1.562744140625,0.0,0.0
189,central,2026-09-18T07:00:00,2026-09-18 07:00:00,0.0,0.0,304.871826171875,2.006103515625,-0.602203369140625,98721.8125,41.77404022216797,2.094540573301769,41.9895757039388,42.618598302205406,37.25,0.54248046875,0.0,0.0
189,central,2026-09-18T08:00:00,2026-09-18 08:00:00,0.0,0.0,305.6787109375,1.9142913818359373,-0.3192596435546875,98607.4453125,41.5267448425293,1.940731360743678,41.74328486124674,42.25188891092936,-157.9921875,0.806884765625,0.0,0.0
189,central,2026-09-18T09:00:00,2026-09-18 09:00:00,0.0,0.0,305.8310546875,2.2220001220703125,-0.2186126708984375,98552.6875,40.974876403808594,2.232728385262711,41.42522048950195,41.8658307393392,-183.71875,0.15234375,0.0,0.0
189,central,2026-09-18T10:00:00,2026-09-18 10:00:00,0.0,0.0,305.30078125,1.3244476318359375,0.48065185546875,98531.203125,40.87416076660156,1.408966903671401,41.12526067097982,41.55741818745931,-190.609375,-0.5302734375,0.0,0.0
189,central,2026-09-18T11:00:00,2026-09-18 11:00:00,0.0,0.0,305.49560546875,1.0253143310546875,-0.0626373291015625,98448.375,40.067909240722656,1.027225833233909,40.63898213704427,41.19113349914551,-159.0703125,0.19482421875,0.0,0.0
189,central,2026-09-18T12:00:00,2026-09-18 12:00:00,0.0,0.0,304.834716796875,0.4243011474609375,-0.4389801025390625,98483.921875,40.88922882080078,0.610520265152496,40.610432942708336,41.01782671610514,-68.765625,-0.660888671875,0.0,0.0
189,central,2026-09-18T13:00:00,2026-09-18 13:00:00,0.0,0.0,303.992431640625,0.3326568603515625,-0.6407928466796875,98531.890625,40.50354766845703,0.72199450073724,40.48689524332682,40.80607795715332,0.6875,-0.84228515625,0.0,0.0
189,central,2026-09-18T14:00:00,2026-09-18 14:00:00,0.0,0.0,302.9267578125,0.0875244140625,-0.6658477783203125,98622.171875,39.0056037902832,0.6715756003244012,40.13279342651367,40.38588778177897,173.796875,-1.065673828125,0.0,0.0
189,central,2026-09-18T15:00:00,2026-09-18 15:00:00,0.0,0.0,300.75,-0.2833404541015625,-0.5843353271484375,98640.8984375,37.671836853027344,0.6494071045839821,39.06032943725586,39.835381189982094,156.9765625,-2.1767578125,0.0,0.0
189,central,2026-09-18T16:00:00,2026-09-18 16:00:00,0.0,0.0,300.729248046875,-0.3339996337890625,-0.42205810546875,98674.421875,37.42724990844727,0.5382274609894021,38.034896850585945,39.26089604695638,142.53125,-0.020751953125,0.0,0.0
189,central,2026-09-18T17:00:00,2026-09-18 17:00:00,0.0,0.0,300.146484375,-0.5740814208984375,-0.0330657958984375,98725.484375,37.83088302612305,0.5750328900847029,37.64332326253256,38.88805834452311,103.3125,-0.582763671875,0.0,0.0
189,central,2026-09-18T18:00:00,2026-09-18 18:00:00,0.0,0.0,300.1767578125,-0.7813873291015625,0.216705322265625,98715.296875,37.562644958496094,0.8108806045150679,37.60692596435547,38.333627700805664,74.3984375,0.0302734375,0.0,0.0
189,central,2026-09-18T19:00:00,2026-09-18 19:00:00,0.0,0.0,300.14697265625,-0.813690185546875,0.225067138671875,98724.453125,37.412635803222656,0.8442434097849109,37.60205459594727,37.8184757232666,50.03125,-0.02978515625,0.0,0.0
189,central,2026-09-18T20:00:00,2026-09-18 20:00:00,0.0,0.0,299.26318359375,-0.7018585205078125,0.19927978515625,98724.6015625,37.78901672363281,0.7296011345806259,37.58809916178385,37.6157112121582,-0.8828125,-0.8837890625,0.0,0.0
189,central,2026-09-18T21:00:00,2026-09-18 21:00:00,0.0,0.0,299.043701171875,-0.6240692138671875,-0.0559234619140625,98731.0625,38.243690490722656,0.6265698822072946,37.81511433919271,37.711020151774086,15.765625,-0.219482421875,0.0,0.0
189,central,2026-09-18T22:00:00,2026-09-18 22:00:00,0.0,0.0,298.633544921875,-0.697052001953125,-0.5117645263671875,98725.625,40.50053405761719,0.8647452942194546,38.84441375732422,38.22323417663574,1.171875,-0.41015625,0.0,0.0
189,central,2026-09-18T23:00:00,2026-09-18 23:00:00,0.0,0.0,298.628173828125,-0.975799560546875,-0.4128875732421875,98803.46875,40.717864990234375,1.0595569500981517,39.82069651285807,38.70439783732096,78.8671875,-0.00537109375,0.0,0.0
189,central,2026-09-19T00:00:00,2026-09-19 00:00:00,0.0,0.0,299.466064453125,-1.240142822265625,-0.1970672607421875,98828.890625,40.79003143310547,1.2557028808095403,40.66947682698568,39.2422955830892,97.828125,0.837890625,0.0,0.0
189,central,2026-09-19T01:00:00,2026-09-19 01:00:00,0.0,0.0,299.71826171875,-1.5511474609375,0.073577880859375,98903.171875,41.01250457763672,1.5528915448686715,40.84013366699219,39.8422737121582,177.546875,0.252197265625,0.0,0.0
189,central,2026-09-19T02:00:00,2026-09-19 02:00:00,0.0,0.0,300.5087890625,-2.1077423095703125,0.298736572265625,98976.34375,41.27656936645508,2.128807455633743,41.02636845906576,40.42353248596192,172.875,0.79052734375,0.0,0.0
189,central,2026-09-19T03:00:00,2026-09-19 03:00:00,0.0,0.0,301.130859375,-2.423812866210937,0.2974395751953125,99065.625,41.4680061340332,2.441994904028681,41.252360026041664,40.96091842651367,236.734375,0.6220703125,0.0,0.0
189,central,2026-09-19T04:00:00,2026-09-19 04:00:00,0.0,0.0,301.8056640625,-2.453704833984375,0.3518829345703125,99066.859375,41.35309600830078,2.478807982067208,41.36589050292969,41.10301208496094,163.6875,0.6748046875,0.0,0.0
189,central,2026-09-19T05:00:00,2026-09-19 05:00:00,0.0,0.0,303.4501953125,-2.1113739013671875,0.446868896484375,99070.7265625,41.35661315917969,2.158145398720777,41.392571767171226,41.20947011311849,94.3828125,1.64453125,0.0,0.0
189,central,2026-09-19T06:00:00,2026-09-19 06:00:00,0.0,0.0,304.964111328125,-1.7582244873046875,0.76605224609375,99030.59375,41.53364562988281,1.917860628800516,41.41445159912109,41.33340581258138,-35.03125,1.513916015625,0.0,0.0
189,central,2026-09-19T07:00:00,2026-09-19 07:00:00,0.0,0.0,304.978271484375,-1.1153411865234375,1.0903472900390625,98971.984375,41.48529052734375,1.5597574091027864,41.458516438802086,41.41220347086588,-94.875,0.01416015625,0.0,0.0
189,central,2026-09-19T08:00:00,2026-09-19 08:00:00,0.0,0.0,305.404052734375,-0.5325469970703125,1.302947998046875,98856.3671875,41.24755096435547,1.4075794079564274,41.42216237386068,41.40736707051595,-214.359375,0.42578125,0.0,0.0
189,central,2026-09-19T09:00:00,2026-09-19 09:00:00,0.0,0.0,304.7666015625,-0.0260009765625,0.9781036376953124,98800.59375,41.118770599365234,0.9784491692750352,41.28387069702149,41.34916114807129,-230.0,-0.637451171875,0.0,0.0
189,central,2026-09-19T10:00:00,2026-09-19 10:00:00,0.0,0.0,305.427001953125,0.0148773193359375,0.3521270751953125,98720.8515625,36.21319961547852,0.3524412173912534,39.52650705973307,40.49251174926759,-251.1328125,0.660400390625,0.0,0.0
189,central,2026-09-19T11:00:00,2026-09-19 11:00:00,0.0,0.0,305.374267578125,-1.280792236328125,1.316253662109375,98737.625,35.86077880859375,1.8365599515547373,37.73091634114584,39.57653935750326,-118.7421875,-0.052734375,0.0,0.0
189,central,2026-09-19T12:00:00,2026-09-19 12:00:00,0.0,0.0,303.811767578125,-1.2620391845703125,0.659149169921875,98759.453125,35.573368072509766,1.4238049485795434,35.88244883219401,38.58315976460775,-41.140625,-1.5625,0.0,0.0
189,central,2026-09-19T13:00:00,2026-09-19 13:00:00,0.0,0.0,303.111328125,-1.559356689453125,0.396392822265625,98807.921875,36.24029541015625,1.6089501404598954,35.89148076375326,37.70899391174317,87.0703125,-0.700439453125,0.0,0.0
189,central,2026-09-19T14:00:00,2026-09-19 14:00:00,0.0,0.0,301.96435546875,-1.81103515625,0.576568603515625,98903.34375,37.16321563720703,1.9005998241958824,36.325626373291016,37.02827135721842,165.71875,-1.14697265625,0.0,0.0
189,central,2026-09-19T15:00:00,2026-09-19 15:00:00,0.0,0.0,300.68798828125,-1.7433624267578125,0.7524566650390625,98982.71875,37.50160598754883,1.8988163638942543,36.9683723449707,36.42541058858236,223.265625,-1.2763671875,0.0,0.0
189,central,2026-09-19T16:00:00,2026-09-19 16:00:00,0.0,0.0,300.6640625,-1.540740966796875,0.902069091796875,99048.21875,37.67355346679688,1.7853882975816235,37.44612503051759,36.66880289713541,240.296875,-0.02392578125,0.0,0.0
189,central,2026-09-19T17:00:00,2026-09-19 17:00:00,0.0,0.0,299.71533203125,-1.2666778564453125,0.732208251953125,99081.5546875,37.83635711669922,1.4630795317538765,37.67050552368164,36.99806594848633,178.2109375,-0.94873046875,0.0,0.0
189,central,2026-09-19T18:00:00,2026-09-19 18:00:00,0.0,0.0,299.447509765625,-1.1346435546875,0.5104827880859375,99088.0625,38.148536682128906,1.2441899666553649,37.886149088541664,37.42726071675619,105.34375,-0.267822265625,0.0,0.0
189,central,2026-09-19T19:00:00,2026-09-19 19:00:00,0.0,0.0,299.3896484375,-1.122406005859375,0.3210296630859375,99089.515625,38.58837127685547,1.1674139311188068,38.1910883585612,37.81860669453939,41.296875,-0.057861328125,0.0,0.0
189,central,2026-09-19T20:00:00,2026-09-19 20:00:00,0.0,0.0,298.609375,-0.9121856689453124,0.0770721435546875,99061.84375,39.15739822387695,0.9154358579066704,38.63143539428711,38.150970458984375,-19.7109375,-0.7802734375,0.0,0.0
189,central,2026-09-19T21:00:00,2026-09-19 21:00:00,0.0,0.0,298.4091796875,-0.7931060791015625,-0.0894927978515625,99073.3671875,39.98335266113281,0.7981392194192405,39.24304072062174,38.5645949045817,-14.6953125,-0.2001953125,0.0,0.0
189,central,2026-09-19T22:00:00,2026-09-19 22:00:00,0.0,0.0,297.987548828125,-0.5636444091796875,-0.6153564453125,99021.34375,41.93050003051758,0.8344810212264595,40.35708363850912,39.27408599853516,-68.171875,-0.421630859375,0.0,0.0
189,central,2026-09-19T23:00:00,2026-09-19 23:00:00,0.0,0.0,297.93212890625,-0.3314361572265625,-0.7568511962890625,99082.703125,42.120826721191406,0.8262406790041844,41.34489313761393,39.98816426595052,20.859375,-0.055419921875,0.0,0.0
189,central,2026-09-20T00:00:00,2026-09-20 00:00:00,0.0,0.0,298.873291015625,-0.2991180419921875,-0.76910400390625,99059.296875,42.21552658081055,0.8252227407614656,42.08895111083984,40.6659959157308,-14.0703125,0.941162109375,0.0,0.0
189,central,2026-09-20T01:00:00,2026-09-20 01:00:00,0.0,0.0,299.02294921875,-0.19256591796875,-0.459014892578125,99104.34375,42.48551559448242,0.4977713374348256,42.273956298828125,41.31551996866862,83.0,0.149658203125,0.0,0.0
189,central,2026-09-20T02:00:00,2026-09-20 02:00:00,0.0,0.0,300.182861328125,-0.08721923828125,-0.3314666748046875,99144.7109375,42.80585861206055,0.3427496929720549,42.50230026245117,41.92359670003256,62.0078125,1.159912109375,0.0,0.0
189,central,2026-09-20T03:00:00,2026-09-20 03:00:00,0.0,0.0,300.634765625,0.0323486328125,0.0684967041015625,99219.53125,43.59217071533203,0.0757511222201688,42.961181640625,42.52506637573242,160.234375,0.451904296875,0.0,0.0
189,central,2026-09-20T04:00:00,2026-09-20 04:00:00,0.0,0.0,301.272705078125,0.0970611572265625,0.3701934814453125,99230.484375,44.46988677978516,0.3827062606579103,43.62263870239258,42.94829750061035,126.140625,0.637939453125,0.0,0.0
189,central,2026-09-20T05:00:00,2026-09-20 05:00:00,0.0,0.0,303.73193359375,0.295257568359375,0.5518951416015625,99242.5703125,45.18024444580078,0.6259115584464787,44.414100646972656,43.45820045471192,97.859375,2.459228515625,0.0,0.0
189,central,2026-09-20T06:00:00,2026-09-20 06:00:00,0.0,0.0,305.680908203125,0.29473876953125,0.4817047119140625,99228.1484375,45.79980850219727,0.5647214992764179,45.14997990926107,44.05558077494303,8.6171875,1.948974609375,0.0,0.0
189,central,2026-09-20T07:00:00,2026-09-20 07:00:00,0.0,0.0,306.178955078125,0.26971435546875,0.332672119140625,99190.9921875,46.46244430541992,0.4282716105457346,45.81416575113932,44.71840222676595,-39.4921875,0.498046875,0.0,0.0
189,central,2026-09-20T08:00:00,2026-09-20 08:00:00,0.0,0.0,307.005615234375,0.1898651123046875,0.2823333740234375,99093.7890625,47.26062774658203,0.3402365279594915,46.50762685139974,45.4608637491862,-148.78125,0.82666015625,0.0,0.0
189,central,2026-09-20T09:00:00,2026-09-20 09:00:00,0.0,0.0,307.428955078125,0.0355377197265625,0.32794189453125,99020.828125,47.6056022644043,0.3298618130552689,47.10955810546875,46.12976900736491,-207.3203125,0.42333984375,0.0,0.0
189,central,2026-09-20T10:00:00,2026-09-20 10:00:00,0.0,0.0,306.70068359375,-0.20892333984375,-0.0501708984375,98941.609375,48.8468017578125,0.2148629353366768,47.90434392293295,46.85925483703613,-249.3828125,-0.728271484375,0.0,0.0
189,central,2026-09-20T11:00:00,2026-09-20 11:00:00,0.0,0.0,305.978759765625,-0.5292816162109375,-1.362396240234375,98922.609375,48.691314697265625,1.461595889657474,48.381239573160805,47.44443321228027,-171.1796875,-0.721923828125,0.0,0.0
189,central,2026-09-20T12:00:00,2026-09-20 12:00:00,0.0,0.0,305.501953125,-0.0198822021484375,-1.24371337890625,98867.03125,47.00299835205078,1.2438722887952254,48.180371602376304,47.64496485392253,-153.796875,-0.476806640625,0.0,0.0
189,central,2026-09-20T13:00:00,2026-09-20 13:00:00,0.0,0.0,304.698974609375,0.0242462158203125,-1.37255859375,98884.765625,46.57853698730469,1.372772731466714,47.42428334554037,47.664313634236656,-56.84375,-0.802978515625,0.0,0.0
189,central,2026-09-20T14:00:00,2026-09-20 14:00:00,0.0,0.0,303.15283203125,0.1995086669921875,-1.267852783203125,98974.0390625,46.20972442626953,1.2834540849134066,46.597086588541664,47.48916308085124,51.4296875,-1.546142578125,0.0,0.0
189,central,2026-09-20T15:00:00,2026-09-20 15:00:00,0.0,0.0,301.561767578125,0.2164154052734375,-1.2325592041015625,99012.921875,46.01509475708008,1.2514143275730638,46.2677853902181,47.2240784962972,145.890625,-1.591064453125,0.0,0.0
189,central,2026-09-20T16:00:00,2026-09-20 16:00:00,0.0,0.0,301.85302734375,0.0986328125,-0.8325347900390625,99060.796875,45.9238395690918,0.8383570887915519,46.04955291748047,46.736918131510414,176.03125,0.291259765625,0.0,0.0
189,central,2026-09-20T17:00:00,2026-09-20 17:00:00,0.0,0.0,300.989501953125,-0.151763916015625,-0.4910888671875,99088.0234375,46.04191207885742,0.5140044374126548,45.9936154683431,46.29535102844238,113.984375,-0.863525390625,0.0,0.0
189,central,2026-09-20T18:00:00,2026-09-20 18:00:00,0.0,0.0,300.697998046875,-0.2426300048828125,-0.4073486328125,99074.53125,46.11454772949219,0.4741331331215385,46.02676645914713,46.14727592468262,61.609375,-0.29150390625,0.0,0.0
189,central,2026-09-20T19:00:00,2026-09-20 19:00:00,0.0,0.0,300.58349609375,-0.3557586669921875,-0.388031005859375,99060.828125,46.33366775512695,0.5264335576768415,46.16337585449219,46.10646438598633,0.03125,-0.114501953125,0.0,0.0
189,central,2026-09-20T20:00:00,2026-09-20 20:00:00,0.0,0.0,299.780029296875,-0.2814483642578125,-0.327301025390625,99005.90625,46.62222671508789,0.4316701784524301,46.35681406656901,46.175214767456055,-82.1171875,-0.803466796875,0.0,0.0
189,central,2026-09-20T21:00:00,2026-09-20 21:00:00,0.0,0.0,299.57763671875,-0.0854034423828125,-0.33966064453125,99001.265625,46.85724639892578,0.3502329245148413,46.60438028971354,46.315573374430336,-73.265625,-0.202392578125,0.0,0.0
189,central,2026-09-20T22:00:00,2026-09-20 22:00:00,0.0,0.0,299.286376953125,-0.6358795166015625,-0.3773956298828125,98954.03125,46.09659194946289,0.7394391260192292,46.52535502115885,46.34436543782552,-106.796875,-0.291259765625,0.0,0.0
189,central,2026-09-20T23:00:00,2026-09-20 23:00:00,0.0,0.0,299.201171875,-0.8707275390625,-0.8467559814453125,98997.828125,46.44686126708984,1.2145625300474454,46.46689987182617,46.41185696919759,-8.078125,-0.085205078125,0.0,0.0
189,central,2026-09-21T00:00:00,2026-09-21 00:00:00,0.0,0.0,300.3076171875,-0.88446044921875,-0.7494354248046875,98952.96875,46.16961288452149,1.159277249921008,46.23768870035807,46.421034495035805,-48.296875,1.1064453125,0.0,0.0
189,central,2026-09-21T01:00:00,2026-09-21 01:00:00,0.0,0.0,300.18701171875,-0.757049560546875,-0.5977020263671875,98949.921875,45.688812255859375,0.9645577999516972,46.10176213582357,46.31355857849121,-4.109375,-0.12060546875,0.0,0.0
189,central,2026-09-21T02:00:00,2026-09-21 02:00:00,0.0,0.0,300.94482421875,-0.719818115234375,-0.2055816650390625,98976.3125,45.26407623291016,0.7485999866549566,45.70750045776367,46.08720016479492,-21.515625,0.7578125,0.0,0.0
189,central,2026-09-21T03:00:00,2026-09-21 03:00:00,0.0,0.0,302.25732421875,-0.55194091796875,0.160614013671875,99000.6484375,45.27800750732422,0.5748353140821949,45.410298665364586,45.82399368286133,47.6796875,1.3125,0.0,0.0
189,central,2026-09-21T04:00:00,2026-09-21 04:00:00,0.0,0.0,302.91162109375,-0.5496978759765625,0.364013671875,99010.7890625,45.66253662109375,0.6592978903083677,45.40154012044271,45.75165112813314,60.8671875,0.654296875,0.0,0.0
189,central,2026-09-21T05:00:00,2026-09-21 05:00:00,0.0,0.0,304.7861328125,-0.361236572265625,0.41107177734375,99018.6953125,46.31808471679688,0.547240228118116,45.75287628173828,45.73018836975098,42.3828125,1.87451171875,0.0,0.0
189,central,2026-09-21T06:00:00,2026-09-21 06:00:00,0.0,0.0,306.43359375,-0.10467529296875,0.3202056884765625,98983.875,46.921512603759766,0.3368806908845371,46.30071131388346,45.85550498962402,-16.7734375,1.6474609375,0.0,0.0
189,central,2026-09-21T07:00:00,2026-09-21 07:00:00,0.0,0.0,306.87109375,0.12713623046875,0.3465576171875,98875.0234375,47.31821441650391,0.3691419823434892,46.85260391235352,46.12707201639813,-135.765625,0.4375,0.0,0.0
189,central,2026-09-21T08:00:00,2026-09-21 08:00:00,0.0,0.0,307.8017578125,0.386688232421875,0.4160919189453125,98830.1015625,47.68088150024414,0.5680319305330876,47.30686950683594,46.52987289428711,-188.59375,0.9306640625,0.0,0.0
189,central,2026-09-21T09:00:00,2026-09-21 09:00:00,0.0,0.0,308.1044921875,0.880584716796875,0.61346435546875,98674.671875,47.65039825439453,1.073204527984727,47.54983139038086,46.92527135213216,-309.203125,0.302734375,0.0,0.0
189,central,2026-09-21T10:00:00,2026-09-21 10:00:00,0.0,0.0,305.80419921875,-1.1071624755859375,1.0086822509765625,98590.28125,46.4959831237793,1.497747852871346,47.27575429280599,47.06417910257975,-284.7421875,-2.30029296875,0.0,0.0
189,central,2026-09-21T11:00:00,2026-09-21 11:00:00,0.0,0.0,305.905029296875,-1.1373291015625,-0.5966339111328125,98622.390625,47.32859802246094,1.2843245342103375,47.15832646687826,47.23259798685709,-207.7109375,0.100830078125,0.0,0.0
189,central,2026-09-21T12:00:00,2026-09-21 12:00:00,0.0,0.0,305.560791015625,-0.512664794921875,-1.0289459228515625,98619.671875,47.37113952636719,1.149589015302922,47.06524022420248,47.307535807291664,-55.0,-0.34423828125,0.0,0.0
189,central,2026-09-21T13:00:00,2026-09-21 13:00:00,0.0,0.0,305.137451171875,-0.92181396484375,-1.1190643310546875,98627.171875,47.18391418457031,1.4498434270016296,47.29455057779948,47.285152435302734,36.890625,-0.42333984375,0.0,0.0
189,central,2026-09-21T14:00:00,2026-09-21 14:00:00,0.0,0.0,303.550537109375,-1.1643524169921875,-1.01922607421875,98686.9765625,46.162864685058594,1.5474295917174758,46.90597279866537,47.03214963277181,64.5859375,-1.5869140625,0.0,0.0
189,central,2026-09-21T15:00:00,2026-09-21 15:00:00,0.0,0.0,302.2021484375,-1.48052978515625,-0.2888031005859375,98734.078125,45.49108123779297,1.508434843022019,46.27928670247396,46.67226346333822,114.40625,-1.348388671875,0.0,0.0
189,central,2026-09-21T16:00:00,2026-09-21 16:00:00,0.0,0.0,302.241455078125,-1.611328125,0.458984375,98773.1015625,45.05219650268555,1.6754238218761712,45.5687141418457,46.43163235982259,145.9296875,0.039306640625,0.0,0.0
189,central,2026-09-21T17:00:00,2026-09-21 17:00:00,0.0,0.0,301.10009765625,-1.432220458984375,0.4669189453125,98760.984375,44.82191848754883,1.5064092221654617,45.12173207600912,46.01385243733724,74.0078125,-1.141357421875,0.0,0.0
189,central,2026-09-21T18:00:00,2026-09-21 18:00:00,0.0,0.0,300.884765625,-1.3549041748046875,0.330780029296875,98798.6328125,45.14077758789063,1.3946973688527604,45.004964192708336,45.64212544759115,64.5546875,-0.21533203125,0.0,0.0
189,central,2026-09-21T19:00:00,2026-09-21 19:00:00,0.0,0.0,300.5341796875,-1.34906005859375,0.1978607177734375,98770.1484375,45.34082794189453,1.363492539521501,45.10117467244466,45.33494440714518,-2.953125,-0.3505859375,0.0,0.0
189,central,2026-09-21T20:00:00,2026-09-21 20:00:00,0.0,0.0,299.9580078125,-1.1909332275390625,0.1545562744140625,98749.96875,45.426116943359375,1.200920311435094,45.30257415771485,45.21215311686198,-11.015625,-0.576171875,0.0,0.0
189,central,2026-09-21T21:00:00,2026-09-21 21:00:00,0.0,0.0,299.42626953125,-1.053955078125,0.0984039306640625,98736.203125,45.36800003051758,1.0585389176953357,45.37831497192383,45.19163958231608,-62.4296875,-0.53173828125,0.0,0.0
189,central,2026-09-21T22:00:00,2026-09-21 22:00:00,0.0,0.0,298.672119140625,-1.22802734375,0.5540008544921875,98686.375,45.96958923339844,1.3472075206796297,45.5879020690918,45.34453837076823,-83.7734375,-0.754150390625,0.0,0.0
189,central,2026-09-21T23:00:00,2026-09-21 23:00:00,0.0,0.0,299.147216796875,-1.1326751708984375,0.2517547607421875,98715.96875,46.30059051513672,1.1603161217212146,45.87939325968424,45.59098370869955,-34.0,0.47509765625,0.0,0.0
189,central,2026-09-22T00:00:00,2026-09-22 00:00:00,0.0,0.0,300.44189453125,-0.5322723388671875,-0.2196044921875,98737.8359375,46.352821350097656,0.5757950813545352,46.2076670328776,45.79299100240072,1.6328125,1.294677734375,0.0,0.0
189,central,2026-09-22T01:00:00,2026-09-22 01:00:00,0.0,0.0,300.541259765625,-0.3133087158203125,-0.49383544921875,98773.2421875,45.94930267333984,0.5848382702201165,46.200904846191406,45.8944034576416,86.8671875,0.099365234375,0.0,0.0
189,central,2026-09-22T02:00:00,2026-09-22 02:00:00,0.0,0.0,301.470947265625,-0.37469482421875,-0.54718017578125,98814.296875,45.24815368652344,0.663175961615256,45.85009256998698,45.86474291483561,98.328125,0.9296875,0.0,0.0
189,central,2026-09-22T03:00:00,2026-09-22 03:00:00,0.0,0.0,302.138671875,-0.2215728759765625,-0.2517852783203125,98853.0390625,44.575950622558594,0.3353958344216016,45.25780232747396,45.73273468017578,115.203125,0.667724609375,0.0,0.0
189,central,2026-09-22T04:00:00,2026-09-22 04:00:00,0.0,0.0,302.663330078125,0.1273956298828125,0.119598388671875,98840.296875,44.14796829223633,0.1747381500593028,44.65735753377279,45.429131189982094,67.0546875,0.524658203125,0.0,0.0
189,central,2026-09-22T05:00:00,2026-09-22 05:00:00,0.0,0.0,304.58642578125,0.740936279296875,0.1111602783203125,98822.734375,43.909423828125,0.7492283880463594,44.211114247639976,45.03060340881348,8.4375,1.923095703125,0.0,0.0
189,central,2026-09-22T06:00:00,2026-09-22 06:00:00,0.0,0.0,306.11376953125,1.3534393310546875,-0.17657470703125,98753.8125,43.83854293823242,1.364909026275719,43.96531168619792,44.61155700683594,-99.2265625,1.52734375,0.0,0.0
189,central,2026-09-22T07:00:00,2026-09-22 07:00:00,0.0,0.0,306.625244140625,1.941802978515625,-0.3024139404296875,98702.3125,43.8465576171875,1.9652106754082024,43.86484146118164,44.26109949747721,-137.984375,0.511474609375,0.0,0.0
189,central,2026-09-22T08:00:00,2026-09-22 08:00:00,0.0,0.0,307.564697265625,2.4096832275390625,-0.5024566650390625,98596.59375,43.75946807861328,2.4615109094467265,43.8148562113444,44.01298522949219,-226.140625,0.939453125,0.0,0.0
189,central,2026-09-22T09:00:00,2026-09-22 09:00:00,0.0,0.0,307.715576171875,2.9217529296875,-0.644805908203125,98499.09375,43.166412353515625,2.9920586293371905,43.59081268310547,43.778062184651695,-254.71875,0.15087890625,0.0,0.0
189,central,2026-09-22T10:00:00,2026-09-22 10:00:00,0.0,0.0,306.53076171875,2.87481689453125,-0.9748077392578124,98382.734375,44.20559310913086,3.035592578986717,43.71049118041992,43.78766632080078,-319.578125,-1.184814453125,0.0,0.0
189,central,2026-09-22T11:00:00,2026-09-22 11:00:00,0.0,0.0,306.256103515625,2.347900390625,-0.9758453369140624,98355.3359375,44.06344223022461,2.542618800739495,43.811815897623696,43.81333605448405,-241.2578125,-0.274658203125,0.0,0.0
189,central,2026-09-22T12:00:00,2026-09-22 12:00:00,0.0,0.0,305.7392578125,1.35662841796875,-0.34783935546875,98346.1875,43.6655502319336,1.4005116499527266,43.97819519042969,43.78450393676758,-152.90625,-0.516845703125,0.0,0.0
189,central,2026-09-22T13:00:00,2026-09-22 13:00:00,0.0,0.0,305.054443359375,1.770599365234375,0.0213775634765625,98355.140625,42.71160888671875,1.7707284129387448,43.48020044962565,43.59534581502279,-27.59375,-0.684814453125,0.0,0.0
189,central,2026-09-22T14:00:00,2026-09-22 14:00:00,0.0,0.0,303.412353515625,1.64068603515625,0.10498046875,98433.71875,41.96063232421875,1.6440412296459312,42.77926381429037,43.29553985595703,78.3828125,-1.64208984375,0.0,0.0
189,central,2026-09-22T15:00:00,2026-09-22 15:00:00,0.0,0.0,301.68408203125,0.8035430908203125,0.4406890869140625,98495.953125,41.55580520629883,0.9164542378810908,42.07601547241211,43.0271053314209,149.765625,-1.728271484375,0.0,0.0
189,central,2026-09-22T16:00:00,2026-09-22 16:00:00,0.0,0.0,301.500732421875,0.196624755859375,0.714080810546875,98555.5625,41.025856018066406,0.7406569371902493,41.51409784952799,42.49714914957682,200.421875,-0.183349609375,0.0,0.0
189,central,2026-09-22T17:00:00,2026-09-22 17:00:00,0.0,0.0,301.0205078125,-0.2718658447265625,0.369140625,98571.921875,40.70233154296875,0.4584493849426325,41.09466425577799,41.93696403503418,138.203125,-0.480224609375,0.0,0.0
189,central,2026-09-22T18:00:00,2026-09-22 18:00:00,0.0,0.0,300.49560546875,-0.2265167236328125,-0.1392974853515625,98574.6171875,39.97371292114258,0.2659203179725324,40.56730016072592,41.32165781656901,78.6640625,-0.52490234375,0.0,0.0
189,central,2026-09-22T19:00:00,2026-09-22 19:00:00,0.0,0.0,301.11279296875,-0.70941162109375,-0.5059356689453125,98571.078125,39.2437629699707,0.8713413505934418,39.97326914469401,40.743683497111,15.515625,0.6171875,0.0,0.0
189,central,2026-09-22T20:00:00,2026-09-22 20:00:00,0.0,0.0,300.254150390625,-1.033203125,-0.43084716796875,98549.90625,38.91072082519531,1.1194364562834542,39.37606557210287,40.23536491394043,-22.015625,-0.858642578125,0.0,0.0
189,central,2026-09-22T21:00:00,2026-09-22 21:00:00,0.0,0.0,300.177490234375,-1.2290802001953125,-0.300506591796875,98529.46875,38.81196975708008,1.2652835058695435,38.988817850748696,39.778059005737305,-45.1484375,-0.07666015625,0.0,0.0
189,central,2026-09-22T22:00:00,2026-09-22 22:00:00,0.0,0.0,299.21044921875,-0.9746246337890624,-0.4384307861328125,98531.671875,40.93251037597656,1.068697679897126,39.55173365275065,39.76250139872233,-39.40625,-0.967041015625,0.0,0.0
189,central,2026-09-22T23:00:00,2026-09-22 23:00:00,0.0,0.0,298.968505859375,-0.9082489013671876,-1.205108642578125,98550.21875,40.92234420776367,1.5090403928494407,40.22227478027344,39.79917017618815,0.3125,-0.241943359375,0.0,0.0
189,central,2026-09-23T00:00:00,2026-09-23 00:00:00,0.0,0.0,300.7470703125,-0.35784912109375,-1.566497802734375,98573.6796875,40.22664260864258,1.6068513806320714,40.69383239746094,39.84132512410482,44.2109375,1.778564453125,0.0,0.0
189,central,2026-09-23T01:00:00,2026-09-23 01:00:00,0.0,0.0,300.700439453125,-0.4095458984375,-1.4354400634765625,98605.828125,38.73464584350586,1.4927210116966187,39.96121088663737,39.75647226969401,74.15625,-0.046630859375,0.0,0.0
189,central,2026-09-23T02:00:00,2026-09-23 02:00:00,0.0,0.0,301.64013671875,-0.702362060546875,-0.730743408203125,98675.5078125,37.77506637573242,1.013557296223539,38.91211827596029,39.56719652811686,125.2890625,0.939697265625,0.0,0.0
189,central,2026-09-23T03:00:00,2026-09-23 03:00:00,0.0,0.0,302.191650390625,-0.7840728759765625,-0.125213623046875,98755.453125,37.56550979614258,0.7940080139637653,38.02507400512695,39.359453201293945,181.7734375,0.551513671875,0.0,0.0
189,central,2026-09-23T04:00:00,2026-09-23 04:00:00,0.0,0.0,302.753173828125,-1.027984619140625,0.57647705078125,98769.1484375,37.99300384521485,1.1785916032566768,37.77786000569662,38.869535446167,163.3203125,0.5615234375,0.0,0.0
189,central,2026-09-23T05:00:00,2026-09-23 05:00:00,0.0,0.0,304.539306640625,-1.012176513671875,0.994659423828125,98779.46875,38.6999626159668,1.419101357986472,38.086158752441406,38.49913851420085,103.9609375,1.7861328125,0.0,0.0
189,central,2026-09-23T06:00:00,2026-09-23 06:00:00,0.0,0.0,306.274658203125,-1.2187347412109375,1.30584716796875,98710.265625,39.8210563659668,1.7862114084078893,38.83800760904948,38.43154080708822,-45.1875,1.7353515625,0.0,0.0
189,central,2026-09-23T07:00:00,2026-09-23 07:00:00,0.0,0.0,306.607666015625,-1.276641845703125,1.559173583984375,98689.5,40.71619415283203,2.015151772744416,39.74573771158854,38.76179885864258,-79.6484375,0.3330078125,0.0,0.0
190,central,2026-09-18T05:00:00,2026-09-18 05:00:00,0.0,0.0,302.88702392578125,2.337472438812256,-0.6714569330215454,98909.234375,44.878997802734375,2.432001606724308,44.99203745524088,45.29064814249674,162.0234375,2.134643554687557,0.0,0.0
190,central,2026-09-18T06:00:00,2026-09-18 06:00:00,0.0,0.0,304.493408203125,2.437145948410034,-0.697094738483429,98885.40625,44.43717575073242,2.5348809534715286,44.79836908976237,44.98584111531576,66.3125,1.60638427734375,0.0,0.0
190,central,2026-09-18T07:00:00,2026-09-18 07:00:00,0.0,0.0,305.0343322753906,2.4911131858825684,-0.6580139398574829,98872.859375,44.36554718017578,2.5765533664034144,44.56057357788086,44.8085085550944,45.796875,0.540924072265625,0.0,0.0
190,central,2026-09-18T08:00:00,2026-09-18 08:00:00,0.0,0.0,305.7314453125,2.3561370372772217,-0.4727752804756164,98757.9921875,44.27899169921875,2.4031017881601024,44.36057154337565,44.676304499308266,-151.2421875,0.697113037109375,0.0,0.0
190,central,2026-09-18T09:00:00,2026-09-18 09:00:00,0.0,0.0,305.7875061035156,2.543386936187744,-0.375692754983902,98701.0390625,44.12663650512695,2.5709846660993283,44.25705846150717,44.527713775634766,-184.3671875,0.056060791015625,0.0,0.0
190,central,2026-09-18T10:00:00,2026-09-18 10:00:00,0.0,0.0,305.2080078125,1.6140960454940796,0.0744506865739822,98686.75,43.781681060791016,1.615812163839276,44.06243642171224,44.31150499979655,-186.109375,-0.579498291015625,0.0,0.0
190,central,2026-09-18T11:00:00,2026-09-18 11:00:00,0.0,0.0,305.4335021972656,1.1248260736465454,0.3342865109443664,98593.5234375,42.6978874206543,1.1734484084758314,43.53540166219076,43.9479866027832,-164.46875,0.225494384765625,0.0,0.0
190,central,2026-09-18T12:00:00,2026-09-18 12:00:00,0.0,0.0,304.8834533691406,0.428793340921402,0.6916351318359375,98628.5234375,43.79469680786133,0.8137707814908645,43.42475509643555,43.84090677897135,-72.515625,-0.550048828125,0.0,0.0
190,central,2026-09-18T13:00:00,2026-09-18 13:00:00,0.0,0.0,304.3544311523437,0.488809198141098,0.8275176882743835,98675.6875,44.16301727294922,0.9611035098231216,43.55186716715495,43.8071517944336,-11.0625,-0.5290222167969318,0.0,0.0
190,central,2026-09-18T14:00:00,2026-09-18 14:00:00,0.0,0.0,303.3534240722656,0.3081787228584289,0.9227264523506165,98766.421875,43.16146087646485,0.9728300114049766,43.70639165242513,43.620896657307945,172.8984375,-1.0010070800780682,0.0,0.0
190,central,2026-09-18T15:00:00,2026-09-18 15:00:00,0.0,0.0,301.55242919921875,0.2333099395036697,0.7807037234306335,98789.1015625,42.1311149597168,0.8148201222660503,43.15186436971029,43.288309733072914,160.578125,-1.800994873046875,0.0,0.0
190,central,2026-09-18T16:00:00,2026-09-18 16:00:00,0.0,0.0,301.5145874023437,0.014926147647202,0.5355590581893921,98825.625,41.74629211425781,0.5357670153082352,42.34628931681316,42.94907824198405,149.9375,-0.0378417968750568,0.0,0.0
190,central,2026-09-18T17:00:00,2026-09-18 17:00:00,0.0,0.0,300.9779357910156,-0.0963470488786697,0.4884673953056335,98873.1875,42.0483627319336,0.4978786499783846,41.9752566019694,42.84082412719727,106.765625,-0.5366516113280682,0.0,0.0
190,central,2026-09-18T18:00:00,2026-09-18 18:00:00,0.0,0.0,300.85430908203125,-0.0880279541015625,0.5656799077987671,98865.796875,41.393798828125,0.5724881472926129,41.72948455810547,42.44067446390788,76.6953125,-0.123626708984375,0.0,0.0
190,central,2026-09-18T19:00:00,2026-09-18 19:00:00,0.0,0.0,300.46856689453125,-0.1563171446323394,0.6990906000137329,98871.796875,40.4425163269043,0.7163537650725156,41.29489262898763,41.8205909729004,46.171875,-0.3857421875,0.0,0.0
190,central,2026-09-18T20:00:00,2026-09-18 20:00:00,0.0,0.0,299.7967834472656,-0.174417108297348,0.7367798089981079,98865.296875,39.91753387451172,0.7571431929391541,40.584616343180336,41.27993647257487,-7.890625,-0.671783447265625,0.0,0.0
190,central,2026-09-18T21:00:00,2026-09-18 21:00:00,0.0,0.0,299.750732421875,-0.1362762451171875,0.463998407125473,98870.109375,39.7805061340332,0.4835966674804697,40.046852111816406,40.88816833496094,4.3125,-0.046051025390625,0.0,0.0
190,central,2026-09-18T22:00:00,2026-09-18 22:00:00,0.0,0.0,299.04400634765625,-0.0770324692130088,-0.1210418716073036,98854.921875,42.531394958496094,0.1434752103858088,40.74314498901367,41.01901880900065,-16.875,-0.70672607421875,0.0,0.0
190,central,2026-09-18T23:00:00,2026-09-18 23:00:00,0.0,0.0,299.085693359375,-0.4312194883823395,-0.2220672667026519,98944.96875,43.49784469604492,0.4850403262632019,41.93658192952474,41.26059913635254,79.671875,0.04168701171875,0.0,0.0
190,central,2026-09-19T00:00:00,2026-09-19 00:00:00,0.0,0.0,300.1175231933594,-0.9329162836074828,-0.0571746826171875,98979.140625,44.58095169067383,0.9346666446131334,43.53673044840495,41.79179128011068,109.03125,1.031829833984375,0.0,0.0
190,central,2026-09-19T01:00:00,2026-09-19 01:00:00,0.0,0.0,300.1319274902344,-1.3657958507537842,0.0588317885994911,99047.828125,44.868560791015625,1.3670623560343065,44.31578572591146,42.52946535746256,192.90625,0.014404296875,0.0,0.0
190,central,2026-09-19T02:00:00,2026-09-19 02:00:00,0.0,0.0,300.6055603027344,-1.7803986072540283,-0.1265075653791427,99115.296875,44.602447509765625,1.7848874936001544,44.68398666381836,43.31028429667155,170.328125,0.4736328125,0.0,0.0
190,central,2026-09-19T03:00:00,2026-09-19 03:00:00,0.0,0.0,301.36505126953125,-2.190560817718506,-0.358908087015152,99201.5234375,44.6348991394043,2.2197683913076256,44.70196914672852,44.119349797566734,222.3828125,0.759490966796875,0.0,0.0
190,central,2026-09-19T04:00:00,2026-09-19 04:00:00,0.0,0.0,302.0975646972656,-2.378216505050659,-0.1618866026401519,99198.5625,44.78141403198242,2.3837199955132613,44.67292022705078,44.49435297648112,150.734375,0.732513427734375,0.0,0.0
190,central,2026-09-19T05:00:00,2026-09-19 05:00:00,0.0,0.0,303.37322998046875,-2.213717699050904,-0.032135009765625,99207.9765625,45.44137954711914,2.2139509276277707,44.95256423950195,44.81827545166016,92.6796875,1.275665283203125,0.0,0.0
190,central,2026-09-19T06:00:00,2026-09-19 06:00:00,0.0,0.0,304.8434143066406,-1.9445526599884035,0.3245483338832855,99171.546875,45.94204330444336,1.9714503971681336,45.38827896118164,45.04512405395508,-29.9765625,1.470184326171875,0.0,0.0
190,central,2026-09-19T07:00:00,2026-09-19 07:00:00,0.0,0.0,304.743896484375,-1.3325287103652954,0.5693511962890625,99112.890625,46.14485931396485,1.4490664403896685,45.842760721842446,45.25784047444662,-85.671875,-0.099517822265625,0.0,0.0
190,central,2026-09-19T08:00:00,2026-09-19 08:00:00,0.0,0.0,304.9281616210937,-0.8385040163993835,0.913299560546875,99000.6171875,46.08329391479492,1.2398407449398543,46.056732177734375,45.50464820861816,-207.359375,0.1842651367186931,0.0,0.0
190,central,2026-09-19T09:00:00,2026-09-19 09:00:00,0.0,0.0,304.4600524902344,-0.1281005889177322,1.1285431385040283,98933.4921875,45.58380889892578,1.135790199088543,45.93732070922852,45.66279983520508,-238.0546875,-0.4681091308593181,0.0,0.0
190,central,2026-09-19T10:00:00,2026-09-19 10:00:00,0.0,0.0,303.9532775878906,0.0166351310908794,0.0478302016854286,98906.1484375,41.92843246459961,0.050640455958448,44.53184509277344,45.187302907307945,-206.7421875,-0.50677490234375,0.0,0.0
190,central,2026-09-19T11:00:00,2026-09-19 11:00:00,0.0,0.0,302.467529296875,-1.940850853919983,0.5358337163925171,98911.328125,40.7100944519043,2.0134596615738154,42.74077860514323,44.3987553914388,-89.2890625,-1.485748291015625,0.0,0.0
190,central,2026-09-19T12:00:00,2026-09-19 12:00:00,0.0,0.0,302.0652770996094,-1.8204376697540283,0.933856189250946,98902.1015625,38.93206024169922,2.0459913713556506,40.523529052734375,43.230424880981445,-31.390625,-0.402252197265625,0.0,0.0
190,central,2026-09-19T13:00:00,2026-09-19 13:00:00,0.0,0.0,302.0829162597656,-1.4274718761444092,0.5383361577987671,98958.921875,39.4730110168457,1.5256086575451708,39.705055236816406,42.11845016479492,52.7734375,0.01763916015625,0.0,0.0
190,central,2026-09-19T14:00:00,2026-09-19 14:00:00,0.0,0.0,301.09783935546875,-1.6266601085662842,0.4402893185615539,99054.9453125,40.58675003051758,1.6851936959412923,39.6639404296875,41.20235951741537,143.6171875,-0.985076904296875,0.0,0.0
190,central,2026-09-19T15:00:00,2026-09-19 15:00:00,0.0,0.0,299.94207763671875,-1.3906768560409546,0.4687652587890625,99132.765625,40.58754348754883,1.4675568083640005,40.21576817830404,40.3696486155192,230.6640625,-1.15576171875,0.0,0.0
190,central,2026-09-19T16:00:00,2026-09-19 16:00:00,0.0,0.0,299.84423828125,-1.280145287513733,0.498797595500946,99196.46875,40.65441131591797,1.373889005131471,40.60956827799479,40.1573117574056,237.546875,-0.09783935546875,0.0,0.0
190,central,2026-09-19T17:00:00,2026-09-19 17:00:00,0.0,0.0,299.0279235839844,-1.2082306146621704,0.419757068157196,99225.40625,40.739288330078125,1.2790688857426136,40.66041437784831,40.16217740376791,170.4609375,-0.816314697265625,0.0,0.0
190,central,2026-09-19T18:00:00,2026-09-19 18:00:00,0.0,0.0,298.988037109375,-1.210717797279358,0.3959808349609375,99229.9140625,40.870216369628906,1.273828248354283,40.754638671875,40.48520342508952,97.1484375,-0.039886474609375,0.0,0.0
190,central,2026-09-19T19:00:00,2026-09-19 19:00:00,0.0,0.0,299.06317138671875,-1.2236754894256592,0.2219574004411697,99225.0625,41.07792282104492,1.2436425495421617,40.895809173583984,40.75268872578939,28.59375,0.07513427734375,0.0,0.0
190,central,2026-09-19T20:00:00,2026-09-19 20:00:00,0.0,0.0,298.46502685546875,-1.154812574386597,0.0462615974247455,99198.640625,41.51091384887695,1.1557388188330824,41.15301767985026,40.90671602884928,-26.765625,-0.59814453125,0.0,0.0
190,central,2026-09-19T21:00:00,2026-09-19 21:00:00,0.0,0.0,298.4937438964844,-1.0349518060684204,-0.1119049042463302,99207.6171875,42.031497955322266,1.0409841249887846,41.54011154174805,41.14737510681152,-22.296875,0.028717041015625,0.0,0.0
190,central,2026-09-19T22:00:00,2026-09-19 22:00:00,0.0,0.0,297.642822265625,-0.7957245111465454,-0.468920886516571,99150.046875,43.752960205078125,0.9236147981983048,42.43179066975912,41.66379992167155,-75.015625,-0.850921630859375,0.0,0.0
190,central,2026-09-19T23:00:00,2026-09-19 23:00:00,0.0,0.0,297.60565185546875,-0.5839263796806335,-0.6795562505722046,99217.6484375,44.37434005737305,0.8959724965525919,43.38626607259115,42.2696418762207,19.0078125,-0.03717041015625,0.0,0.0
190,central,2026-09-20T00:00:00,2026-09-20 00:00:00,0.0,0.0,298.74908447265625,-0.6404266357421875,-0.761242687702179,99204.6015625,44.81884765625,0.9948048579234492,44.315382639567055,42.927747090657554,-3.015625,1.1434326171875,0.0,0.0
190,central,2026-09-20T01:00:00,2026-09-20 01:00:00,0.0,0.0,299.0057678222656,-0.518542468547821,-0.3836731016635895,99248.640625,45.09889602661133,0.6450514247932695,44.76402791341146,43.59790929158529,98.59375,0.256683349609375,0.0,0.0
190,central,2026-09-20T02:00:00,2026-09-20 02:00:00,0.0,0.0,300.0243530273437,-0.27935791015625,0.0040802001021802,99290.4609375,45.2890625,0.2793877055271783,45.06893539428711,44.227600733439125,72.8125,1.0185852050780682,0.0,0.0
190,central,2026-09-20T03:00:00,2026-09-20 03:00:00,0.0,0.0,300.48223876953125,-0.1241943389177322,0.462686151266098,99373.234375,45.82517623901367,0.4790644094405752,45.404378255208336,44.859880447387695,168.6328125,0.4578857421875568,0.0,0.0
190,central,2026-09-20T04:00:00,2026-09-20 04:00:00,0.0,0.0,301.1293334960937,-0.005282592959702,0.5894805788993835,99378.640625,46.205039978027344,0.5895042482356936,45.773092905680336,45.2685604095459,130.0,0.6470947265624432,0.0,0.0
190,central,2026-09-20T05:00:00,2026-09-20 05:00:00,0.0,0.0,303.40740966796875,0.294036865234375,0.410195916891098,99383.171875,46.67809295654297,0.5046963129952373,46.23610305786133,45.65251922607422,92.7109375,2.278076171875057,0.0,0.0
190,central,2026-09-20T06:00:00,2026-09-20 06:00:00,0.0,0.0,305.74859619140625,0.3336547911167145,0.1577301025390625,99373.8515625,47.54482650756836,0.3690586740372343,46.80931981404623,46.10684903462728,0.6171875,2.3411865234375,0.0,0.0
190,central,2026-09-20T07:00:00,2026-09-20 07:00:00,0.0,0.0,306.1979064941406,0.1507202088832855,0.1403869688510894,99336.546875,48.66742706298828,0.2059734992396302,47.6301155090332,46.70160420735677,-42.09375,0.449310302734375,0.0,0.0
190,central,2026-09-20T08:00:00,2026-09-20 08:00:00,0.0,0.0,306.9764099121094,-0.0894317626953125,0.316171258687973,99241.2890625,49.78093719482422,0.3285761783804904,48.66439692179362,47.45024998982748,-141.8828125,0.77850341796875,0.0,0.0
190,central,2026-09-20T09:00:00,2026-09-20 09:00:00,0.0,0.0,307.30084228515625,-0.0447845458984375,0.52252197265625,99160.921875,50.20794677734375,0.524437667849963,49.55210367838541,48.18071174621582,-212.9296875,0.324432373046875,0.0,0.0
190,central,2026-09-20T10:00:00,2026-09-20 10:00:00,0.0,0.0,306.75927734375,-0.1160034164786338,0.5704345703125,99044.1640625,49.2627182006836,0.5821102916478301,49.75053405761719,48.6903247833252,-292.3828125,-0.54156494140625,0.0,0.0
190,central,2026-09-20T11:00:00,2026-09-20 11:00:00,0.0,0.0,306.520263671875,0.4257965087890625,-0.829144299030304,99025.4609375,49.45459747314453,0.932085261932302,49.64175415039063,49.153075536092125,-215.828125,-0.239013671875,0.0,0.0
190,central,2026-09-20T12:00:00,2026-09-20 12:00:00,0.0,0.0,305.99542236328125,0.5503326654434204,-1.1624634265899658,98990.328125,48.72379684448242,1.2861521141814232,49.14703750610352,49.34957059224447,-170.59375,-0.52484130859375,0.0,0.0
190,central,2026-09-20T13:00:00,2026-09-20 13:00:00,0.0,0.0,305.1566772460937,0.9797638058662416,-1.399999976158142,99020.0625,48.42209243774414,1.7087823291830648,48.86682891845703,49.30868148803711,-24.1015625,-0.8387451171875568,0.0,0.0
190,central,2026-09-20T14:00:00,2026-09-20 14:00:00,0.0,0.0,303.80096435546875,1.0974090099334717,-1.2229797840118408,99103.890625,47.91138458251953,1.6431634389752017,48.35242462158203,48.99708938598633,78.4296875,-1.3557128906249432,0.0,0.0
190,central,2026-09-20T15:00:00,2026-09-20 15:00:00,0.0,0.0,302.1886291503906,0.9928314089775084,-0.8854888677597046,99154.578125,48.23384475708008,1.3303400849326568,48.189107259114586,48.66807238260905,164.25,-1.612335205078125,0.0,0.0
190,central,2026-09-20T16:00:00,2026-09-20 16:00:00,0.0,0.0,302.6278381347656,0.616162121295929,-0.3574859499931335,99211.6015625,48.56465911865234,0.712356627092352,48.236629486083984,48.55172920227051,191.5390625,0.439208984375,0.0,0.0
190,central,2026-09-20T17:00:00,2026-09-20 17:00:00,0.0,0.0,301.691650390625,0.3253845274448395,-0.0848876982927322,99229.4765625,48.54503631591797,0.3362752028055881,48.44784673055013,48.40013567606608,125.5859375,-0.936187744140625,0.0,0.0
190,central,2026-09-20T18:00:00,2026-09-20 18:00:00,0.0,0.0,301.26812744140625,0.467184454202652,-0.0218505859375,99214.734375,48.62607192993164,0.4676951596440163,48.57858912150065,48.38384819030762,60.15625,-0.42352294921875,0.0,0.0
190,central,2026-09-20T19:00:00,2026-09-20 19:00:00,0.0,0.0,300.96417236328125,0.4752472043037414,-0.1235778778791427,99196.921875,48.8724365234375,0.4910513181935615,48.68118158976237,48.45890553792318,-14.6796875,-0.303955078125,0.0,0.0
190,central,2026-09-20T20:00:00,2026-09-20 20:00:00,0.0,0.0,300.2083435058594,0.4138153195381164,-0.2566467225551605,99143.65625,49.106407165527344,0.4869400978382648,48.86830520629883,48.65807596842448,-85.8203125,-0.755828857421875,0.0,0.0
190,central,2026-09-20T21:00:00,2026-09-20 21:00:00,0.0,0.0,300.12078857421875,0.3227996826171875,-0.5072387456893921,99136.265625,49.34435272216797,0.6012410333853676,49.10773213704427,48.84316062927246,-78.46875,-0.087554931640625,0.0,0.0
190,central,2026-09-20T22:00:00,2026-09-20 22:00:00,0.0,0.0,299.800537109375,-0.499258428812027,-0.6987823247909546,99079.984375,48.70938491821289,0.858810640467446,49.0533816019694,48.86728159586588,-116.9375,-0.32025146484375,0.0,0.0
190,central,2026-09-20T23:00:00,2026-09-20 23:00:00,0.0,0.0,299.8587951660156,-0.6662842035293579,-1.0160919427871704,99127.921875,49.1606330871582,1.2150627457336338,49.07145690917969,48.96988105773926,-15.734375,0.058258056640625,0.0,0.0
190,central,2026-09-21T00:00:00,2026-09-21 00:00:00,0.0,0.0,301.013671875,-0.736706554889679,-0.9370819330215454,99086.515625,48.99266052246094,1.1919979434599774,48.95422617594401,49.03097915649414,-49.75,1.154876708984375,0.0,0.0
190,central,2026-09-21T01:00:00,2026-09-21 01:00:00,0.0,0.0,301.0443420410156,-0.785858154296875,-0.9123016595840454,99091.125,48.72318649291992,1.204104379509806,48.95882670084635,49.00610415140788,11.140625,0.030670166015625,0.0,0.0
190,central,2026-09-21T02:00:00,2026-09-21 02:00:00,0.0,0.0,301.60009765625,-0.8754822015762329,-0.3903473019599914,99119.6640625,48.47393798828125,0.9585614750365322,48.72992833455404,48.90069262186686,-8.2578125,0.555755615234375,0.0,0.0
190,central,2026-09-21T03:00:00,2026-09-21 03:00:00,0.0,0.0,302.9302673339844,-0.757458508014679,-0.0662902817130088,99143.6484375,48.51619338989258,0.7603537287430197,48.57110595703125,48.76266606648763,57.1328125,1.330169677734375,0.0,0.0
190,central,2026-09-21T04:00:00,2026-09-21 04:00:00,0.0,0.0,303.3612365722656,-0.6510650515556335,0.0635253936052322,99146.9375,48.749549865722656,0.6541568443346285,48.57989374796549,48.76936022440592,55.8125,0.43096923828125,0.0,0.0
190,central,2026-09-21T05:00:00,2026-09-21 05:00:00,0.0,0.0,304.8778381347656,-0.3632873594760895,0.20086669921875,99152.4453125,49.20089721679688,0.4151206287456035,48.82221349080404,48.77607091267904,32.78125,1.5166015625,0.0,0.0
190,central,2026-09-21T06:00:00,2026-09-21 06:00:00,0.0,0.0,306.53350830078125,-0.015661621466279,0.2211334258317947,99118.125,49.68352508544922,0.2216873438134411,49.21132405598959,48.891215006510414,-25.5234375,1.655670166015625,0.0,0.0
190,central,2026-09-21T07:00:00,2026-09-21 07:00:00,0.0,0.0,306.85223388671875,0.16278076171875,0.1889404356479644,99014.578125,50.155418395996094,0.2493913884010012,49.67994689941406,49.12992032368978,-132.359375,0.3187255859375,0.0,0.0
190,central,2026-09-21T08:00:00,2026-09-21 08:00:00,0.0,0.0,307.70947265625,0.355975329875946,0.1507110595703125,98973.546875,50.580196380615234,0.3865646892269065,50.13971328735352,49.48096338907877,-178.8984375,0.85723876953125,0.0,0.0
190,central,2026-09-21T09:00:00,2026-09-21 09:00:00,0.0,0.0,308.03826904296875,0.734588623046875,0.34466552734375,98817.2734375,50.382720947265625,0.8114276128214082,50.37277857462565,49.79205131530762,-300.8515625,0.32879638671875,0.0,0.0
190,central,2026-09-21T10:00:00,2026-09-21 10:00:00,0.0,0.0,305.6861267089844,-1.2001311779022217,-0.3572845458984375,98740.1796875,49.2514533996582,1.2521849268022782,50.07145690917969,49.87570190429688,-274.3984375,-2.352142333984375,0.0,0.0
190,central,2026-09-21T11:00:00,2026-09-21 11:00:00,0.0,0.0,305.6609802246094,-1.2058837413787842,-1.060940504074097,98733.640625,48.53045272827149,1.6061601261725722,49.3882090250651,49.76396115620931,-239.90625,-0.025146484375,0.0,0.0
190,central,2026-09-21T12:00:00,2026-09-21 12:00:00,0.0,0.0,305.4911499023437,-0.7605651617050171,-1.1808990240097046,98747.578125,48.63529968261719,1.404628730343521,48.80573527018229,49.58925692240397,-69.6953125,-0.1698303222656818,0.0,0.0
190,central,2026-09-21T13:00:00,2026-09-21 13:00:00,0.0,0.0,305.2032775878906,-1.0472533702850342,-1.2490936517715454,98762.328125,48.773075103759766,1.6300228748300858,48.64627583821615,49.35886637369792,22.1484375,-0.2878723144530681,0.0,0.0
190,central,2026-09-21T14:00:00,2026-09-21 14:00:00,0.0,0.0,304.2794494628906,-1.2376922369003296,-1.1131713390350342,98826.328125,47.917259216308594,1.6646418543736046,48.44187800089518,48.91504351298014,92.6875,-0.923828125,0.0,0.0
190,central,2026-09-21T15:00:00,2026-09-21 15:00:00,0.0,0.0,302.55499267578125,-1.7015259265899658,-0.4604339599609375,98899.375,48.02956008911133,1.7627223009717532,48.2399648030599,48.52285003662109,151.796875,-1.724456787109375,0.0,0.0
190,central,2026-09-21T16:00:00,2026-09-21 16:00:00,0.0,0.0,302.256591796875,-1.733056664466858,0.1754882782697677,98928.6484375,47.321533203125,1.7419189240785802,47.75611750284831,48.20119667053223,166.3203125,-0.29840087890625,0.0,0.0
190,central,2026-09-21T17:00:00,2026-09-21 17:00:00,0.0,0.0,301.2232360839844,-1.504241943359375,0.5102294683456421,98904.5390625,46.57728958129883,1.5884199490468085,47.309460957845054,47.87566947937012,78.2109375,-1.033355712890625,0.0,0.0
190,central,2026-09-21T18:00:00,2026-09-21 18:00:00,0.0,0.0,301.0391540527344,-1.3541228771209717,0.4942077696323395,98931.28125,46.73052215576172,1.4414888434904205,46.87644831339518,47.55820655822754,31.90625,-0.18408203125,0.0,0.0
190,central,2026-09-21T19:00:00,2026-09-21 19:00:00,0.0,0.0,300.6297912597656,-1.4090697765350342,0.362802118062973,98907.1015625,47.266021728515625,1.4550268080057738,46.85794448852539,47.30703099568685,-21.546875,-0.40936279296875,0.0,0.0
190,central,2026-09-21T20:00:00,2026-09-21 20:00:00,0.0,0.0,300.19500732421875,-1.387173414230347,0.3110992312431335,98886.96875,47.515960693359375,1.4216303362082374,47.17083485921224,47.24014790852865,-17.5703125,-0.434783935546875,0.0,0.0
190,central,2026-09-21T21:00:00,2026-09-21 21:00:00,0.0,0.0,299.81170654296875,-1.3324706554412842,0.0377594009041786,98868.25,47.398468017578125,1.3330055588664167,47.39348347981771,47.134965896606445,-63.03125,-0.38330078125,0.0,0.0
190,central,2026-09-21T22:00:00,2026-09-21 22:00:00,0.0,0.0,299.4332580566406,-1.285546898841858,0.7068328857421875,98815.671875,47.29595565795898,1.467052677134855,47.40346145629883,47.13070297241211,-91.4296875,-0.378448486328125,0.0,0.0
190,central,2026-09-21T23:00:00,2026-09-21 23:00:00,0.0,0.0,299.7693786621094,-1.2810637950897217,0.3714324831962585,98839.3671875,47.43281936645508,1.3338240276224669,47.37574768066406,47.27329126993815,-47.6015625,0.33612060546875,0.0,0.0
190,central,2026-09-22T00:00:00,2026-09-22 00:00:00,0.0,0.0,301.03955078125,-0.5523406863212585,-0.2800537049770355,98862.5390625,47.642372131347656,0.6192820935867622,47.45704905192057,47.42526626586914,-5.7109375,1.270172119140625,0.0,0.0
190,central,2026-09-22T01:00:00,2026-09-22 01:00:00,0.0,0.0,301.1478881835937,-0.1448516845703125,-0.354724109172821,98905.84375,47.75643157958984,0.3831595022328283,47.61054102579752,47.50700124104818,90.171875,0.1083374023436931,0.0,0.0
190,central,2026-09-22T02:00:00,2026-09-22 02:00:00,0.0,0.0,301.9427185058594,-0.2015502899885177,-0.391467273235321,98953.703125,47.580867767333984,0.4403057408310196,47.65989049275717,47.51781908671061,114.3359375,0.7948303222656818,0.0,0.0
190,central,2026-09-22T03:00:00,2026-09-22 03:00:00,0.0,0.0,302.2984313964844,-0.0358795151114463,-0.0789825469255447,99000.0859375,47.442848205566406,0.0867501142562842,47.59338251749674,47.52521578470866,137.546875,0.355712890625,0.0,0.0
190,central,2026-09-22T04:00:00,2026-09-22 04:00:00,0.0,0.0,302.8201599121094,0.4032257199287414,0.2921569943428039,98986.0,47.25636672973633,0.4979424570725747,47.42669423421224,47.51861763000488,80.15625,0.521728515625,0.0,0.0
190,central,2026-09-22T05:00:00,2026-09-22 05:00:00,0.0,0.0,304.5030212402344,0.956268310546875,0.0963653549551963,98960.5859375,46.94340896606445,0.9611115249500526,47.2142079671224,47.43704922993978,6.8828125,1.682861328125,0.0,0.0
190,central,2026-09-22T06:00:00,2026-09-22 06:00:00,0.0,0.0,306.09393310546875,1.402560472488403,-0.2142700254917144,98890.3125,46.75328826904297,1.418833155381954,46.98435465494792,47.28886858622233,-109.7734375,1.590911865234375,0.0,0.0
190,central,2026-09-22T07:00:00,2026-09-22 07:00:00,0.0,0.0,306.5152893066406,1.9477112293243408,-0.4232147336006164,98838.9609375,46.72282791137695,1.9931607420308013,46.80650838216146,47.11660130818685,-147.0390625,0.421356201171875,0.0,0.0
190,central,2026-09-22T08:00:00,2026-09-22 08:00:00,0.0,0.0,307.358642578125,2.497964382171631,-0.6510406732559204,98735.296875,46.696380615234375,2.581410469652515,46.72416559855143,46.969186782836914,-225.2890625,0.843353271484375,0.0,0.0
190,central,2026-09-22T09:00:00,2026-09-22 09:00:00,0.0,0.0,307.5276794433594,3.0008544921875,-0.668048083782196,98637.1953125,45.987213134765625,3.0743155214660325,46.46880722045898,46.72658093770345,-253.1171875,0.169036865234375,0.0,0.0
190,central,2026-09-22T10:00:00,2026-09-22 10:00:00,0.0,0.0,306.27032470703125,3.0959105491638184,-0.6386260986328125,98512.4375,46.24123764038086,3.161092441273868,46.30827713012695,46.5573927561442,-326.5234375,-1.257354736328125,0.0,0.0
190,central,2026-09-22T11:00:00,2026-09-22 11:00:00,0.0,0.0,306.1903686523437,2.623584032058716,-0.9431304931640624,98496.0859375,45.95650863647461,2.78795414245094,46.06165313720703,46.392909367879234,-239.2109375,-0.0799560546875568,0.0,0.0
190,central,2026-09-22T12:00:00,2026-09-22 12:00:00,0.0,0.0,305.8130798339844,1.2844116687774658,-0.1907104551792144,98505.140625,45.7837142944336,1.2984929004836252,45.99382019042969,46.231313705444336,-132.0546875,-0.3772888183593181,0.0,0.0
190,central,2026-09-22T13:00:00,2026-09-22 13:00:00,0.0,0.0,305.1503295898437,1.429437279701233,0.6786529421806335,98515.7890625,44.7797737121582,1.5823592362450731,45.5066655476888,45.90747133890788,3.3515625,-0.6627502441406818,0.0,0.0
190,central,2026-09-22T14:00:00,2026-09-22 14:00:00,0.0,0.0,303.9095153808594,1.03424072265625,1.095361351966858,98595.765625,44.5579948425293,1.5064761411264318,45.04049428304037,45.551073710123696,99.6796875,-1.2408142089843182,0.0,0.0
190,central,2026-09-22T15:00:00,2026-09-22 15:00:00,0.0,0.0,301.6514587402344,0.6926544308662415,1.2522125244140625,98654.546875,44.80931854248047,1.431015851379039,44.71569569905599,45.35475794474284,149.40625,-2.258056640625,0.0,0.0
190,central,2026-09-22T16:00:00,2026-09-22 16:00:00,0.0,0.0,301.9672241210937,0.6456969976425171,1.166619896888733,98708.3125,44.693336486816406,1.3333891392167698,44.686883290608726,45.096774419148765,192.5234375,0.3157653808593181,0.0,0.0
190,central,2026-09-22T17:00:00,2026-09-22 17:00:00,0.0,0.0,301.4072265625,0.5799896121025085,0.957373023033142,98711.671875,44.4808464050293,1.1193529628220205,44.66116714477539,44.85083071390788,115.90625,-0.5599975585936932,0.0,0.0
190,central,2026-09-22T18:00:00,2026-09-22 18:00:00,0.0,0.0,301.0098571777344,0.3229950070381164,0.2859954833984375,98717.5703125,44.27547073364258,0.4314153347945095,44.48321787516276,44.599456787109375,63.0234375,-0.397369384765625,0.0,0.0
190,central,2026-09-22T19:00:00,2026-09-22 19:00:00,0.0,0.0,301.10333251953125,-0.42010498046875,0.0153045654296875,98716.078125,44.0733528137207,0.4203836632620735,44.27655665079752,44.481719970703125,7.765625,0.093475341796875,0.0,0.0
190,central,2026-09-22T20:00:00,2026-09-22 20:00:00,0.0,0.0,300.4249572753906,-0.864453136920929,-0.1426147520542144,98693.90625,43.932106018066406,0.8761382273568021,44.09364318847656,44.37740516662598,-17.765625,-0.678375244140625,0.0,0.0
190,central,2026-09-22T21:00:00,2026-09-22 21:00:00,0.0,0.0,300.272705078125,-1.1358184814453125,-0.1753601133823394,98673.3671875,43.70503616333008,1.149275768542173,43.90349833170573,44.19335810343424,-44.203125,-0.152252197265625,0.0,0.0
190,central,2026-09-22T22:00:00,2026-09-22 22:00:00,0.0,0.0,299.97540283203125,-0.6814117431640625,-0.439260870218277,98660.078125,44.09520721435547,0.8107231807632025,43.91078313191732,44.09366989135742,-56.0,-0.29730224609375,0.0,0.0
190,central,2026-09-22T23:00:00,2026-09-22 23:00:00,0.0,0.0,299.7493591308594,-0.3694305419921875,-0.971026599407196,98665.5703125,43.64402389526367,1.038928092850003,43.81475575764974,43.95419947306315,-28.3359375,-0.226043701171875,0.0,0.0
190,central,2026-09-23T00:00:00,2026-09-23 00:00:00,0.0,0.0,301.3199157714844,0.0535766594111919,-1.2757751941680908,98695.03125,43.97459030151367,1.27689968458305,43.90460713704427,43.904052734375,21.6640625,1.570556640625,0.0,0.0
190,central,2026-09-23T01:00:00,2026-09-23 01:00:00,0.0,0.0,301.22857666015625,0.0450927726924419,-1.1794830560684204,98749.421875,43.90359115600586,1.180344711387988,43.8407351175944,43.87575912475586,89.34375,-0.091339111328125,0.0,0.0
190,central,2026-09-23T02:00:00,2026-09-23 02:00:00,0.0,0.0,301.81915283203125,-0.2779479920864105,-0.5020812749862671,98822.15625,43.02907180786133,0.573882124653402,43.63575108846029,43.725253423055015,156.5859375,0.590576171875,0.0,0.0
190,central,2026-09-23T03:00:00,2026-09-23 03:00:00,0.0,0.0,302.204345703125,-0.6388580203056335,-0.0713561996817588,98903.453125,42.567169189453125,0.6428306754829427,43.16661071777344,43.53560892740885,208.421875,0.38519287109375,0.0,0.0
190,central,2026-09-23T04:00:00,2026-09-23 04:00:00,0.0,0.0,302.80767822265625,-0.988677978515625,0.4247192442417145,98917.1484375,42.85296630859375,1.0760439496744525,42.816402435302734,43.32856877644857,167.7265625,0.60333251953125,0.0,0.0
190,central,2026-09-23T05:00:00,2026-09-23 05:00:00,0.0,0.0,304.26617431640625,-1.039373755455017,0.811846911907196,98928.6171875,43.39859771728516,1.3188605733366647,42.93957773844401,43.28766441345215,106.4609375,1.45849609375,0.0,0.0
190,central,2026-09-23T06:00:00,2026-09-23 06:00:00,0.0,0.0,306.3658752441406,-1.186068773269653,1.0275757312774658,98861.015625,44.0233039855957,1.569289972706064,43.42495600382487,43.29578336079916,-42.4375,2.099700927734375,0.0,0.0
190,central,2026-09-23T07:00:00,2026-09-23 07:00:00,0.0,0.0,306.6430053710937,-1.415899634361267,0.966644287109375,98834.3515625,44.79988479614258,1.714401631002946,44.07392883300781,43.44516563415527,-82.796875,0.2771301269530681,0.0,0.0
191,central,2026-09-18T05:00:00,2026-09-18 05:00:00,0.0,0.0,303.1697692871094,1.2052459716796875,0.8134714961051941,98775.2734375,46.24690246582031,1.4540817470918672,45.56100336710612,45.91076405843099,159.796875,2.147064208984375,0.0,0.0
191,central,2026-09-18T06:00:00,2026-09-18 06:00:00,0.0,0.0,304.5953063964844,1.64251708984375,0.7889404296875,98757.7421875,46.53633117675781,1.822166126351897,46.08476257324219,45.70649973551432,69.046875,1.425537109375,0.0,0.0
191,central,2026-09-18T07:00:00,2026-09-18 07:00:00,0.0,0.0,305.0160217285156,1.96044921875,0.7181904911994934,98751.0625,46.57303237915039,2.087859842265964,46.45208867390951,45.80447133382162,51.5,0.42071533203125,0.0,0.0
191,central,2026-09-18T08:00:00,2026-09-18 08:00:00,0.0,0.0,305.611328125,1.6187998056411743,0.3277130126953125,98643.3671875,46.70463943481445,1.651638165408435,46.60466766357422,46.08283551534017,-131.90625,0.595306396484375,0.0,0.0
191,central,2026-09-18T09:00:00,2026-09-18 09:00:00,0.0,0.0,305.5484924316406,1.543451905250549,0.2782135009765625,98599.2734375,46.40879821777344,1.5683260298634292,46.562156677246094,46.32345962524414,-158.46875,-0.062835693359375,0.0,0.0
191,central,2026-09-18T10:00:00,2026-09-18 10:00:00,0.0,0.0,304.4329528808594,0.8296559453010559,0.11126708984375,98604.28125,46.26071548461914,0.8370838386061971,46.45805104573568,46.45506985982259,-146.78125,-1.11553955078125,0.0,0.0
191,central,2026-09-18T11:00:00,2026-09-18 11:00:00,0.0,0.0,304.6482849121094,0.2015838623046875,0.0857187882065773,98512.625,44.43558120727539,0.2190519668783626,45.701698303222656,46.15318298339844,-130.7421875,0.21533203125,0.0,0.0
191,central,2026-09-18T12:00:00,2026-09-18 12:00:00,0.0,0.0,304.279541015625,-0.5040842890739441,-0.1306304931640625,98528.59375,44.63890075683594,0.5207353418344772,45.11173248291016,45.836944580078125,-70.6796875,-0.368743896484375,0.0,0.0
191,central,2026-09-18T13:00:00,2026-09-18 13:00:00,0.0,0.0,303.934326171875,-0.5190684199333191,-0.0796763077378273,98573.8828125,44.59029769897461,0.5251479206726477,44.55492655436198,45.50648880004883,-30.3984375,-0.34521484375,0.0,0.0
191,central,2026-09-18T14:00:00,2026-09-18 14:00:00,0.0,0.0,302.7276916503906,-0.9470621943473816,0.2008514404296875,98673.9296875,44.1061897277832,0.9681260770606056,44.44512939453125,45.07341384887695,161.3046875,-1.206634521484375,0.0,0.0
191,central,2026-09-18T15:00:00,2026-09-18 15:00:00,0.0,0.0,300.9669494628906,-1.072809815406799,0.0815175399184227,98701.2265625,43.745243072509766,1.075902416275529,44.14724349975586,44.62948799133301,172.6328125,-1.7607421875,0.0,0.0
191,central,2026-09-18T16:00:00,2026-09-18 16:00:00,0.0,0.0,300.6859436035156,-1.3338369131088257,0.1308390349149704,98739.09375,43.30566787719727,1.340238696586978,43.71903355916341,44.136980056762695,165.2109375,-0.281005859375,0.0,0.0
191,central,2026-09-18T17:00:00,2026-09-18 17:00:00,0.0,0.0,300.3258361816406,-1.2671152353286743,0.2674713134765625,98767.3203125,42.7744026184082,1.295037421519131,43.27510452270508,43.86011695861816,93.390625,-0.360107421875,0.0,0.0
191,central,2026-09-18T18:00:00,2026-09-18 18:00:00,0.0,0.0,300.2884216308594,-1.1549224853515625,0.542633056640625,98766.46875,42.23305892944336,1.2760472488625874,42.77104314168295,43.4591433207194,65.2421875,-0.03741455078125,0.0,0.0
191,central,2026-09-18T19:00:00,2026-09-18 19:00:00,0.0,0.0,300.0520935058594,-1.0030618906021118,0.5997416377067566,98772.8671875,41.76842880249024,1.1686843835601917,42.2586301167806,42.98883183797201,33.7734375,-0.236328125,0.0,0.0
191,central,2026-09-18T20:00:00,2026-09-18 20:00:00,0.0,0.0,299.40478515625,-1.0104522705078125,0.6222941279411316,98769.4375,41.33589172363281,1.1867028999056195,41.7791264851888,42.52711550394694,2.1171875,-0.647308349609375,0.0,0.0
191,central,2026-09-18T21:00:00,2026-09-18 21:00:00,0.0,0.0,299.4173889160156,-1.120000243186951,0.4987640380859375,98772.9765625,40.97366714477539,1.2260367492153812,41.35932922363281,42.06518618265788,6.5078125,0.012603759765625,0.0,0.0
191,central,2026-09-18T22:00:00,2026-09-18 22:00:00,0.0,0.0,298.788330078125,-1.0248514413833618,0.0722198486328125,98759.9609375,43.636600494384766,1.027392906069582,41.98205312093099,42.1203416188558,-12.90625,-0.629058837890625,0.0,0.0
191,central,2026-09-18T23:00:00,2026-09-18 23:00:00,0.0,0.0,298.7298889160156,-1.2545267343521118,-0.0046844482421875,98851.96875,44.6652946472168,1.2545354802712867,43.09185409545898,42.43549029032389,82.53125,-0.058441162109375,0.0,0.0
191,central,2026-09-19T00:00:00,2026-09-19 00:00:00,0.0,0.0,299.9678649902344,-1.3882547616958618,0.0697784423828125,98887.46875,45.810054779052734,1.3900073073162622,44.703983306884766,43.03165626525879,114.4921875,1.23797607421875,0.0,0.0
191,central,2026-09-19T01:00:00,2026-09-19 01:00:00,0.0,0.0,300.1189880371094,-1.6964925527572632,-0.0579325370490551,98957.2578125,46.23581314086914,1.6974814168083832,45.57038752237956,43.77622032165527,197.296875,0.151123046875,0.0,0.0
191,central,2026-09-19T02:00:00,2026-09-19 02:00:00,0.0,0.0,300.8087463378906,-1.9729766845703125,-0.451995849609375,99031.2578125,46.09737014770508,2.024089238626144,46.04774602254232,44.56980005900065,179.2890625,0.68975830078125,0.0,0.0
191,central,2026-09-19T03:00:00,2026-09-19 03:00:00,0.0,0.0,301.498046875,-2.274805784225464,-0.5116424560546875,99113.9609375,45.7214241027832,2.331634482242725,46.018202463785805,45.36109288533529,226.4921875,0.689300537109375,0.0,0.0
191,central,2026-09-19T04:00:00,2026-09-19 04:00:00,0.0,0.0,301.9266052246094,-2.693939208984375,-0.1543019562959671,99106.1953125,45.67601013183594,2.6983546014970163,45.83160146077474,45.70099449157715,148.9375,0.428558349609375,0.0,0.0
191,central,2026-09-19T05:00:00,2026-09-19 05:00:00,0.0,0.0,302.9534606933594,-2.4951629638671875,0.1491800993680954,99105.3125,45.66520690917969,2.499618554560268,45.68754704793295,45.86764653523763,74.0546875,1.02685546875,0.0,0.0
191,central,2026-09-19T06:00:00,2026-09-19 06:00:00,0.0,0.0,304.312744140625,-2.066004514694214,0.6696980595588684,99067.1796875,45.69087219238281,2.171835662685781,45.67736307779948,45.84778277079264,-46.78125,1.359283447265625,0.0,0.0
191,central,2026-09-19T07:00:00,2026-09-19 07:00:00,0.0,0.0,304.2383728027344,-1.3580169677734375,1.0229644775390625,99002.8203125,45.81373977661133,1.7001959907808657,45.72327295939128,45.77743721008301,-103.375,-0.074371337890625,0.0,0.0
191,central,2026-09-19T08:00:00,2026-09-19 08:00:00,0.0,0.0,304.3951110839844,-0.8421173095703125,1.4043477773666382,98891.9453125,45.97932434082031,1.6374841198840857,45.82797876993815,45.75776290893555,-213.3671875,0.15673828125,0.0,0.0
191,central,2026-09-19T09:00:00,2026-09-19 09:00:00,0.0,0.0,303.8035583496094,-0.2137451171875,1.721186280250549,98823.09375,45.812129974365234,1.7344074453380958,45.86839803059896,45.77288055419922,-244.0859375,-0.591552734375,0.0,0.0
191,central,2026-09-19T10:00:00,2026-09-19 10:00:00,0.0,0.0,304.041748046875,-0.0650380477309227,1.184321045875549,98837.8515625,43.10708236694336,1.1861055127417646,44.96617889404297,45.344725926717125,-164.96875,0.238189697265625,0.0,0.0
191,central,2026-09-19T11:00:00,2026-09-19 11:00:00,0.0,0.0,302.814208984375,-0.895050048828125,1.357025146484375,98840.125,41.24570846557617,1.6256173713694648,43.38830693562826,44.6081428527832,-51.8203125,-1.2275390625,0.0,0.0
191,central,2026-09-19T12:00:00,2026-09-19 12:00:00,0.0,0.0,302.0005798339844,-1.303217530250549,0.4758809506893158,98825.03125,39.46220016479492,1.3873855305506495,41.27166366577149,43.57003084818522,1.9375,-0.813629150390625,0.0,0.0
191,central,2026-09-19T13:00:00,2026-09-19 13:00:00,0.0,0.0,301.9021911621094,-1.2850240468978882,-0.405609130859375,98863.7578125,39.57802200317383,1.3475182997430215,40.09531021118164,42.53074455261231,25.90625,-0.098388671875,0.0,0.0
191,central,2026-09-19T14:00:00,2026-09-19 14:00:00,0.0,0.0,301.2177734375,-1.0646158456802368,-0.560394287109375,98952.1796875,40.09989929199219,1.2030996034818855,39.71337381998698,41.55084037780762,112.0546875,-0.684417724609375,0.0,0.0
191,central,2026-09-19T15:00:00,2026-09-19 15:00:00,0.0,0.0,299.8458557128906,-0.6998240351676941,-0.1321461945772171,99026.1328125,40.118465423583984,0.7121911940902061,39.93212890625,40.60189628601074,201.1015625,-1.371917724609375,0.0,0.0
191,central,2026-09-19T16:00:00,2026-09-19 16:00:00,0.0,0.0,300.04736328125,-0.658660888671875,0.200653076171875,99091.6328125,40.57036209106445,0.6885461663848405,40.26290893554688,40.17910957336426,227.875,0.201507568359375,0.0,0.0
191,central,2026-09-19T17:00:00,2026-09-19 17:00:00,0.0,0.0,298.904296875,-0.6455027461051941,0.1793925017118454,99119.1328125,40.85816955566406,0.6699667640262322,40.51566569010416,40.11451975504557,166.953125,-1.14306640625,0.0,0.0
191,central,2026-09-19T18:00:00,2026-09-19 18:00:00,0.0,0.0,298.8047790527344,-0.5946044921875,0.0790863037109375,99124.1484375,41.12607192993164,0.5998409335517321,40.85153452555338,40.391831715901695,98.015625,-0.099517822265625,0.0,0.0
191,central,2026-09-19T19:00:00,2026-09-19 19:00:00,0.0,0.0,298.83251953125,-0.502777099609375,-0.2358551025390625,99115.9296875,41.40494155883789,0.555348936512286,41.12972768147787,40.69631830851237,24.296875,0.027740478515625,0.0,0.0
191,central,2026-09-19T20:00:00,2026-09-19 20:00:00,0.0,0.0,298.478515625,-0.4855092465877533,-0.4457956850528717,99090.6796875,41.76514434814453,0.6591305040232678,41.43205261230469,40.97385915120443,-28.453125,-0.35400390625,0.0,0.0
191,central,2026-09-19T21:00:00,2026-09-19 21:00:00,0.0,0.0,298.4833984375,-0.3701731264591217,-0.7279205322265625,99095.28125,42.05350112915039,0.8166372785940664,41.74119567871094,41.29636510213216,-28.8671875,0.0048828125,0.0,0.0
191,central,2026-09-19T22:00:00,2026-09-19 22:00:00,0.0,0.0,297.240478515625,-0.2289276123046875,-0.9090576171875,99041.6796875,43.46923828125,0.9374399196973322,42.42929458618164,41.77951113382975,-74.25,-1.242919921875,0.0,0.0
191,central,2026-09-19T23:00:00,2026-09-19 23:00:00,0.0,0.0,297.3694763183594,-0.0585683174431324,-0.9341786503791808,99105.6171875,43.99679946899414,0.9360128196944671,43.17317962646485,42.302616119384766,14.9375,0.128997802734375,0.0,0.0
191,central,2026-09-20T00:00:00,2026-09-20 00:00:00,0.0,0.0,298.566650390625,-0.0248667392879724,-0.9833781123161316,99089.6328125,44.324249267578125,0.9836924654104322,43.93009567260742,42.83564567565918,-5.6484375,1.197174072265625,0.0,0.0
191,central,2026-09-20T01:00:00,2026-09-20 01:00:00,0.0,0.0,298.8067932128906,0.0737101212143898,-0.485137939453125,99132.34375,44.5732421875,0.4907056167054378,44.29809697469076,43.3636957804362,90.6640625,0.240142822265625,0.0,0.0
191,central,2026-09-20T02:00:00,2026-09-20 02:00:00,0.0,0.0,299.950927734375,0.2302449494600296,-0.2258351594209671,99172.2890625,44.83710861206055,0.3225124121371845,44.57820002237956,43.8756898244222,66.671875,1.144134521484375,0.0,0.0
191,central,2026-09-20T03:00:00,2026-09-20 03:00:00,0.0,0.0,300.4873046875,0.3614501953125,0.2808176577091217,99255.53125,45.51078796386719,0.4577169437247018,44.97371292114258,44.451904296875,165.8984375,0.536376953125,0.0,0.0
191,central,2026-09-20T04:00:00,2026-09-20 04:00:00,0.0,0.0,301.134033203125,0.4121653139591217,0.3491159975528717,99262.0703125,46.277828216552734,0.5401501881684001,45.54190826416016,44.92000261942545,129.7265625,0.646728515625,0.0,0.0
191,central,2026-09-20T05:00:00,2026-09-20 05:00:00,0.0,0.0,303.3648986816406,0.4006449282169342,0.2063547819852829,99267.40625,47.25185775756836,0.4506646808372562,46.346824645996094,45.46251233418783,95.1171875,2.230865478515625,0.0,0.0
191,central,2026-09-20T06:00:00,2026-09-20 06:00:00,0.0,0.0,305.6556701660156,0.0929972305893898,0.1642405241727829,99268.9765625,48.53695297241211,0.1887417141965353,47.35554631551107,46.16462961832682,13.4453125,2.290771484375,0.0,0.0
191,central,2026-09-20T07:00:00,2026-09-20 07:00:00,0.0,0.0,306.1040954589844,-0.4260050356388092,0.4272359311580658,99237.0703125,49.88285446166992,0.6033331014142376,48.55722173055013,47.04956499735514,-25.0,0.44842529296875,0.0,0.0
191,central,2026-09-20T08:00:00,2026-09-20 08:00:00,0.0,0.0,306.8414001464844,-0.5687611699104309,0.6847584843635559,99132.125,50.75444030761719,0.8901592275013254,49.72474924723307,48.035786946614586,-135.28125,0.7373046875,0.0,0.0
191,central,2026-09-20T09:00:00,2026-09-20 09:00:00,0.0,0.0,307.0829162597656,-0.5192311406135559,0.54156494140625,99050.3203125,51.27812576293945,0.750262329550944,50.63847351074219,48.99700991312663,-218.65625,0.24151611328125,0.0,0.0
191,central,2026-09-20T10:00:00,2026-09-20 10:00:00,0.0,0.0,306.5330505371094,0.22149658203125,0.9234619140625,98920.3671875,50.01981735229492,0.9496539593849448,50.68412780761719,49.62067476908366,-316.703125,-0.54986572265625,0.0,0.0
191,central,2026-09-20T11:00:00,2026-09-20 11:00:00,0.0,0.0,306.4161071777344,0.6972808837890625,-0.992034912109375,98908.3671875,50.3137092590332,1.212573254587743,50.5372174580892,50.13098335266113,-223.7578125,-0.116943359375,0.0,0.0
191,central,2026-09-20T12:00:00,2026-09-20 12:00:00,0.0,0.0,305.9855041503906,0.6702219843864441,-1.03668212890625,98866.3671875,49.35830307006836,1.2344664210696448,49.89727656046549,50.26787503560384,-183.953125,-0.43060302734375,0.0,0.0
191,central,2026-09-20T13:00:00,2026-09-20 13:00:00,0.0,0.0,305.4624938964844,1.232660889625549,-1.3655599355697632,98891.59375,48.62411117553711,1.839621375839536,49.43204116821289,50.05808448791504,-28.7734375,-0.52301025390625,0.0,0.0
191,central,2026-09-20T14:00:00,2026-09-20 14:00:00,0.0,0.0,304.1041564941406,1.1178842782974243,-0.9412739872932434,98989.125,48.333255767822266,1.4613904265525604,48.77189000447592,49.65455373128256,80.7578125,-1.35833740234375,0.0,0.0
191,central,2026-09-20T15:00:00,2026-09-20 15:00:00,0.0,0.0,302.7608337402344,0.6085866093635559,-0.2823638916015625,99043.34375,48.31685256958008,0.6709001627492784,48.42473983764648,49.16100819905599,176.9765625,-1.34332275390625,0.0,0.0
191,central,2026-09-20T16:00:00,2026-09-20 16:00:00,0.0,0.0,303.3155822753906,0.2246907502412796,0.1563161164522171,99102.96875,48.393890380859375,0.2737163888164028,48.34799957275391,48.8900203704834,211.375,0.55474853515625,0.0,0.0
191,central,2026-09-20T17:00:00,2026-09-20 17:00:00,0.0,0.0,302.1665954589844,0.1750590056180954,0.1105550155043602,99121.9375,48.149658203125,0.2070460501945537,48.28680038452149,48.529345194498696,132.8125,-1.14898681640625,0.0,0.0
191,central,2026-09-20T18:00:00,2026-09-20 18:00:00,0.0,0.0,301.5785217285156,0.2030894011259079,-0.1632893830537796,99104.3671875,48.06083679199219,0.2605930303514733,48.20146179199219,48.313100814819336,61.0234375,-0.58807373046875,0.0,0.0
191,central,2026-09-20T19:00:00,2026-09-20 19:00:00,0.0,0.0,300.9640197753906,0.0194854736328125,-0.4283955991268158,99088.8203125,48.29802322387695,0.4288385162668093,48.16950607299805,48.25875282287598,-14.1484375,-0.614501953125,0.0,0.0
191,central,2026-09-20T20:00:00,2026-09-20 20:00:00,0.0,0.0,300.072021484375,-0.3402862548828125,-0.5656636357307434,99037.3203125,48.56851577758789,0.6601288389778874,48.30912526448568,48.29796282450358,-84.6171875,-0.891998291015625,0.0,0.0
191,central,2026-09-20T21:00:00,2026-09-20 21:00:00,0.0,0.0,299.7732849121094,-0.4081573486328125,-0.6620890498161316,99028.9296875,48.89142227172852,0.777788101689268,48.58598709106445,48.39372444152832,-75.4375,-0.298736572265625,0.0,0.0
191,central,2026-09-20T22:00:00,2026-09-20 22:00:00,0.0,0.0,299.257568359375,-1.0138092041015625,-0.7327015995979309,98980.28125,48.81127548217773,1.2508639959541603,48.75707117716471,48.46328862508138,-108.5390625,-0.515716552734375,0.0,0.0
191,central,2026-09-20T23:00:00,2026-09-20 23:00:00,0.0,0.0,299.2574768066406,-0.7532958984375,-1.0316518545150757,99022.4921875,49.13094711303711,1.2774037183001916,48.94454828898112,48.6268367767334,-14.828125,-9.1552734375e-05,0.0,0.0
191,central,2026-09-21T00:00:00,2026-09-21 00:00:00,0.0,0.0,300.6526794433594,-0.7894083857536316,-1.1603240966796875,98974.71875,48.92221450805664,1.403395029502986,48.95481236775717,48.770399729410805,-54.2109375,1.39520263671875,0.0,0.0
191,central,2026-09-21T01:00:00,2026-09-21 01:00:00,0.0,0.0,300.6204528808594,-0.7596537470817566,-1.0081024169921875,98982.2578125,48.6191520690918,1.2622774253708429,48.89077123006185,48.82392120361328,1.9765625,-0.0322265625,0.0,0.0
191,central,2026-09-21T02:00:00,2026-09-21 02:00:00,0.0,0.0,301.43115234375,-0.8181254267692566,-0.6255035400390625,99008.5625,48.39053726196289,1.0298465383384932,48.643967946370445,48.79425811767578,-13.9296875,0.810699462890625,0.0,0.0
191,central,2026-09-21T03:00:00,2026-09-21 03:00:00,0.0,0.0,303.2317810058594,-0.76116943359375,-0.2217915803194046,99030.3125,48.36964416503906,0.7928243258995079,48.45977783203125,48.7072950998942,55.59375,1.800628662109375,0.0,0.0
191,central,2026-09-21T04:00:00,2026-09-21 04:00:00,0.0,0.0,303.60693359375,-0.8599192500114441,0.1485188752412796,99033.375,48.73822021484375,0.8726505445154888,48.49946721394857,48.69511922200521,51.1171875,0.375152587890625,0.0,0.0
191,central,2026-09-21T05:00:00,2026-09-21 05:00:00,0.0,0.0,304.8878479003906,-0.792388916015625,0.57196044921875,99042.28125,49.4369010925293,0.9772507097438872,48.8482551574707,48.74611155192057,33.71875,1.280914306640625,0.0,0.0
191,central,2026-09-21T06:00:00,2026-09-21 06:00:00,0.0,0.0,306.2208557128906,-0.46575927734375,0.7517649531364441,99009.625,50.25533676147461,0.8843541424090308,49.47681935628256,48.9682985941569,-20.6875,1.3330078125,0.0,0.0
191,central,2026-09-21T07:00:00,2026-09-21 07:00:00,0.0,0.0,306.4949645996094,-0.2291463166475296,0.7388102412223816,98906.6015625,50.97462463378906,0.7735299651391687,50.22228749593099,49.36087735493978,-126.7734375,0.27410888671875,0.0,0.0
191,central,2026-09-21T08:00:00,2026-09-21 08:00:00,0.0,0.0,307.28466796875,-0.0224100742489099,0.7493438720703125,98865.6875,51.55962753295898,0.7496788979537643,50.92986297607422,49.88905906677246,-176.59375,0.789703369140625,0.0,0.0
191,central,2026-09-21T09:00:00,2026-09-21 09:00:00,0.0,0.0,307.5615234375,0.0492045097053051,0.65423583984375,98709.5078125,51.35140609741211,0.6560835449174109,51.29521942138672,50.38601938883463,-300.1171875,0.27685546875,0.0,0.0
191,central,2026-09-21T10:00:00,2026-09-21 10:00:00,0.0,0.0,305.1959533691406,-0.0654958114027977,-0.3943939208984375,98667.9453125,50.38432693481445,0.3997952803034996,51.09845352172852,50.66037050882975,-238.65625,-2.365570068359375,0.0,0.0
191,central,2026-09-21T11:00:00,2026-09-21 11:00:00,0.0,0.0,305.355712890625,-0.1150309219956398,-1.423212647438049,98622.6328125,48.08462142944336,1.427853757512578,49.940118153889976,50.434990564982094,-243.0546875,0.159759521484375,0.0,0.0
191,central,2026-09-21T12:00:00,2026-09-21 12:00:00,0.0,0.0,304.8282165527344,-0.0604349784553051,-1.272760987281799,98646.1796875,48.14571762084961,1.27419500759006,48.87155532836914,50.08338737487793,-63.328125,-0.527496337890625,0.0,0.0
191,central,2026-09-21T13:00:00,2026-09-21 13:00:00,0.0,0.0,304.6722717285156,-0.02801513671875,-1.4632211923599243,98656.2578125,47.56265640258789,1.4634893595980016,47.93099848429362,49.51472600301107,-11.6875,-0.15594482421875,0.0,0.0
191,central,2026-09-21T14:00:00,2026-09-21 14:00:00,0.0,0.0,303.795654296875,-0.4657846987247467,-1.4214071035385132,98735.0625,47.33034896850586,1.4957785730367474,47.67957433064779,48.80984624226888,112.4296875,-0.876617431640625,0.0,0.0
191,central,2026-09-21T15:00:00,2026-09-21 15:00:00,0.0,0.0,302.16064453125,-1.0275675058364868,-0.9189300537109376,98808.2421875,47.18476867675781,1.3785236387759932,47.35925801595052,48.11540667215983,162.0625,-1.635009765625,0.0,0.0
191,central,2026-09-21T16:00:00,2026-09-21 16:00:00,0.0,0.0,302.079833984375,-1.330810546875,-0.45458984375,98827.5234375,46.161895751953125,1.4063102921170654,46.892337799072266,47.41166814168295,171.265625,-0.080810546875,0.0,0.0
191,central,2026-09-21T17:00:00,2026-09-21 17:00:00,0.0,0.0,300.9091796875,-1.528656005859375,-0.0040283203125,98800.7421875,45.31654739379883,1.5286613135729177,46.22107060750326,46.95032246907552,65.6796875,-1.170654296875,0.0,0.0
191,central,2026-09-21T18:00:00,2026-09-21 18:00:00,0.0,0.0,300.7156677246094,-1.5367075204849243,0.0735371932387352,98826.8828125,45.5107307434082,1.5384660289731311,45.66305796305338,46.51115798950195,18.640625,-0.193511962890625,0.0,0.0
191,central,2026-09-21T19:00:00,2026-09-21 19:00:00,0.0,0.0,300.2000427246094,-1.3838094472885132,-0.0236562099307775,98800.0625,46.08626937866211,1.384011633864842,45.63784917195638,46.26509348551432,-27.4609375,-0.515625,0.0,0.0
191,central,2026-09-21T20:00:00,2026-09-21 20:00:00,0.0,0.0,299.7635192871094,-1.1197255849838257,-0.3324228823184967,98778.1328125,46.27507400512695,1.1680284064851796,45.957358042399086,46.08921432495117,-22.609375,-0.4365234375,0.0,0.0
191,central,2026-09-21T21:00:00,2026-09-21 21:00:00,0.0,0.0,299.6539611816406,-0.7230631709098816,-0.6452484130859375,98755.4453125,46.09260940551758,0.9691057030665816,46.15131759643555,45.90718777974447,-71.4375,-0.10955810546875,0.0,0.0
191,central,2026-09-21T22:00:00,2026-09-21 22:00:00,0.0,0.0,299.201416015625,-1.1370443105697632,-0.0846710205078125,98710.5390625,46.107608795166016,1.140192503883841,46.15843073527018,45.89813995361328,-89.5234375,-0.452545166015625,0.0,0.0
191,central,2026-09-21T23:00:00,2026-09-21 23:00:00,0.0,0.0,299.5399475097656,-0.9405364990234376,-0.3056182861328125,98726.1328125,46.29408264160156,0.9889446105895024,46.16476694742838,46.061062494913735,-52.0,0.338531494140625,0.0,0.0
191,central,2026-09-22T00:00:00,2026-09-22 00:00:00,0.0,0.0,300.78271484375,-0.3243459165096283,-0.6357828974723816,98746.3359375,46.644649505615234,0.7137367625916768,46.3487803141276,46.25004895528158,-9.109375,1.242767333984375,0.0,0.0
191,central,2026-09-22T01:00:00,2026-09-22 01:00:00,0.0,0.0,300.8121032714844,0.0581105537712574,-0.60931396484375,98793.7421875,47.02791976928711,0.6120787075313213,46.65555063883463,46.40699068705241,83.203125,0.029388427734375,0.0,0.0
191,central,2026-09-22T02:00:00,2026-09-22 02:00:00,0.0,0.0,301.9180603027344,0.1645304411649704,-0.4938761293888092,98838.3046875,47.139591217041016,0.5205611368994151,46.93738683064779,46.551076889038086,112.171875,1.10595703125,0.0,0.0
191,central,2026-09-22T03:00:00,2026-09-22 03:00:00,0.0,0.0,302.3502502441406,0.4544525146484375,-0.1454213410615921,98889.7890625,47.229434967041016,0.4771524436764839,47.13231531778971,46.74054781595866,143.453125,0.43218994140625,0.0,0.0
191,central,2026-09-22T04:00:00,2026-09-22 04:00:00,0.0,0.0,302.9156188964844,0.991572082042694,0.128875732421875,98871.3046875,47.14503860473633,0.9999120702810612,47.17135492960612,46.913452784220375,77.5625,0.56536865234375,0.0,0.0
191,central,2026-09-22T05:00:00,2026-09-22 05:00:00,0.0,0.0,304.3689880371094,1.3511251211166382,-0.0852101668715477,98840.15625,46.85896682739258,1.3538093903687944,47.077813466389976,47.00760014851888,1.8515625,1.453369140625,0.0,0.0
191,central,2026-09-22T06:00:00,2026-09-22 06:00:00,0.0,0.0,305.8199768066406,1.6348520517349243,-0.1798299103975296,98767.8125,46.52262496948242,1.6447127493077554,46.842210133870445,46.98726272583008,-121.9765625,1.45098876953125,0.0,0.0
191,central,2026-09-22T07:00:00,2026-09-22 07:00:00,0.0,0.0,306.342041015625,1.966298460960388,-0.1171925887465477,98708.8984375,46.2991943359375,1.9697877399436488,46.56026204427084,46.86580848693848,-162.40625,0.522064208984375,0.0,0.0
191,central,2026-09-22T08:00:00,2026-09-22 08:00:00,0.0,0.0,307.1206970214844,2.4111480712890625,-0.2027333527803421,98599.4296875,46.16506576538086,2.4196561396220178,46.32896169026693,46.70338757832845,-240.7265625,0.778656005859375,0.0,0.0
191,central,2026-09-22T09:00:00,2026-09-22 09:00:00,0.0,0.0,307.160888671875,2.8817138671875,-0.0631001815199852,98498.59375,45.56599044799805,2.882404628994443,46.0100835164388,46.42614682515463,-269.21875,0.040191650390625,0.0,0.0
191,central,2026-09-22T10:00:00,2026-09-22 10:00:00,0.0,0.0,306.1481018066406,2.9286906719207764,-0.1171417236328125,98377.90625,45.33726501464844,2.931032452091146,45.689440409342446,46.12485122680664,-330.9921875,-1.012786865234375,0.0,0.0
191,central,2026-09-22T11:00:00,2026-09-22 11:00:00,0.0,0.0,305.6937561035156,2.218505859375,-0.5349273681640625,98381.4140625,46.172000885009766,2.282085786575986,45.69175211588541,46.01035690307617,-218.015625,-0.454345703125,0.0,0.0
191,central,2026-09-22T12:00:00,2026-09-22 12:00:00,0.0,0.0,305.3277893066406,1.02630615234375,0.2602335512638092,98389.9375,45.726749420166016,1.0587850676799355,45.745338439941406,45.8777109781901,-108.65625,-0.365966796875,0.0,0.0
191,central,2026-09-22T13:00:00,2026-09-22 13:00:00,0.0,0.0,304.8910217285156,0.880706787109375,1.153620362281799,98412.5546875,44.54591751098633,1.4513732756020097,45.4815559387207,45.58549817403158,34.6484375,-0.436767578125,0.0,0.0
191,central,2026-09-22T14:00:00,2026-09-22 14:00:00,0.0,0.0,303.634521484375,0.0763956680893898,1.402099609375,98502.1328125,44.97576904296875,1.404179337802815,45.082811991373696,45.38728205362956,120.71875,-1.256500244140625,0.0,0.0
191,central,2026-09-22T15:00:00,2026-09-22 15:00:00,0.0,0.0,301.4598083496094,-0.2907765805721283,1.2413076162338257,98561.6171875,45.26251220703125,1.2749100430733622,44.92806625366211,45.33670234680176,171.6796875,-2.174713134765625,0.0,0.0
191,central,2026-09-22T16:00:00,2026-09-22 16:00:00,0.0,0.0,301.5965881347656,-0.5065816044807434,0.912322998046875,98614.6484375,45.351863861083984,1.043531587813001,45.19671503702799,45.33913548787435,202.09375,0.13677978515625,0.0,0.0
191,central,2026-09-22T17:00:00,2026-09-22 17:00:00,0.0,0.0,301.4270935058594,-0.8117421269416809,0.1630045622587204,98624.0078125,45.80031204223633,0.8279467180736699,45.47156270345052,45.27718734741211,121.875,-0.16949462890625,0.0,0.0
191,central,2026-09-22T18:00:00,2026-09-22 18:00:00,0.0,0.0,300.9988708496094,-1.021113038063049,-0.3298899233341217,98630.3671875,45.623779296875,1.0730793064912505,45.59198506673177,45.26002566019694,68.75,-0.42822265625,0.0,0.0
191,central,2026-09-22T19:00:00,2026-09-22 19:00:00,0.0,0.0,301.2236328125,-1.2825723886489868,-0.4493764340877533,98624.40625,45.4307746887207,1.359018436827916,45.61828867594401,45.407501856486,9.7578125,0.224761962890625,0.0,0.0
191,central,2026-09-22T20:00:00,2026-09-22 20:00:00,0.0,0.0,300.4180603027344,-1.2200521230697632,-0.4494832456111908,98594.0703125,45.21361923217773,1.3002162785829927,45.42272440592448,45.4471435546875,-29.9375,-0.805572509765625,0.0,0.0
191,central,2026-09-22T21:00:00,2026-09-22 21:00:00,0.0,0.0,300.2420959472656,-1.0624135732650757,-0.5359395146369934,98567.6328125,44.94071578979492,1.1899385547191932,45.19503657023112,45.393510818481445,-62.734375,-0.17596435546875,0.0,0.0
191,central,2026-09-22T22:00:00,2026-09-22 22:00:00,0.0,0.0,299.7451171875,-0.6553700566291809,-0.7448272705078125,98550.0078125,44.24208068847656,0.9921076423545248,44.798805236816406,45.20854695638021,-74.3984375,-0.496978759765625,0.0,0.0
191,central,2026-09-22T23:00:00,2026-09-22 23:00:00,0.0,0.0,299.6263732910156,-0.2174123078584671,-1.0150045156478882,98547.8046875,43.53399658203125,1.038028072064503,44.238931020100914,44.830827713012695,-46.265625,-0.118743896484375,0.0,0.0
191,central,2026-09-23T00:00:00,2026-09-23 00:00:00,0.0,0.0,301.0787658691406,0.1882120817899704,-1.1159769296646118,98572.4296875,43.59431838989258,1.1317368489518085,43.79013188680013,44.492584228515625,4.796875,1.452392578125,0.0,0.0
191,central,2026-09-23T01:00:00,2026-09-23 01:00:00,0.0,0.0,300.9891662597656,0.2952880859375,-1.0086822509765625,98634.15625,43.870059967041016,1.0510161450385895,43.66612497965495,44.23246510823568,84.1484375,-0.089599609375,0.0,0.0
191,central,2026-09-23T02:00:00,2026-09-23 02:00:00,0.0,0.0,301.7477111816406,-0.1138203963637352,-0.5662739872932434,98717.09375,43.70426559448242,0.5775996115938672,43.72288131713867,43.98090616861979,169.2890625,0.758544921875,0.0,0.0
191,central,2026-09-23T03:00:00,2026-09-23 03:00:00,0.0,0.0,302.092041015625,-0.6056874394416809,-0.114715576171875,98807.1171875,43.82966995239258,0.6164551384438816,43.80133183797201,43.79573186238607,234.6875,0.344329833984375,0.0,0.0
191,central,2026-09-23T04:00:00,2026-09-23 04:00:00,0.0,0.0,302.601806640625,-1.0773824453353882,0.37969970703125,98822.3125,44.26318740844727,1.1423330517132373,43.93237431844076,43.79924964904785,188.15625,0.509765625,0.0,0.0
191,central,2026-09-23T05:00:00,2026-09-23 05:00:00,0.0,0.0,303.9454040527344,-1.399139404296875,0.7033182978630066,98837.8828125,44.72404861450195,1.5659654213184693,44.2723019917806,43.99759165445963,120.7890625,1.343597412109375,0.0,0.0
191,central,2026-09-23T06:00:00,2026-09-23 06:00:00,0.0,0.0,305.9009704589844,-1.9548187255859373,0.75775146484375,98775.6796875,45.3762321472168,2.096545618958547,44.78782272338867,44.294577280680336,-31.4375,1.95556640625,0.0,0.0
191,central,2026-09-23T07:00:00,2026-09-23 07:00:00,0.0,0.0,306.2528381347656,-2.267201662063598,0.8510844111442566,98745.25,46.03145980834961,2.421682896532225,45.37724685668945,44.6548105875651,-77.0625,0.35186767578125,0.0,0.0
192,central,2026-09-18T05:00:00,2026-09-18 05:00:00,0.0,0.0,302.60498046875,2.8575897216796875,-2.2892303466796875,98496.6875,39.85546112060547,3.6614743748398126,40.26391092936198,41.92044893900553,157.625,2.472900390625,0.0,0.0
192,central,2026-09-18T06:00:00,2026-09-18 06:00:00,0.0,0.0,304.311279296875,2.65081787109375,-1.9752197265625,98464.65625,39.69371795654297,3.3058022254683714,39.8813107808431,40.99461301167806,53.4609375,1.706298828125,0.0,0.0
192,central,2026-09-18T07:00:00,2026-09-18 07:00:00,0.0,0.0,304.843505859375,2.561767578125,-1.690582275390625,98441.5625,39.39025115966797,3.0693193959243423,39.64647674560547,40.305610020955406,32.5,0.5322265625,0.0,0.0
192,central,2026-09-18T08:00:00,2026-09-18 08:00:00,0.0,0.0,305.76953125,2.436264038085937,-1.3007049560546875,98339.1953125,39.2669792175293,2.761741451688775,39.45031611124674,39.85711352030436,-157.4921875,0.926025390625,0.0,0.0
192,central,2026-09-18T09:00:00,2026-09-18 09:00:00,0.0,0.0,305.8974609375,2.6392364501953125,-1.0098724365234375,98286.4375,39.066673278808594,2.825847019583569,39.24130121866862,39.56130599975586,-178.21875,0.1279296875,0.0,0.0
192,central,2026-09-18T10:00:00,2026-09-18 10:00:00,0.0,0.0,305.11767578125,2.028793334960937,-0.29571533203125,98237.453125,40.12855529785156,2.050231682903245,39.48740259806315,39.56693967183431,-204.109375,-0.77978515625,0.0,0.0
192,central,2026-09-18T11:00:00,2026-09-18 11:00:00,0.0,0.0,305.15234375,1.6869354248046875,-0.5064849853515625,98167.625,39.414100646972656,1.7613285235433918,39.53644307454427,39.49337959289551,-171.5703125,0.03466796875,0.0,0.0
192,central,2026-09-18T12:00:00,2026-09-18 12:00:00,0.0,0.0,304.501220703125,1.1657562255859375,-0.5559234619140625,98204.921875,39.42829132080078,1.2915256377629083,39.656982421875,39.44914182027181,-81.515625,-0.651123046875,0.0,0.0
192,central,2026-09-18T13:00:00,2026-09-18 13:00:00,0.0,0.0,303.517822265625,1.1178131103515625,-0.7755584716796875,98248.140625,39.72376251220703,1.3605135400531547,39.52205149332682,39.504727045694985,10.6875,-0.9833984375,0.0,0.0
192,central,2026-09-18T14:00:00,2026-09-18 14:00:00,0.0,0.0,302.5869140625,1.0465087890625,0.0736541748046875,98333.421875,39.2892951965332,1.0490975088385348,39.48044967651367,39.50844637552897,165.796875,-0.930908203125,0.0,0.0
192,central,2026-09-18T15:00:00,2026-09-18 15:00:00,0.0,0.0,300.76904296875,0.9654388427734376,0.1363677978515625,98353.8984375,39.298789978027344,0.9750222230424284,39.43728256225586,39.54713249206543,148.9765625,-1.81787109375,0.0,0.0
192,central,2026-09-18T16:00:00,2026-09-18 16:00:00,0.0,0.0,301.013427734375,1.0405120849609375,0.17169189453125,98382.921875,38.80322647094727,1.0545821473917938,39.13043721516927,39.32624435424805,134.78125,0.244384765625,0.0,0.0
192,central,2026-09-18T17:00:00,2026-09-18 17:00:00,0.0,0.0,300.76513671875,0.8966217041015625,0.3614654541015625,98425.984375,37.89875411987305,0.9667407898577772,38.66692352294922,39.073686599731445,92.5625,-0.248291015625,0.0,0.0
192,central,2026-09-18T18:00:00,2026-09-18 18:00:00,0.0,0.0,300.62939453125,0.7940521240234375,0.302398681640625,98410.546875,37.350730895996094,0.849684493399827,38.01757049560547,38.72742652893066,56.6484375,-0.1357421875,0.0,0.0
192,central,2026-09-18T19:00:00,2026-09-18 19:00:00,0.0,0.0,300.37744140625,0.672393798828125,-0.048370361328125,98427.703125,37.213417053222656,0.6741313763336716,37.4876340230306,38.30903561909994,44.78125,-0.251953125,0.0,0.0
192,central,2026-09-18T20:00:00,2026-09-18 20:00:00,0.0,0.0,299.74169921875,0.5432586669921875,-0.33685302734375,98426.8515625,37.14643859863281,0.639218226658766,37.23686218261719,37.9518928527832,0.8671875,-0.6357421875,0.0,0.0
192,central,2026-09-18T21:00:00,2026-09-18 21:00:00,0.0,0.0,299.712158203125,0.3617706298828125,-0.5727691650390625,98431.8125,36.912635803222656,0.6774529541343456,37.09083048502604,37.55420049031576,21.265625,-0.029541015625,0.0,0.0
192,central,2026-09-18T22:00:00,2026-09-18 22:00:00,0.0,0.0,298.789306640625,-0.042755126953125,-0.8828582763671875,98425.875,37.87895202636719,0.8838929443268676,37.31267547607422,37.40015474955241,-1.828125,-0.9228515625,0.0,0.0
192,central,2026-09-18T23:00:00,2026-09-18 23:00:00,0.0,0.0,298.774658203125,-0.504852294921875,-0.8562469482421875,98499.21875,37.364837646484375,0.9939993340349595,37.385475158691406,37.3111686706543,72.3671875,-0.0146484375,0.0,0.0
192,central,2026-09-19T00:00:00,2026-09-19 00:00:00,0.0,0.0,299.773681640625,-0.745025634765625,-0.2788543701171875,98521.640625,37.06346893310547,0.7955017009355643,37.43575286865234,37.2632916768392,89.828125,0.9990234375,0.0,0.0
192,central,2026-09-19T01:00:00,2026-09-19 01:00:00,0.0,0.0,299.701171875,-0.7169189453125,0.105560302734375,98595.421875,37.04131317138672,0.7246487091421334,37.15653991699219,37.2346076965332,169.546875,-0.072509765625,0.0,0.0
192,central,2026-09-19T02:00:00,2026-09-19 02:00:00,0.0,0.0,300.49169921875,-0.5696563720703125,-0.040618896484375,98669.34375,37.40840530395508,0.5711026851555845,37.17106246948242,37.278268814086914,170.125,0.79052734375,0.0,0.0
192,central,2026-09-19T03:00:00,2026-09-19 03:00:00,0.0,0.0,300.9365234375,-0.5314788818359375,-0.0485076904296875,98757.375,37.8688850402832,0.5336879217936272,37.439534505208336,37.437643686930336,235.734375,0.44482421875,0.0,0.0
192,central,2026-09-19T04:00:00,2026-09-19 04:00:00,0.0,0.0,301.6201171875,-0.544036865234375,-0.1854705810546875,98768.609375,38.24030303955078,0.574782956576488,37.83919779459635,37.49786885579427,173.1875,0.68359375,0.0,0.0
192,central,2026-09-19T05:00:00,2026-09-19 05:00:00,0.0,0.0,303.56640625,-0.3977508544921875,-0.404449462890625,98776.4765625,38.34342956542969,0.5672610600788497,38.150872548421226,37.66096750895182,107.1328125,1.9462890625,0.0,0.0
192,central,2026-09-19T06:00:00,2026-09-19 06:00:00,0.0,0.0,305.386962890625,-0.4117889404296875,-0.45928955078125,98733.09375,38.33589172363281,0.6168606187114292,38.30654144287109,37.87303797403971,-24.28125,1.820556640625,0.0,0.0
192,central,2026-09-19T07:00:00,2026-09-19 07:00:00,0.0,0.0,305.415283203125,-0.3314056396484375,-0.4142913818359375,98682.484375,38.51068115234375,0.5305346803502299,38.39666748046875,38.11793263753256,-86.125,0.0283203125,0.0,0.0
192,central,2026-09-19T08:00:00,2026-09-19 08:00:00,0.0,0.0,306.197509765625,-0.2481231689453125,-0.189971923828125,98576.1171875,38.42040252685547,0.3124971020832401,38.422325134277344,38.28659884134928,-200.359375,0.7822265625,0.0,0.0
192,central,2026-09-19T09:00:00,2026-09-19 09:00:00,0.0,0.0,305.76513671875,0.1322021484375,0.0857696533203125,98510.34375,37.761348724365234,0.1575875676637512,38.23081080118815,38.268676122029625,-222.75,-0.432373046875,0.0,0.0
192,central,2026-09-19T10:00:00,2026-09-19 10:00:00,0.0,0.0,305.517333984375,-0.3152008056640625,-0.8278045654296875,98400.3515625,34.78351211547852,0.8857832389684893,36.98842112223307,37.692544301350914,-282.1328125,-0.247802734375,0.0,0.0
192,central,2026-09-19T11:00:00,2026-09-19 11:00:00,0.0,0.0,306.029541015625,-1.076446533203125,-0.497955322265625,98417.875,35.80511474609375,1.1860424283379112,36.11665852864584,37.26949183146159,-158.2421875,0.51220703125,0.0,0.0
192,central,2026-09-19T12:00:00,2026-09-19 12:00:00,0.0,0.0,305.614990234375,-1.0303497314453125,-0.007354736328125,98456.203125,36.032352447509766,1.030375980521617,35.54032643636068,36.885568618774414,-54.140625,-0.41455078125,0.0,0.0
192,central,2026-09-19T13:00:00,2026-09-19 13:00:00,0.0,0.0,304.66748046875,-1.264434814453125,0.443023681640625,98495.671875,36.47320556640625,1.3398005010058485,36.10355758666992,36.5459893544515,95.3203125,-0.947509765625,0.0,0.0
192,central,2026-09-19T14:00:00,2026-09-19 14:00:00,0.0,0.0,303.39794921875,-1.33203125,0.632965087890625,98570.34375,36.98987579345703,1.474771864887905,36.498477935791016,36.30756823221842,152.46875,-1.26953125,0.0,0.0
192,central,2026-09-19T15:00:00,2026-09-19 15:00:00,0.0,0.0,302.37939453125,-1.3932647705078125,0.8579254150390625,98652.71875,37.03285598754883,1.6362220932710003,36.83197911580404,36.18615277608236,196.515625,-1.0185546875,0.0,0.0
192,central,2026-09-19T16:00:00,2026-09-19 16:00:00,0.0,0.0,302.244140625,-1.582733154296875,1.255584716796875,98717.46875,36.64425659179688,2.020281470182911,36.88899612426759,36.49627685546875,221.796875,-0.13525390625,0.0,0.0
192,central,2026-09-19T17:00:00,2026-09-19 17:00:00,0.0,0.0,300.62451171875,-1.5125274658203125,1.425567626953125,98763.5546875,36.26311492919922,2.078456733703538,36.64674250284831,36.572610219319664,193.2109375,-1.61962890625,0.0,0.0
192,central,2026-09-19T18:00:00,2026-09-19 18:00:00,0.0,0.0,300.412353515625,-1.3763427734375,1.2519378662109375,98765.8125,36.031349182128906,1.8605557908448824,36.312906901041664,36.57244300842285,113.09375,-0.212158203125,0.0,0.0
192,central,2026-09-19T19:00:00,2026-09-19 19:00:00,0.0,0.0,300.20556640625,-1.285491943359375,0.9216156005859376,98778.265625,36.17430877685547,1.5817284380339252,36.15625762939453,36.522626876831055,60.796875,-0.206787109375,0.0,0.0
192,central,2026-09-19T20:00:00,2026-09-19 20:00:00,0.0,0.0,299.3076171875,-1.1477813720703125,0.4994354248046875,98754.34375,36.30095291137695,1.251733926048762,36.168870290120445,36.407806396484375,-9.2109375,-0.89794921875,0.0,0.0
192,central,2026-09-19T21:00:00,2026-09-19 21:00:00,0.0,0.0,299.10986328125,-1.1978912353515625,0.1358489990234375,98767.8671875,36.60981750488281,1.205569725178831,36.36169306437174,36.3372999827067,2.0546875,-0.19775390625,0.0,0.0
192,central,2026-09-19T22:00:00,2026-09-19 22:00:00,0.0,0.0,298.112060546875,-1.5050506591796875,-0.4547119140625,98720.34375,38.80696487426758,1.5722405704877336,37.239245096842446,36.69775136311849,-57.921875,-0.997802734375,0.0,0.0
192,central,2026-09-19T23:00:00,2026-09-19 23:00:00,0.0,0.0,298.22314453125,-1.3531646728515625,-0.4045562744140625,98791.703125,39.066139221191406,1.4123457122890497,38.1609738667806,37.16492207845052,37.359375,0.111083984375,0.0,0.0
192,central,2026-09-20T00:00:00,2026-09-20 00:00:00,0.0,0.0,299.101318359375,-1.1582489013671875,-0.24078369140625,98769.796875,38.65644454956055,1.1830119625623052,38.84318288167318,37.60243797302246,1.9296875,0.878173828125,0.0,0.0
192,central,2026-09-20T01:00:00,2026-09-20 01:00:00,0.0,0.0,299.1748046875,-0.89129638671875,0.050262451171875,98814.84375,38.25602340698242,0.8927124749748402,38.65953572591146,37.94939041137695,94.5,0.073486328125,0.0,0.0
192,central,2026-09-20T02:00:00,2026-09-20 02:00:00,0.0,0.0,300.154541015625,-0.63385009765625,0.0828399658203125,98861.2109375,38.21308517456055,0.639240491705546,38.37518437703451,38.268079121907554,69.5078125,0.979736328125,0.0,0.0
192,central,2026-09-20T03:00:00,2026-09-20 03:00:00,0.0,0.0,300.3525390625,-0.4168701171875,0.1717681884765625,98928.78125,38.95935821533203,0.4508713842953885,38.476155598958336,38.65966924031576,158.984375,0.197998046875,0.0,0.0
192,central,2026-09-20T04:00:00,2026-09-20 04:00:00,0.0,0.0,300.999267578125,-0.3741302490234375,0.1678009033203125,98941.484375,40.36441802978516,0.4100372987783577,39.17895380655924,38.91924476623535,126.640625,0.646728515625,0.0,0.0
192,central,2026-09-20T05:00:00,2026-09-20 05:00:00,0.0,0.0,303.72509765625,-0.413726806640625,0.1954498291015625,98959.8203125,41.72516632080078,0.4575702199978481,40.349647521972656,39.36241594950358,98.609375,2.725830078125,0.0,0.0
192,central,2026-09-20T06:00:00,2026-09-20 06:00:00,0.0,0.0,305.528076171875,-0.39739990234375,0.2307281494140625,98940.8984375,42.78760147094727,0.4595238419438756,41.62572860717774,40.05094210306803,12.1171875,1.802978515625,0.0,0.0
192,central,2026-09-20T07:00:00,2026-09-20 07:00:00,0.0,0.0,305.834716796875,-0.14312744140625,0.185943603515625,98908.7421875,43.60013961791992,0.2346497137690039,42.70430246988932,40.94162813822428,-32.7421875,0.306640625,0.0,0.0
192,central,2026-09-20T08:00:00,2026-09-20 08:00:00,0.0,0.0,306.704345703125,0.2179412841796875,-0.0719146728515625,98815.2890625,44.18592071533203,0.2294997244469774,43.52455393473307,41.93710072835287,-144.53125,0.86962890625,0.0,0.0
192,central,2026-09-20T09:00:00,2026-09-20 09:00:00,0.0,0.0,306.985595703125,0.4371490478515625,-0.19744873046875,98731.828125,44.6104850769043,0.4796720663132769,44.13218180338541,42.87895520528158,-209.0703125,0.28125,0.0,0.0
192,central,2026-09-20T10:00:00,2026-09-20 10:00:00,0.0,0.0,306.3896484375,-0.59100341796875,-0.2442626953125,98585.359375,45.8966064453125,0.6394914419850137,44.89767074584961,43.80098660786947,-323.3828125,-0.595947265625,0.0,0.0
192,central,2026-09-20T11:00:00,2026-09-20 11:00:00,0.0,0.0,306.263427734375,-1.4015960693359375,-0.884613037109375,98609.859375,47.344635009765625,1.65741116413575,45.950575510660805,44.73756472269694,-205.4296875,-0.126220703125,0.0,0.0
192,central,2026-09-20T12:00:00,2026-09-20 12:00:00,0.0,0.0,305.4794921875,-0.8733978271484375,-0.90411376953125,98607.28125,48.16071319580078,1.2570781490120724,47.133984883626304,45.63308334350586,-124.546875,-0.783935546875,0.0,0.0
192,central,2026-09-20T13:00:00,2026-09-20 13:00:00,0.0,0.0,305.237548828125,-0.8866424560546875,-0.5009765625,98603.765625,46.88322448730469,1.0183871371207538,47.46285756429037,46.18026415506999,18.40625,-0.241943359375,0.0,0.0
192,central,2026-09-20T14:00:00,2026-09-20 14:00:00,0.0,0.0,304.3642578125,-1.1488800048828125,-0.411163330078125,98694.7890625,46.57398223876953,1.2202379069757112,47.205973307291664,46.57827440897624,84.9296875,-0.873291015625,0.0,0.0
192,central,2026-09-20T15:00:00,2026-09-20 15:00:00,0.0,0.0,303.095947265625,-1.2679595947265625,-0.4510650634765625,98733.421875,46.19087600708008,1.3458013320502635,46.54936091105143,46.84167289733887,126.140625,-1.268310546875,0.0,0.0
192,central,2026-09-20T16:00:00,2026-09-20 16:00:00,0.0,0.0,303.26904296875,-1.064697265625,-0.1091461181640625,98776.546875,45.5171012878418,1.070277133521797,46.09398651123047,46.778422037760414,172.78125,0.173095703125,0.0,0.0
192,central,2026-09-20T17:00:00,2026-09-20 17:00:00,0.0,0.0,302.010498046875,-1.007232666015625,0.1346435546875,98793.0234375,44.99210739135742,1.0161921719378817,45.56669489542643,46.38633410135905,98.234375,-1.258544921875,0.0,0.0
192,central,2026-09-20T18:00:00,2026-09-20 18:00:00,0.0,0.0,301.270751953125,-0.7960968017578125,0.2427978515625,98781.78125,44.73027038574219,0.8322985729246348,45.07982635498047,45.81459363301595,48.359375,-0.73974609375,0.0,0.0
192,central,2026-09-20T19:00:00,2026-09-20 19:00:00,0.0,0.0,300.703125,-0.7854461669921875,0.101715087890625,98770.328125,44.56462478637695,0.792004823436901,44.76233418782552,45.42816034952799,-6.21875,-0.567626953125,0.0,0.0
192,central,2026-09-20T20:00:00,2026-09-20 20:00:00,0.0,0.0,300.110595703125,-0.7201690673828125,-0.002593994140625,98716.65625,44.76138687133789,0.7201737390523425,44.68542734781901,45.12606112162272,-76.3671875,-0.592529296875,0.0,0.0
192,central,2026-09-20T21:00:00,2026-09-20 21:00:00,0.0,0.0,300.40185546875,-0.4599151611328125,0.08026123046875,98717.015625,44.97638702392578,0.4668659556619851,44.76746622721354,44.92364629109701,-64.765625,0.291259765625,0.0,0.0
192,central,2026-09-20T22:00:00,2026-09-20 22:00:00,0.0,0.0,299.535888671875,-0.4271392822265625,-0.5514678955078125,98667.28125,43.79727554321289,0.6975419745053617,44.51168314615885,44.63700866699219,-103.046875,-0.865966796875,0.0,0.0
192,central,2026-09-20T23:00:00,2026-09-20 23:00:00,0.0,0.0,299.4111328125,-0.2449951171875,-0.9698028564453124,98699.078125,43.72371673583984,1.000270057442091,44.16579310099284,44.42561022440592,-17.578125,-0.124755859375,0.0,0.0
192,central,2026-09-21T00:00:00,2026-09-21 00:00:00,0.0,0.0,300.62451171875,-0.48260498046875,-0.9696502685546876,98663.71875,43.70916366577149,1.08311089482168,43.743385314941406,44.25542577107748,-53.296875,1.21337890625,0.0,0.0
192,central,2026-09-21T01:00:00,2026-09-21 01:00:00,0.0,0.0,300.5244140625,-0.448211669921875,-0.8667449951171875,98662.671875,43.599945068359375,0.9757769148810856,43.67760848999024,44.09464581807455,-4.609375,-0.10009765625,0.0,0.0
192,central,2026-09-21T02:00:00,2026-09-21 02:00:00,0.0,0.0,301.01025390625,-0.269134521484375,-0.7336578369140625,98696.8125,43.63956451416016,0.7814647863595932,43.649557749430336,43.90767542521159,-2.265625,0.48583984375,0.0,0.0
192,central,2026-09-21T03:00:00,2026-09-21 03:00:00,0.0,0.0,301.5615234375,0.10479736328125,-0.452911376953125,98719.8984375,43.97429656982422,0.4648776212341028,43.737935384114586,43.74066034952799,56.1796875,0.55126953125,0.0,0.0
192,central,2026-09-21T04:00:00,2026-09-21 04:00:00,0.0,0.0,302.1865234375,0.3655853271484375,-0.461669921875,98731.2890625,44.63031005859375,0.588890268377988,44.081390380859375,43.879499435424805,68.6171875,0.625,0.0,0.0
192,central,2026-09-21T05:00:00,2026-09-21 05:00:00,0.0,0.0,304.33740234375,0.533294677734375,-0.43585205078125,98732.6953125,45.31613159179688,0.6887453981479892,44.64024607340495,44.14490191141764,35.8828125,2.15087890625,0.0,0.0
192,central,2026-09-21T06:00:00,2026-09-21 06:00:00,0.0,0.0,306.03125,0.59136962890625,-0.4192962646484375,98698.625,45.918582916259766,0.7249326834547111,45.2883415222168,44.51313845316569,-21.2734375,1.69384765625,0.0,0.0
192,central,2026-09-21T07:00:00,2026-09-21 07:00:00,0.0,0.0,306.419921875,0.66448974609375,-0.4520263671875,98591.5234375,46.42514801025391,0.8036631503910484,45.88662083943686,44.98400561014813,-139.765625,0.388671875,0.0,0.0
192,central,2026-09-21T08:00:00,2026-09-21 08:00:00,0.0,0.0,307.32666015625,0.699432373046875,-0.4281463623046875,98543.8515625,46.91281509399414,0.8200700897000937,46.4188486735026,45.529547373453774,-188.84375,0.90673828125,0.0,0.0
192,central,2026-09-21T09:00:00,2026-09-21 09:00:00,0.0,0.0,307.697265625,0.929412841796875,-0.27496337890625,98391.921875,46.80908966064453,0.9692332486230985,46.7156842549642,46.00201288859049,-306.703125,0.37060546875,0.0,0.0
192,central,2026-09-21T10:00:00,2026-09-21 10:00:00,0.0,0.0,305.7880859375,0.0048980712890625,0.2503814697265625,98279.28125,46.2943229675293,0.2504293742450879,46.67207590738932,46.279348373413086,-312.2421875,-1.9091796875,0.0,0.0
192,central,2026-09-21T11:00:00,2026-09-21 11:00:00,0.0,0.0,305.971435546875,0.0052490234375,-1.4706573486328125,98344.390625,47.83543395996094,1.4706667159267397,46.97961552937826,46.69923210144043,-199.4609375,0.183349609375,0.0,0.0
192,central,2026-09-21T12:00:00,2026-09-21 12:00:00,0.0,0.0,305.533447265625,-0.193328857421875,-1.5121002197265625,98333.171875,47.58940124511719,1.524409105722334,47.23971939086914,46.97770182291666,-58.75,-0.43798828125,0.0,0.0
192,central,2026-09-21T13:00:00,2026-09-21 13:00:00,0.0,0.0,305.166748046875,-0.67547607421875,-1.6444549560546875,98320.921875,46.30891418457031,1.7777795221384451,47.24458312988281,46.95832951863607,41.640625,-0.36669921875,0.0,0.0
192,central,2026-09-21T14:00:00,2026-09-21 14:00:00,0.0,0.0,304.505126953125,-1.1416473388671875,-1.43182373046875,98383.9765625,45.184837341308594,1.8312503492084249,46.36105092366537,46.67033322652181,39.5859375,-0.66162109375,0.0,0.0
192,central,2026-09-21T15:00:00,2026-09-21 15:00:00,0.0,0.0,303.625,-1.26202392578125,-0.8903656005859375,98426.578125,44.30651092529297,1.5444919203256051,45.26675415039063,46.25323677062988,93.40625,-0.880126953125,0.0,0.0
192,central,2026-09-21T16:00:00,2026-09-21 16:00:00,0.0,0.0,303.331298828125,-1.483154296875,-0.24755859375,98477.8515625,43.86079025268555,1.5036728120433158,44.45071283976237,45.84764798482259,156.9296875,-0.293701171875,0.0,0.0
192,central,2026-09-21T17:00:00,2026-09-21 17:00:00,0.0,0.0,301.20751953125,-1.720794677734375,0.0831298828125,98469.234375,43.72133255004883,1.722801468636294,43.962877909342446,45.16196441650391,85.2578125,-2.123779296875,0.0,0.0
192,central,2026-09-21T18:00:00,2026-09-21 18:00:00,0.0,0.0,300.787109375,-1.8002166748046875,0.148406982421875,98503.6328125,43.91714477539063,1.80632353377694,43.833089192708336,44.54992167154948,77.0546875,-0.42041015625,0.0,0.0
192,central,2026-09-21T19:00:00,2026-09-21 19:00:00,0.0,0.0,300.359375,-1.67352294921875,-0.0750885009765625,98471.6484375,43.87744903564453,1.675206657263733,43.83864212036133,44.14467748006185,-6.203125,-0.427734375,0.0,0.0
192,central,2026-09-21T20:00:00,2026-09-21 20:00:00,0.0,0.0,300.2470703125,-1.4568023681640625,-0.0898284912109375,98449.21875,43.741058349609375,1.459569216488774,43.84521738688151,43.90404764811198,-20.015625,-0.1123046875,0.0,0.0
192,central,2026-09-21T21:00:00,2026-09-21 21:00:00,0.0,0.0,299.8486328125,-1.342529296875,-0.1799163818359375,98441.453125,43.73176956176758,1.3545312168498065,43.78342564900717,43.80825742085775,-62.1796875,-0.3984375,0.0,0.0
192,central,2026-09-21T22:00:00,2026-09-21 22:00:00,0.0,0.0,298.962158203125,-1.299560546875,0.1030731201171875,98390.875,44.00621032714844,1.3036417004241392,43.82634607950846,43.8324940999349,-80.7734375,-0.886474609375,0.0,0.0
192,central,2026-09-21T23:00:00,2026-09-21 23:00:00,0.0,0.0,299.125244140625,-1.2349700927734375,-0.1137237548828125,98429.21875,44.53350067138672,1.2401952356260195,44.090493520100914,43.96785545349121,-20.0,0.1630859375,0.0,0.0
192,central,2026-09-22T00:00:00,2026-09-22 00:00:00,0.0,0.0,300.4189453125,-0.8354949951171875,-0.4842529296875,98447.5859375,44.475868225097656,0.9656877273615918,44.3385264078776,44.06097602844238,6.1328125,1.293701171875,0.0,0.0
192,central,2026-09-22T01:00:00,2026-09-22 01:00:00,0.0,0.0,300.446044921875,-0.7544708251953125,-0.74481201171875,98476.4921875,43.92244720458984,1.0601750604836104,44.31060536702474,44.0684757232666,85.6171875,0.027099609375,0.0,0.0
192,central,2026-09-22T02:00:00,2026-09-22 02:00:00,0.0,0.0,301.118896484375,-0.82733154296875,-0.58160400390625,98518.296875,43.07237243652344,1.011306431973432,43.82356262207031,43.95702807108561,89.078125,0.6728515625,0.0,0.0
192,central,2026-09-22T03:00:00,2026-09-22 03:00:00,0.0,0.0,301.50390625,-0.7271881103515625,-0.1975860595703125,98551.2890625,42.314231872558594,0.7535534478543637,43.10301717122396,43.72077178955078,103.703125,0.385009765625,0.0,0.0
192,central,2026-09-22T04:00:00,2026-09-22 04:00:00,0.0,0.0,302.050537109375,-0.4160614013671875,0.030975341796875,98550.046875,42.13283157348633,0.417212849163423,42.50647862752279,43.408541997273765,73.5546875,0.546630859375,0.0,0.0
192,central,2026-09-22T05:00:00,2026-09-22 05:00:00,0.0,0.0,304.2724609375,0.237274169921875,-0.0719451904296875,98548.984375,42.314208984375,0.2479418120004748,42.25375747680664,43.03866004943848,30.6875,2.221923828125,0.0,0.0
192,central,2026-09-22T06:00:00,2026-09-22 06:00:00,0.0,0.0,306.009765625,0.9828338623046876,-0.51812744140625,98485.5625,42.46500778198242,1.1110438544139185,42.30401611328125,42.7035166422526,-65.7265625,1.7373046875,0.0,0.0
192,central,2026-09-22T07:00:00,2026-09-22 07:00:00,0.0,0.0,306.436767578125,1.453765869140625,-0.7550506591796875,98441.3125,42.4984130859375,1.63815038998435,42.42587661743164,42.46617762247721,-108.734375,0.427001953125,0.0,0.0
192,central,2026-09-22T08:00:00,2026-09-22 08:00:00,0.0,0.0,307.437255859375,1.7707672119140625,-0.9221343994140624,98333.59375,42.15790557861328,1.996484001782292,42.37377548217773,42.31376647949219,-215.390625,1.00048828125,0.0,0.0
192,central,2026-09-22T09:00:00,2026-09-22 09:00:00,0.0,0.0,307.619384765625,1.9893798828125,-1.062042236328125,98245.59375,41.485748291015625,2.255119959089521,42.04735565185547,42.17568588256836,-239.96875,0.18212890625,0.0,0.0
192,central,2026-09-22T10:00:00,2026-09-22 10:00:00,0.0,0.0,306.39306640625,2.10211181640625,-1.2592315673828125,98126.234375,42.49074935913086,2.450415929789912,42.04480107625326,42.235338846842446,-315.078125,-1.226318359375,0.0,0.0
192,central,2026-09-22T11:00:00,2026-09-22 11:00:00,0.0,0.0,306.148681640625,2.064208984375,-1.4511871337890625,98092.8359375,41.94820785522461,2.5232722462012265,41.974901835123696,42.17433865865072,-240.7578125,-0.244384765625,0.0,0.0
192,central,2026-09-22T12:00:00,2026-09-22 12:00:00,0.0,0.0,305.79296875,1.31463623046875,-1.00042724609375,98076.1875,40.6675033569336,1.6520057787997622,41.70215352376302,41.87475458780924,-169.40625,-0.355712890625,0.0,0.0
192,central,2026-09-22T13:00:00,2026-09-22 13:00:00,0.0,0.0,305.067626953125,1.496917724609375,-0.9598236083984376,98077.640625,38.82391357421875,1.778208096227409,40.47987492879232,41.26233800252279,-48.59375,-0.725341796875,0.0,0.0
192,central,2026-09-22T14:00:00,2026-09-22 14:00:00,0.0,0.0,303.359130859375,1.52008056640625,-0.81884765625,98152.46875,36.50799560546875,1.7266025635658206,38.66647084554037,40.32068634033203,59.6328125,-1.70849609375,0.0,0.0
192,central,2026-09-22T15:00:00,2026-09-22 15:00:00,0.0,0.0,300.796875,1.6756134033203125,-0.3608245849609375,98202.453125,33.84633255004883,1.7140229457329073,36.392747243245445,39.04745038350424,126.265625,-2.562255859375,0.0,0.0
192,central,2026-09-22T16:00:00,2026-09-22 16:00:00,0.0,0.0,301.551025390625,1.528656005859375,0.362030029296875,98258.5625,31.800758361816406,1.5709407774841908,34.05169550577799,37.26578521728516,180.921875,0.754150390625,0.0,0.0
192,central,2026-09-22T17:00:00,2026-09-22 17:00:00,0.0,0.0,301.06982421875,1.3392181396484375,0.691650390625,98269.421875,30.403993606567383,1.5072775087604595,32.017028172810875,35.34174950917562,116.953125,-0.481201171875,0.0,0.0
192,central,2026-09-22T18:00:00,2026-09-22 18:00:00,0.0,0.0,300.43798828125,1.1545867919921875,0.6307220458984375,98264.1171875,29.40681838989257,1.3156294916978415,30.537190119425457,33.46496868133545,61.6640625,-0.6318359375,0.0,0.0
192,central,2026-09-22T19:00:00,2026-09-22 19:00:00,0.0,0.0,300.1669921875,1.01983642578125,0.1139373779296875,98265.578125,28.740345001220703,1.026181300472664,29.517052332560223,31.78437391916911,7.015625,-0.27099609375,0.0,0.0
192,central,2026-09-22T20:00:00,2026-09-22 20:00:00,0.0,0.0,299.545654296875,0.7392578125,-0.56756591796875,98247.90625,28.25398063659668,0.9320049273378308,28.800381342569988,30.40870475769043,-21.515625,-0.621337890625,0.0,0.0
192,central,2026-09-22T21:00:00,2026-09-22 21:00:00,0.0,0.0,299.602294921875,0.3138885498046875,-0.956268310546875,98225.71875,28.09663772583008,1.006466642991542,28.363654454549152,29.450422286987305,-38.3984375,0.056640625,0.0,0.0
192,central,2026-09-22T22:00:00,2026-09-22 22:00:00,0.0,0.0,298.169921875,0.1247406005859375,-0.9359893798828124,98238.671875,31.12245178222656,0.9442649716514704,29.157690048217773,29.337371190389,-26.90625,-1.432373046875,0.0,0.0
192,central,2026-09-22T23:00:00,2026-09-22 23:00:00,0.0,0.0,297.980224609375,-0.3420867919921875,-0.780792236328125,98264.21875,31.545879364013672,0.8524434817427962,30.25498962402344,29.52768548329671,16.3125,-0.189697265625,0.0,0.0
192,central,2026-09-23T00:00:00,2026-09-23 00:00:00,0.0,0.0,299.65478515625,-0.44964599609375,-0.990325927734375,98288.1796875,31.27351760864257,1.087624459519963,31.313949584960938,29.838802019755047,62.4609375,1.674560546875,0.0,0.0
192,central,2026-09-23T01:00:00,2026-09-23 01:00:00,0.0,0.0,299.723388671875,-0.5618896484375,-0.8570709228515625,98323.328125,30.67605209350586,1.0248368376570225,31.165149688720703,30.16141986846924,84.65625,0.068603515625,0.0,0.0
192,central,2026-09-23T02:00:00,2026-09-23 02:00:00,0.0,0.0,300.7734375,-0.256072998046875,-0.303253173828125,98389.7578125,29.839031219482425,0.3969078832242386,30.596200307210285,30.425594965616863,125.5390625,1.050048828125,0.0,0.0
192,central,2026-09-23T03:00:00,2026-09-23 03:00:00,0.0,0.0,301.537841796875,-0.2860260009765625,0.008087158203125,98464.703125,29.64265823364257,0.2861403071264985,30.05258051554362,30.68326505025228,176.5234375,0.764404296875,0.0,0.0
192,central,2026-09-23T04:00:00,2026-09-23 04:00:00,0.0,0.0,302.323974609375,-0.505279541015625,0.26202392578125,98479.6484375,30.116050720214844,0.5691783132294999,29.86591339111328,30.515531539916992,156.3203125,0.7861328125,0.0,0.0
192,central,2026-09-23T05:00:00,2026-09-23 05:00:00,0.0,0.0,304.565673828125,-0.288299560546875,0.353790283203125,98491.96875,30.9338493347168,0.4563816397495287,30.23085276285808,30.41352653503418,102.2109375,2.24169921875,0.0,0.0
192,central,2026-09-23T06:00:00,2026-09-23 06:00:00,0.0,0.0,306.388916015625,-0.0488128662109375,0.40618896484375,98419.015625,31.9553337097168,0.4091114408917991,31.001744588216145,30.527162551879883,-45.6875,1.8232421875,0.0,0.0
192,central,2026-09-23T07:00:00,2026-09-23 07:00:00,0.0,0.0,306.800537109375,0.023406982421875,0.542083740234375,98402.0,33.03504180908203,0.5425888574718314,31.974741617838543,30.92032750447591,-77.6484375,0.41162109375,0.0,0.0
193,central,2026-09-18T05:00:00,2026-09-18 05:00:00,0.0,0.0,303.08154296875,2.8937225341796875,-1.9894256591796875,98500.4375,40.09032440185547,3.511615662088015,40.22810363769531,41.1454652150472,144.625,2.547119140625,0.0,0.0
193,central,2026-09-18T06:00:00,2026-09-18 06:00:00,0.0,0.0,304.719970703125,2.60198974609375,-1.6197509765625,98462.40625,39.80162811279297,3.064954137479416,40.0121701558431,40.56044960021973,36.7109375,1.638427734375,0.0,0.0
193,central,2026-09-18T07:00:00,2026-09-18 07:00:00,0.0,0.0,305.184326171875,2.44970703125,-1.517974853515625,98429.0625,39.50499725341797,2.8818938555855023,39.79898325602213,40.15538215637207,13.0,0.46435546875,0.0,0.0
193,central,2026-09-18T08:00:00,2026-09-18 08:00:00,0.0,0.0,306.2197265625,2.235824584960937,-1.3007049560546875,98331.1953125,39.6200065612793,2.586647435856107,39.64221064249674,39.93515714009603,-169.2421875,1.035400390625,0.0,0.0
193,central,2026-09-18T09:00:00,2026-09-18 09:00:00,0.0,0.0,306.369140625,2.1443634033203125,-0.9962005615234376,98271.4375,39.509056091308594,2.3644682201880163,39.54468663533529,39.7784283955892,-190.96875,0.1494140625,0.0,0.0
193,central,2026-09-18T10:00:00,2026-09-18 10:00:00,0.0,0.0,305.4091796875,1.6838226318359375,-0.55816650390625,98215.953125,40.15394592285156,1.7739246042506511,39.76100285847982,39.77999305725098,-213.109375,-0.9599609375,0.0,0.0
193,central,2026-09-18T11:00:00,2026-09-18 11:00:00,0.0,0.0,305.46240234375,1.5824432373046875,-1.3123931884765625,98147.125,39.647499084472656,2.0558459281889334,39.7701670328776,39.70618883768717,-184.0703125,0.05322265625,0.0,0.0
193,central,2026-09-18T12:00:00,2026-09-18 12:00:00,0.0,0.0,304.967041015625,1.1743011474609375,-1.1345367431640625,98198.921875,41.03961944580078,1.6328370422419356,40.280354817708336,39.91252072652181,-72.515625,-0.495361328125,0.0,0.0
193,central,2026-09-18T13:00:00,2026-09-18 13:00:00,0.0,0.0,304.191162109375,1.5157623291015625,-0.3695526123046875,98203.890625,38.09778594970703,1.5601617132799446,39.59496815999349,39.677985509236656,-12.0625,-0.77587890625,0.0,0.0
193,central,2026-09-18T14:00:00,2026-09-18 14:00:00,0.0,0.0,304.58154296875,1.0179443359375,0.4518280029296875,98308.421875,38.5309944152832,1.1137141533170294,39.222799936930336,39.49648348490397,161.296875,0.390380859375,0.0,0.0
193,central,2026-09-18T15:00:00,2026-09-18 15:00:00,0.0,0.0,302.78369140625,1.3741302490234375,0.3355865478515625,98335.8984375,39.249473571777344,1.4145148540683987,38.6260846455892,39.453219731648765,136.9765625,-1.7978515625,0.0,0.0
193,central,2026-09-18T16:00:00,2026-09-18 16:00:00,0.0,0.0,301.667724609375,1.3598480224609375,0.06719970703125,98364.421875,38.30566787719727,1.3615074163646734,38.69537862141927,39.14517339070638,160.53125,-1.115966796875,0.0,0.0
193,central,2026-09-18T17:00:00,2026-09-18 17:00:00,0.0,0.0,301.1962890625,1.3468170166015625,0.1683502197265625,98406.984375,37.02961349487305,1.3572980043783736,38.19491831461588,38.70885912577311,98.5625,-0.471435546875,0.0,0.0
193,central,2026-09-18T18:00:00,2026-09-18 18:00:00,0.0,0.0,301.330078125,1.3397064208984375,0.242828369140625,98387.796875,35.853172302246094,1.3615354975379808,37.0628178914388,37.844451268514,51.8984375,0.1337890625,0.0,0.0
193,central,2026-09-18T19:00:00,2026-09-18 19:00:00,0.0,0.0,301.1416015625,1.329620361328125,0.089324951171875,98399.203125,34.833534240722656,1.3326174440401837,35.90544001261393,37.3004093170166,34.78125,-0.1884765625,0.0,0.0
193,central,2026-09-18T20:00:00,2026-09-18 20:00:00,0.0,0.0,300.27880859375,1.3171844482421875,-0.02728271484375,98390.1015625,34.01948547363281,1.3174669700680626,34.90206400553385,36.54849116007487,-16.8828125,-0.86279296875,0.0,0.0
193,central,2026-09-18T21:00:00,2026-09-18 21:00:00,0.0,0.0,299.770263671875,1.2367706298828125,-0.0842437744140625,98388.3125,33.277381896972656,1.2396364807750118,34.04346720377604,35.55314254760742,0.515625,-0.508544921875,0.0,0.0
193,central,2026-09-18T22:00:00,2026-09-18 22:00:00,0.0,0.0,298.840087890625,0.988006591796875,-0.6772918701171875,98382.125,34.35600280761719,1.19786531077618,33.884290059407554,34.89486503601074,-17.078125,-0.93017578125,0.0,0.0
193,central,2026-09-18T23:00:00,2026-09-18 23:00:00,0.0,0.0,298.517333984375,0.422882080078125,-0.3425750732421875,98459.96875,33.940032958984375,0.5442305894178421,33.85780588785807,34.37993494669596,69.8671875,-0.32275390625,0.0,0.0
193,central,2026-09-19T00:00:00,2026-09-19 00:00:00,0.0,0.0,299.326904296875,0.119232177734375,-0.0112762451171875,98489.140625,33.83641815185547,0.1197642096422152,34.044151306152344,34.043809254964195,100.828125,0.8095703125,0.0,0.0
193,central,2026-09-19T01:00:00,2026-09-19 01:00:00,0.0,0.0,299.30224609375,0.2476806640625,-0.115386962890625,98567.421875,34.02519989013672,0.2732395698934608,33.93388366699219,33.90908686319987,185.296875,-0.024658203125,0.0,0.0
193,central,2026-09-19T02:00:00,2026-09-19 02:00:00,0.0,0.0,300.32275390625,0.2457733154296875,-0.498382568359375,98643.09375,34.08760452270508,0.5556884981910168,33.98307418823242,33.92044003804525,183.125,1.0205078125,0.0,0.0
193,central,2026-09-19T03:00:00,2026-09-19 03:00:00,0.0,0.0,300.6708984375,0.2336578369140625,-0.6454315185546875,98728.125,34.3005256652832,0.6864239432706063,34.137776692708336,34.090963999430336,238.984375,0.34814453125,0.0,0.0
193,central,2026-09-19T04:00:00,2026-09-19 04:00:00,0.0,0.0,301.38623046875,0.169830322265625,-0.7902069091796875,98748.359375,34.56110382080078,0.8082507641049038,34.31641133626302,34.1251475016276,180.9375,0.71533203125,0.0,0.0
193,central,2026-09-19T05:00:00,2026-09-19 05:00:00,0.0,0.0,303.6162109375,0.3183135986328125,-0.936431884765625,98755.9765625,34.47770690917969,0.98905420573408,34.44644546508789,34.21475982666016,112.8828125,2.22998046875,0.0,0.0
193,central,2026-09-19T06:00:00,2026-09-19 06:00:00,0.0,0.0,305.524658203125,0.3394317626953125,-1.15826416015625,98707.34375,34.05220031738281,1.2069754704338072,34.363670349121094,34.25072352091471,-20.78125,1.908447265625,0.0,0.0
193,central,2026-09-19T07:00:00,2026-09-19 07:00:00,0.0,0.0,305.634521484375,0.3631744384765625,-1.4238128662109375,98658.484375,33.68743896484375,1.4694008135122871,34.07244873046875,34.19443003336588,-89.875,0.10986328125,0.0,0.0
193,central,2026-09-19T08:00:00,2026-09-19 08:00:00,0.0,0.0,306.696533203125,0.1105194091796875,-1.327911376953125,98551.6171875,33.17430877685547,1.332502594686769,33.63798268636068,34.04221407572428,-204.359375,1.06201171875,0.0,0.0
193,central,2026-09-19T09:00:00,2026-09-19 09:00:00,0.0,0.0,306.51513671875,-0.0296630859375,-1.0216522216796875,98487.09375,32.617794036865234,1.0220827563022363,33.159847259521484,33.76175880432129,-220.25,-0.181396484375,0.0,0.0
193,central,2026-09-19T10:00:00,2026-09-19 10:00:00,0.0,0.0,305.812255859375,-0.6023101806640625,-1.7347869873046875,98377.3515625,33.21124649047852,1.8363723601310409,33.00111643473307,33.536782582600914,-281.1328125,-0.702880859375,0.0,0.0
193,central,2026-09-19T11:00:00,2026-09-19 11:00:00,0.0,0.0,306.117919921875,-0.032257080078125,-1.818267822265625,98346.125,29.99407958984375,1.818553929005611,31.9410400390625,32.789511362711586,-205.4921875,0.3056640625,0.0,0.0
193,central,2026-09-19T12:00:00,2026-09-19 12:00:00,0.0,0.0,305.975830078125,-0.3626251220703125,-0.820831298828125,98403.703125,29.97034072875977,0.8973633602350698,31.058555603027347,32.109201431274414,-83.390625,-0.14208984375,0.0,0.0
193,central,2026-09-19T13:00:00,2026-09-19 13:00:00,0.0,0.0,306.16455078125,-1.442901611328125,-0.146820068359375,98445.921875,31.06793212890625,1.4503520925783335,30.34411748250325,31.672616958618164,68.5703125,0.188720703125,0.0,0.0
193,central,2026-09-19T14:00:00,2026-09-19 14:00:00,0.0,0.0,304.7646484375,-1.68017578125,0.462554931640625,98507.34375,32.22034454345703,1.7426840564726904,31.086205800374348,31.513622919718426,161.21875,-1.39990234375,0.0,0.0
193,central,2026-09-19T15:00:00,2026-09-19 15:00:00,0.0,0.0,302.15576171875,-1.4311065673828125,0.8847808837890625,98594.96875,32.77894973754883,1.6825288168482495,32.02240880330404,31.54048220316569,191.265625,-2.60888671875,0.0,0.0
193,central,2026-09-19T16:00:00,2026-09-19 16:00:00,0.0,0.0,301.65673828125,-1.239715576171875,1.175750732421875,98656.46875,32.628631591796875,1.7085913773028762,32.542641957600914,31.44337972005208,210.546875,-0.4990234375,0.0,0.0
193,central,2026-09-19T17:00:00,2026-09-19 17:00:00,0.0,0.0,300.0830078125,-1.0379180908203125,1.217803955078125,98708.8046875,31.77288055419922,1.6001001331966715,32.393487294514976,31.73984654744466,201.4609375,-1.57373046875,0.0,0.0
193,central,2026-09-19T18:00:00,2026-09-19 18:00:00,0.0,0.0,299.937255859375,-0.8782958984375,1.2026214599609375,98701.3125,30.170997619628903,1.4891951051392534,31.524169921875,31.77328936258952,106.34375,-0.145751953125,0.0,0.0
193,central,2026-09-19T19:00:00,2026-09-19 19:00:00,0.0,0.0,299.88623046875,-0.931488037109375,1.2338714599609375,98716.265625,29.3994083404541,1.545997652968468,30.44776217142741,31.49520206451416,59.796875,-0.051025390625,0.0,0.0
193,central,2026-09-19T20:00:00,2026-09-19 20:00:00,0.0,0.0,299.1318359375,-0.9192657470703124,1.2804412841796875,98700.84375,29.53044509887696,1.576254863900019,29.700283686319988,31.04688549041748,-7.9609375,-0.75439453125,0.0,0.0
193,central,2026-09-19T21:00:00,2026-09-19 21:00:00,0.0,0.0,298.80859375,-0.8402252197265625,1.1509857177734375,98714.6171875,29.74165153503418,1.4250426458120422,29.55716832478841,30.540669123331707,13.3046875,-0.3232421875,0.0,0.0
193,central,2026-09-19T22:00:00,2026-09-19 22:00:00,0.0,0.0,297.726806640625,-1.1049041748046875,-0.0228271484375,98657.84375,32.57210159301758,1.1051399523167258,30.61473274230957,30.53124745686849,-58.421875,-1.081787109375,0.0,0.0
193,central,2026-09-19T23:00:00,2026-09-19 23:00:00,0.0,0.0,297.8662109375,-1.3468170166015625,-0.3586578369140625,98739.453125,34.728248596191406,1.3937544691183623,32.347333908081055,31.02380879720052,38.609375,0.139404296875,0.0,0.0
193,central,2026-09-20T00:00:00,2026-09-20 00:00:00,0.0,0.0,299.000244140625,-1.6277313232421875,-0.31475830078125,98727.796875,36.02119064331055,1.657884811612213,34.440513610839844,31.99884096781413,13.1796875,1.134033203125,0.0,0.0
193,central,2026-09-20T01:00:00,2026-09-20 01:00:00,0.0,0.0,298.90380859375,-1.69647216796875,-0.013946533203125,98780.84375,36.04264450073242,1.6965294935488084,35.59736124674479,33.10604699452718,123.0,-0.096435546875,0.0,0.0
193,central,2026-09-20T02:00:00,2026-09-20 02:00:00,0.0,0.0,300.243896484375,-1.37213134765625,0.3316192626953125,98833.4609375,35.42890548706055,1.41163584915216,35.83091354370117,34.08912372589111,94.0078125,1.340087890625,0.0,0.0
193,central,2026-09-20T03:00:00,2026-09-20 03:00:00,0.0,0.0,300.6572265625,-0.8782958984375,0.7171783447265625,98888.03125,35.00525665283203,1.1339084898513052,35.492268880208336,34.966391245524086,160.234375,0.413330078125,0.0,0.0
193,central,2026-09-20T04:00:00,2026-09-20 04:00:00,0.0,0.0,301.339111328125,-0.7349700927734375,0.6463165283203125,98893.234375,35.47574615478516,0.9787267708872668,35.30330276489258,35.45033200581869,112.390625,0.681884765625,0.0,0.0
193,central,2026-09-20T05:00:00,2026-09-20 05:00:00,0.0,0.0,304.14453125,-0.951080322265625,0.2916412353515625,98917.5703125,36.68708038330078,0.9947906259903492,35.722694396972656,35.776803970336914,84.109375,2.805419921875,0.0,0.0
193,central,2026-09-20T06:00:00,2026-09-20 06:00:00,0.0,0.0,305.704833984375,-1.21966552734375,0.1020660400390625,98902.6484375,38.09326553344727,1.223928705080473,36.75203069051107,36.1221497853597,14.6171875,1.560302734375,0.0,0.0
193,central,2026-09-20T07:00:00,2026-09-20 07:00:00,0.0,0.0,305.843994140625,-1.20416259765625,0.047027587890625,98877.7421875,39.23344039916992,1.2050805598038077,38.00459543863932,36.65394910176595,-15.4921875,0.13916015625,0.0,0.0
193,central,2026-09-20T08:00:00,2026-09-20 08:00:00,0.0,0.0,306.718994140625,-0.9781036376953124,-0.0279693603515625,98793.2890625,40.10437774658203,0.9785034548693624,39.14369455973307,37.43319447835287,-124.28125,0.875,0.0,0.0
193,central,2026-09-20T09:00:00,2026-09-20 09:00:00,0.0,0.0,306.755126953125,-0.7274017333984375,-0.13665771484375,98707.328125,40.5684928894043,0.7401274300938773,39.968770345052086,38.36040051778158,-195.3203125,0.0361328125,0.0,0.0
193,central,2026-09-20T10:00:00,2026-09-20 10:00:00,0.0,0.0,306.30419921875,0.15020751953125,-0.9530029296875,98564.359375,43.1099853515625,0.964767787043436,41.26095199584961,39.63277371724447,-313.3828125,-0.450927734375,0.0,0.0
193,central,2026-09-20T11:00:00,2026-09-20 11:00:00,0.0,0.0,306.373779296875,1.5459136962890625,-0.665863037109375,98563.859375,43.335845947265625,1.6832179717917204,42.33810806274414,40.74090131123861,-229.4296875,0.069580078125,0.0,0.0
193,central,2026-09-20T12:00:00,2026-09-20 12:00:00,0.0,0.0,305.94775390625,0.3722076416015625,-0.75640869140625,98569.53125,44.71247100830078,0.84302588151344,43.719434102376304,41.8441022237142,-137.796875,-0.426025390625,0.0,0.0
193,central,2026-09-20T13:00:00,2026-09-20 13:00:00,0.0,0.0,304.805908203125,-0.3846893310546875,-1.9619140625,98560.265625,44.14006042480469,1.999273035396256,44.062792460123696,42.661872227986656,-4.09375,-1.141845703125,0.0,0.0
193,central,2026-09-20T14:00:00,2026-09-20 14:00:00,0.0,0.0,303.5380859375,-1.4525909423828125,-1.079620361328125,98647.2890625,43.66529083251953,1.8098620307876672,44.172607421875,43.25535774230957,83.4296875,-1.267822265625,0.0,0.0
193,central,2026-09-20T15:00:00,2026-09-20 15:00:00,0.0,0.0,302.092529296875,-1.6417388916015625,-0.5196685791015625,98679.171875,42.74556350708008,1.7220226538296657,43.516971588134766,43.61820284525553,109.640625,-1.445556640625,0.0,0.0
193,central,2026-09-20T16:00:00,2026-09-20 16:00:00,0.0,0.0,302.06689453125,-1.637939453125,-0.0119781494140625,98746.796875,43.1806755065918,1.63798325027053,43.19717661539713,43.629984537760414,186.53125,-0.025634765625,0.0,0.0
193,central,2026-09-20T17:00:00,2026-09-20 17:00:00,0.0,0.0,300.951416015625,-1.574615478515625,0.0321044921875,98763.2734375,43.24699020385742,1.5749427302602492,43.057743072509766,43.61517524719238,115.984375,-1.115478515625,0.0,0.0
193,central,2026-09-20T18:00:00,2026-09-20 18:00:00,0.0,0.0,300.745849609375,-1.6232452392578125,0.0230712890625,98752.53125,43.17411804199219,1.6234091878365595,43.20059458414713,43.35878308614095,73.359375,-0.20556640625,0.0,0.0
193,central,2026-09-20T19:00:00,2026-09-20 19:00:00,0.0,0.0,300.55126953125,-1.3354949951171875,0.030914306640625,98740.328125,42.94939041137695,1.3358527524911297,43.12349955240885,43.16033808390299,-6.46875,-0.194580078125,0.0,0.0
193,central,2026-09-20T20:00:00,2026-09-20 20:00:00,0.0,0.0,299.906005859375,-1.0951690673828125,0.241790771484375,98678.65625,43.07046890258789,1.1215427157835534,43.06465911865234,43.061201095581055,-84.6171875,-0.645263671875,0.0,0.0
193,central,2026-09-20T21:00:00,2026-09-20 21:00:00,0.0,0.0,299.80126953125,-1.0121612548828125,0.75604248046875,98681.265625,43.58966827392578,1.2633568926314092,43.20317586263021,43.20188522338867,-71.265625,-0.104736328125,0.0,0.0
193,central,2026-09-20T22:00:00,2026-09-20 22:00:00,0.0,0.0,299.138427734375,-1.2887115478515625,-0.0429229736328125,98639.78125,42.36368179321289,1.2894261650949437,43.00793965657552,43.06571960449219,-100.546875,-0.662841796875,0.0,0.0
193,central,2026-09-20T23:00:00,2026-09-20 23:00:00,0.0,0.0,299.6630859375,-0.8953857421875,-0.6465606689453125,98663.328125,41.81063079833984,1.1044257901460244,42.58799362182617,42.82632637023926,-15.328125,0.524658203125,0.0,0.0
193,central,2026-09-21T00:00:00,2026-09-21 00:00:00,0.0,0.0,300.75,-0.42205810546875,-0.6876678466796875,98637.71875,41.39031600952149,0.8068581732553427,41.85487620035807,42.52902603149414,-43.546875,1.0869140625,0.0,0.0
193,central,2026-09-21T01:00:00,2026-09-21 01:00:00,0.0,0.0,300.1806640625,-0.168670654296875,-0.7898406982421875,98638.921875,40.835296630859375,0.8076497497186774,41.34541447957357,42.17667706807455,-0.859375,-0.5693359375,0.0,0.0
193,central,2026-09-21T02:00:00,2026-09-21 02:00:00,0.0,0.0,301.11572265625,0.066314697265625,-0.7837066650390625,98677.0625,40.41300201416016,0.7865073273022196,40.879538218180336,41.73376592000326,13.734375,0.93505859375,0.0,0.0
193,central,2026-09-21T03:00:00,2026-09-21 03:00:00,0.0,0.0,301.4775390625,0.24371337890625,-0.564727783203125,98698.6484375,40.63884735107422,0.6150720934812578,40.629048665364586,41.24196243286133,60.9296875,0.36181640625,0.0,0.0
193,central,2026-09-21T04:00:00,2026-09-21 04:00:00,0.0,0.0,302.02099609375,0.3838958740234375,-0.789794921875,98712.5390625,41.40032958984375,0.8781526408955087,40.81739298502604,41.081403732299805,73.6171875,0.54345703125,0.0,0.0
193,central,2026-09-21T05:00:00,2026-09-21 05:00:00,0.0,0.0,304.42236328125,0.483978271484375,-0.83721923828125,98705.4453125,42.03878784179688,0.9670424086963508,41.35932159423829,41.11942990620931,28.3828125,2.4013671875,0.0,0.0
193,central,2026-09-21T06:00:00,2026-09-21 06:00:00,0.0,0.0,306.08349609375,0.51324462890625,-0.8616790771484375,98676.125,42.530399322509766,1.0029510860936823,41.98983891805013,41.30944379170736,-22.5234375,1.6611328125,0.0,0.0
193,central,2026-09-21T07:00:00,2026-09-21 07:00:00,0.0,0.0,306.44873046875,0.58856201171875,-0.9259033203125,98569.7734375,42.76792144775391,1.0971336291464835,42.44570287068685,41.631547927856445,-142.765625,0.365234375,0.0,0.0
193,central,2026-09-21T08:00:00,2026-09-21 08:00:00,0.0,0.0,307.27001953125,0.611053466796875,-1.0250701904296875,98511.3515625,42.84152603149414,1.193379752883396,42.7132822672526,42.036301930745445,-194.09375,0.8212890625,0.0,0.0
193,central,2026-09-21T09:00:00,2026-09-21 09:00:00,0.0,0.0,307.453125,0.545135498046875,-0.96978759765625,98370.671875,42.68115997314453,1.1125019981099786,42.7635358174642,42.37668736775717,-305.453125,0.18310546875,0.0,0.0
193,central,2026-09-21T10:00:00,2026-09-21 10:00:00,0.0,0.0,306.1669921875,0.6418609619140625,-0.1922454833984375,98257.78125,42.5350456237793,0.6700327009305923,42.68591054280599,42.56580670674642,-311.9921875,-1.2861328125,0.0,0.0
193,central,2026-09-21T11:00:00,2026-09-21 11:00:00,0.0,0.0,306.274658203125,0.8236083984375,-1.6525421142578125,98303.640625,43.08201599121094,1.8464090103150128,42.76607386271159,42.739678064982094,-207.7109375,0.107666015625,0.0,0.0
193,central,2026-09-21T12:00:00,2026-09-21 12:00:00,0.0,0.0,306.087646484375,-0.078338623046875,-1.8678131103515625,98299.171875,43.35404968261719,1.8694552027427829,42.990370432535805,42.876953125,-71.5,-0.18701171875,0.0,0.0
193,central,2026-09-21T13:00:00,2026-09-21 13:00:00,0.0,0.0,305.859130859375,-0.19354248046875,-1.7858123779296875,98283.921875,42.17463684082031,1.7962696181010471,42.87023417154948,42.77807235717773,26.140625,-0.228515625,0.0,0.0
193,central,2026-09-21T14:00:00,2026-09-21 14:00:00,0.0,0.0,305.144287109375,-0.5544891357421875,-1.69598388671875,98352.7265625,41.278587341308594,1.7843260760482529,42.269091288248696,42.51758257548014,49.0859375,-0.71484375,0.0,0.0
193,central,2026-09-21T15:00:00,2026-09-21 15:00:00,0.0,0.0,302.57568359375,-0.91070556640625,-1.4653167724609375,98387.578125,40.59947967529297,1.7252645803872133,41.35090128580729,42.17063585917155,88.40625,-2.568603515625,0.0,0.0
193,central,2026-09-21T16:00:00,2026-09-21 16:00:00,0.0,0.0,302.246826171875,-1.280517578125,-0.99951171875,98440.8515625,40.31098556518555,1.624422649375985,40.72968419392904,41.79995918273926,156.9296875,-0.328857421875,0.0,0.0
193,central,2026-09-21T17:00:00,2026-09-21 17:00:00,0.0,0.0,301.1083984375,-1.395843505859375,-0.6846923828125,98433.734375,40.38002395629883,1.5547291570981905,40.430163065592446,41.34962717692057,81.0078125,-1.138427734375,0.0,0.0
193,central,2026-09-21T18:00:00,2026-09-21 18:00:00,0.0,0.0,300.79931640625,-1.4593963623046875,-0.476104736328125,98464.8828125,40.59341430664063,1.5350939587732824,40.42814127604167,40.88952128092448,77.3046875,-0.30908203125,0.0,0.0
193,central,2026-09-21T19:00:00,2026-09-21 19:00:00,0.0,0.0,300.33837890625,-1.47332763671875,-0.2508697509765625,98431.8984375,40.56250762939453,1.4945333576318394,40.51198196411133,40.62083307902018,-8.953125,-0.4609375,0.0,0.0
193,central,2026-09-21T20:00:00,2026-09-21 20:00:00,0.0,0.0,299.80322265625,-1.3860015869140625,-0.1691741943359375,98406.96875,40.353851318359375,1.3962880458406544,40.50325775146485,40.46671040852865,-26.765625,-0.53515625,0.0,0.0
193,central,2026-09-21T21:00:00,2026-09-21 21:00:00,0.0,0.0,299.177734375,-1.506103515625,-0.1179046630859375,98406.453125,40.48909378051758,1.5107115242015574,40.46848424275717,40.44831275939941,-58.4296875,-0.62548828125,0.0,0.0
193,central,2026-09-21T22:00:00,2026-09-21 22:00:00,0.0,0.0,298.604736328125,-1.5302734375,-0.2423858642578125,98362.875,40.73033142089844,1.5493507352146167,40.5244255065918,40.51820373535156,-69.0234375,-0.572998046875,0.0,0.0
193,central,2026-09-21T23:00:00,2026-09-21 23:00:00,0.0,0.0,298.904541015625,-1.2466888427734375,-0.6205596923828125,98396.96875,41.54570770263672,1.3925973583581237,40.92171096801758,40.71248435974121,-10.0,0.2998046875,0.0,0.0
193,central,2026-09-22T00:00:00,2026-09-22 00:00:00,0.0,0.0,300.19775390625,-0.5896453857421875,-0.7298583984375,98415.3359375,41.861122131347656,0.9382829864687976,41.3790537516276,40.92376899719238,8.8828125,1.293212890625,0.0,0.0
193,central,2026-09-22T01:00:00,2026-09-22 01:00:00,0.0,0.0,300.135009765625,-0.6360626220703125,-1.22210693359375,98440.2421875,41.63729095458984,1.3777231276032496,41.681373596191406,41.1028995513916,77.3671875,-0.062744140625,0.0,0.0
193,central,2026-09-22T02:00:00,2026-09-22 02:00:00,0.0,0.0,301.243896484375,-0.74822998046875,-1.05181884765625,98483.296875,40.98204040527344,1.2908024604706902,41.49348449707031,41.207597732543945,86.328125,1.10888671875,0.0,0.0
193,central,2026-09-22T03:00:00,2026-09-22 03:00:00,0.0,0.0,301.625,-0.6007232666015625,-0.2979278564453125,98513.2890625,40.422142028808594,0.6705441452153249,41.01382446289063,41.19643910725912,97.953125,0.381103515625,0.0,0.0
193,central,2026-09-22T04:00:00,2026-09-22 04:00:00,0.0,0.0,302.138916015625,-0.0998992919921875,0.038055419921875,98519.796875,40.52199172973633,0.106902214785151,40.64205805460612,41.161715825398765,79.5546875,0.513916015625,0.0,0.0
193,central,2026-09-22T05:00:00,2026-09-22 05:00:00,0.0,0.0,304.54443359375,0.451385498046875,-0.1659393310546875,98528.984375,41.151611328125,0.4809207101361955,40.69858169555664,41.09603309631348,45.6875,2.405517578125,0.0,0.0
193,central,2026-09-22T06:00:00,2026-09-22 06:00:00,0.0,0.0,306.4521484375,0.7865447998046875,-0.76544189453125,98468.3125,41.45133590698242,1.0975217610614312,41.041646321614586,41.0277353922526,-44.9765625,1.90771484375,0.0,0.0
193,central,2026-09-22T07:00:00,2026-09-22 07:00:00,0.0,0.0,306.762939453125,0.870758056640625,-1.2208709716796875,98423.5625,41.1732177734375,1.4995817825962885,41.258721669514976,40.95038986206055,-96.234375,0.310791015625,0.0,0.0
193,central,2026-09-22T08:00:00,2026-09-22 08:00:00,0.0,0.0,307.841064453125,0.7915191650390625,-1.5695953369140625,98312.09375,40.47919464111328,1.7578771601811385,41.0345827738444,40.86658223470052,-216.890625,1.078125,0.0,0.0
193,central,2026-09-22T09:00:00,2026-09-22 09:00:00,0.0,0.0,308.010498046875,0.7176513671875,-1.737579345703125,98230.59375,39.358306884765625,1.879948261905148,40.33690643310547,40.68927637736002,-237.71875,0.16943359375,0.0,0.0
193,central,2026-09-22T10:00:00,2026-09-22 10:00:00,0.0,0.0,306.732421875,1.18341064453125,-2.0077667236328125,98119.234375,39.52053451538086,2.330576746240532,39.78601201375326,40.52236684163412,-304.328125,-1.278076171875,0.0,0.0
193,central,2026-09-22T11:00:00,2026-09-22 11:00:00,0.0,0.0,306.659912109375,1.259521484375,-2.2487945556640625,98083.0859375,37.31393051147461,2.577493224663555,38.73092397054037,39.88275337219238,-229.0078125,-0.072509765625,0.0,0.0
193,central,2026-09-22T12:00:00,2026-09-22 12:00:00,0.0,0.0,306.2021484375,0.82464599609375,-1.49676513671875,98056.9375,33.379417419433594,1.708902248044092,36.73796081542969,38.53743362426758,-173.65625,-0.457763671875,0.0,0.0
193,central,2026-09-22T13:00:00,2026-09-22 13:00:00,0.0,0.0,305.623779296875,0.835296630859375,-2.215682983398437,98050.390625,30.53289604187012,2.367904462694056,33.74208132425944,36.76404666900635,-68.84375,-0.578369140625,0.0,0.0
193,central,2026-09-22T14:00:00,2026-09-22 14:00:00,0.0,0.0,304.288818359375,0.55474853515625,-2.381591796875,98131.96875,29.04119682312012,2.4453477102858594,30.98450342814128,34.85771369934082,48.8828125,-1.3349609375,0.0,0.0
193,central,2026-09-22T15:00:00,2026-09-22 15:00:00,0.0,0.0,302.11474609375,0.7295684814453125,-2.538803100585937,98181.953125,27.575336456298828,2.641550936980619,29.04980977376302,32.89388529459635,125.015625,-2.174072265625,0.0,0.0
193,central,2026-09-22T16:00:00,2026-09-22 16:00:00,0.0,0.0,301.432861328125,1.108978271484375,-1.031036376953125,98239.3125,25.910133361816406,1.5142221822523598,27.508888880411785,30.625485102335613,188.921875,-0.681884765625,0.0,0.0
193,central,2026-09-22T17:00:00,2026-09-22 17:00:00,0.0,0.0,300.8916015625,1.0870208740234375,0.596435546875,98248.671875,24.600770950317383,1.239899085465732,26.02874692281087,28.50662517547608,116.703125,-0.541259765625,0.0,0.0
193,central,2026-09-22T18:00:00,2026-09-22 18:00:00,0.0,0.0,300.49072265625,1.1626434326171875,0.8221282958984375,98228.3671875,23.92390823364257,1.423950380569753,24.811604181925457,26.93070697784424,46.4140625,-0.40087890625,0.0,0.0
193,central,2026-09-22T19:00:00,2026-09-22 19:00:00,0.0,0.0,300.2119140625,1.28106689453125,0.8492889404296875,98229.078125,23.930774688720703,1.5370179220165658,24.151817957560223,25.830353418986004,-10.234375,-0.27880859375,0.0,0.0
193,central,2026-09-22T20:00:00,2026-09-22 20:00:00,0.0,0.0,299.156982421875,1.6005859375,0.52593994140625,98213.90625,24.49030876159668,1.6847813404976812,24.11499722798665,25.07187207539876,-34.765625,-1.054931640625,0.0,0.0
193,central,2026-09-22T21:00:00,2026-09-22 21:00:00,0.0,0.0,298.790283203125,1.7899627685546875,-0.408172607421875,98185.96875,25.16402053833008,1.8359116509956392,24.52836799621582,24.66998608907064,-42.3984375,-0.36669921875,0.0,0.0
193,central,2026-09-22T22:00:00,2026-09-22 22:00:00,0.0,0.0,298.23828125,1.0549163818359375,-1.1330108642578125,98192.671875,27.99598693847656,1.5480833928416329,25.88343874613444,25.01762835184733,-36.40625,-0.552001953125,0.0,0.0
193,central,2026-09-22T23:00:00,2026-09-22 23:00:00,0.0,0.0,298.392333984375,-0.2473602294921875,-1.035675048828125,98217.96875,29.140117645263672,1.0648050947941443,27.433375040690105,25.77418613433838,4.0625,0.154052734375,0.0,0.0
193,central,2026-09-23T00:00:00,2026-09-23 00:00:00,0.0,0.0,299.490234375,-0.73529052734375,-0.778900146484375,98254.4296875,30.54646682739257,1.0711384587413668,29.227523803710938,26.87794589996338,68.4609375,1.097900390625,0.0,0.0
193,central,2026-09-23T01:00:00,2026-09-23 01:00:00,0.0,0.0,299.116455078125,-0.6265869140625,-0.8392486572265625,98302.828125,31.45827865600586,1.0473535551717743,30.38162104288737,28.132529894510903,110.15625,-0.373779296875,0.0,0.0
193,central,2026-09-23T02:00:00,2026-09-23 02:00:00,0.0,0.0,300.578125,0.080841064453125,-0.263214111328125,98377.7578125,31.771648406982425,0.2753487717498825,31.258797963460285,29.346086502075195,159.7890625,1.461669921875,0.0,0.0
193,central,2026-09-23T03:00:00,2026-09-23 03:00:00,0.0,0.0,301.206298828125,0.5328216552734375,-0.040496826171875,98443.453125,31.67927932739257,0.534358408989997,31.63640213012696,30.43196296691894,189.0234375,0.628173828125,0.0,0.0
193,central,2026-09-23T04:00:00,2026-09-23 04:00:00,0.0,0.0,301.845947265625,0.759368896484375,0.02862548828125,98456.1484375,31.874839782714844,0.7599082441500667,31.77525583902995,31.078438440958653,153.3203125,0.6396484375,0.0,0.0
193,central,2026-09-23T05:00:00,2026-09-23 05:00:00,0.0,0.0,304.318115234375,0.830352783203125,0.001495361328125,98465.21875,32.2966423034668,0.8303541296812328,31.95025380452474,31.604525883992512,87.4609375,2.47216796875,0.0,0.0
193,central,2026-09-23T06:00:00,2026-09-23 06:00:00,0.0,0.0,306.408447265625,0.6692047119140625,-0.10211181640625,98389.015625,32.6643180847168,0.6769503449277259,32.27860005696615,31.95750109354655,-54.4375,2.09033203125,0.0,0.0
193,central,2026-09-23T07:00:00,2026-09-23 07:00:00,0.0,0.0,306.835205078125,0.349334716796875,-0.141754150390625,98367.75,33.09363555908203,0.376999978133316,32.68486531575521,32.23006057739258,-88.3984375,0.4267578125,0.0,0.0
195,central,2026-09-18T05:00:00,2026-09-18 05:00:00,0.0,0.0,303.09716796875,2.8566131591796875,-2.0929412841796875,98638.4375,41.27587127685547,3.5412768827390884,41.19815572102865,42.05724906921387,143.625,2.453369140625,0.0,0.0
195,central,2026-09-18T06:00:00,2026-09-18 06:00:00,0.0,0.0,304.721923828125,2.67913818359375,-1.6656494140625,98602.40625,41.43248748779297,3.1547059098047106,41.21269098917643,41.65745480855306,39.7109375,1.624755859375,0.0,0.0
195,central,2026-09-18T07:00:00,2026-09-18 07:00:00,0.0,0.0,305.153076171875,2.53271484375,-1.463287353515625,98566.0625,41.00109100341797,2.925039206354395,41.23648325602213,41.33799934387207,15.0,0.43115234375,0.0,0.0
195,central,2026-09-18T08:00:00,2026-09-18 08:00:00,0.0,0.0,306.1845703125,2.347152709960937,-1.2899627685546875,98469.1953125,40.8543815612793,2.678269924435221,41.09598668416341,41.14707120259603,-169.2421875,1.031494140625,0.0,0.0
195,central,2026-09-18T09:00:00,2026-09-18 09:00:00,0.0,0.0,306.330078125,2.1922149658203125,-1.1651458740234375,98412.4375,40.579368591308594,2.4826138169518823,40.81161371866862,41.01215235392253,-189.96875,0.1455078125,0.0,0.0
195,central,2026-09-18T10:00:00,2026-09-18 10:00:00,0.0,0.0,305.3583984375,1.6076507568359375,-1.19000244140625,98333.953125,40.70863342285156,2.0001616850914825,40.71412785847982,40.97530555725098,-232.109375,-0.9716796875,0.0,0.0
195,central,2026-09-18T11:00:00,2026-09-18 11:00:00,0.0,0.0,305.42333984375,1.4379119873046875,-0.5204010009765625,98266.125,39.616249084472656,1.5291854318727744,40.3014170328776,40.69870185852051,-203.0703125,0.06494140625,0.0,0.0
195,central,2026-09-18T12:00:00,2026-09-18 12:00:00,0.0,0.0,304.828369140625,1.3608245849609375,-1.5710601806640625,98320.921875,40.87555694580078,2.078478684591763,40.400146484375,40.60588010152181,-91.515625,-0.594970703125,0.0,0.0
195,central,2026-09-18T13:00:00,2026-09-18 13:00:00,0.0,0.0,304.040771484375,1.7804107666015625,-0.6195526123046875,98342.890625,39.59387969970703,1.8851280957124177,40.02856190999349,40.371344884236656,8.9375,-0.78759765625,0.0,0.0
195,central,2026-09-18T14:00:00,2026-09-18 14:00:00,0.0,0.0,304.47802734375,1.3284912109375,0.2447967529296875,98438.421875,40.0095100402832,1.350856893894799,40.15964889526367,40.23053296407064,172.296875,0.437255859375,0.0,0.0
195,central,2026-09-18T15:00:00,2026-09-18 15:00:00,0.0,0.0,303.06884765625,1.5381927490234375,-0.1624603271484375,98462.8984375,40.595176696777344,1.546748295956862,40.06618881225586,40.23316764831543,141.9765625,-1.4091796875,0.0,0.0
195,central,2026-09-18T16:00:00,2026-09-18 16:00:00,0.0,0.0,301.427490234375,1.4116058349609375,-0.37225341796875,98498.421875,40.58691787719727,1.4598642541295346,40.397201538085945,40.21288172403971,155.53125,-1.641357421875,0.0,0.0
195,central,2026-09-18T17:00:00,2026-09-18 17:00:00,0.0,0.0,301.0927734375,1.4434967041015625,-0.0347747802734375,98544.984375,39.91047286987305,1.443915516952131,40.36418914794922,40.261919021606445,106.5625,-0.334716796875,0.0,0.0
195,central,2026-09-18T18:00:00,2026-09-18 18:00:00,0.0,0.0,301.345703125,1.3279876708984375,0.080718994140625,98522.796875,38.796531677246094,1.330438578091199,39.76464080810547,39.91541481018066,59.8984375,0.2529296875,0.0,0.0
195,central,2026-09-18T19:00:00,2026-09-18 19:00:00,0.0,0.0,301.2705078125,1.228057861328125,-0.075714111328125,98532.203125,37.911659240722656,1.2303896689358278,38.8728879292806,39.63504473368327,33.78125,-0.0751953125,0.0,0.0
195,central,2026-09-18T20:00:00,2026-09-18 20:00:00,0.0,0.0,300.50341796875,1.2400360107421875,-0.21575927734375,98523.1015625,37.07612609863281,1.2586665061473972,37.92810567220052,39.14614741007487,-21.8828125,-0.76708984375,0.0,0.0
195,central,2026-09-18T21:00:00,2026-09-18 21:00:00,0.0,0.0,300.115966796875,1.1986846923828125,-0.3371734619140625,98522.3125,36.205116271972656,1.2452031702384925,37.064300537109375,38.41447067260742,-0.484375,-0.387451171875,0.0,0.0
195,central,2026-09-18T22:00:00,2026-09-18 22:00:00,0.0,0.0,299.273681640625,0.815155029296875,-1.0806121826171875,98512.125,36.39506530761719,1.3535879768262833,36.55876922607422,37.71582857767741,-20.078125,-0.84228515625,0.0,0.0
195,central,2026-09-18T23:00:00,2026-09-18 23:00:00,0.0,0.0,298.870849609375,0.579132080078125,-0.5476531982421875,98591.96875,35.897064208984375,0.7970683733033902,36.165748596191406,37.04692713419596,68.8671875,-0.40283203125,0.0,0.0
195,central,2026-09-19T00:00:00,2026-09-19 00:00:00,0.0,0.0,299.625732421875,0.502044677734375,-0.0005340576171875,98621.140625,35.63719940185547,0.5020449617902274,35.97644297281901,36.5203717549642,98.828125,0.7548828125,0.0,0.0
195,central,2026-09-19T01:00:00,2026-09-19 01:00:00,0.0,0.0,299.70263671875,0.6168212890625,-0.077301025390625,98693.421875,35.32988739013672,0.6216461623521585,35.62138366699219,36.0900764465332,181.296875,0.076904296875,0.0,0.0
195,central,2026-09-19T02:00:00,2026-09-19 02:00:00,0.0,0.0,300.58056640625,0.3190155029296875,-0.447601318359375,98766.09375,35.12862014770508,0.5496524641139454,35.36523564656576,35.76549212137858,174.125,0.8779296875,0.0,0.0
195,central,2026-09-19T03:00:00,2026-09-19 03:00:00,0.0,0.0,300.8974609375,0.2658843994140625,-0.7899627685546875,98852.125,35.3181037902832,0.8335080620812035,35.258870442708336,35.61765670776367,230.984375,0.31689453125,0.0,0.0
195,central,2026-09-19T04:00:00,2026-09-19 04:00:00,0.0,0.0,301.52490234375,0.171783447265625,-1.1417694091796875,98871.359375,35.62555694580078,1.1546198233587517,35.35742696126302,35.4894053141276,177.9375,0.62744140625,0.0,0.0
195,central,2026-09-19T05:00:00,2026-09-19 05:00:00,0.0,0.0,303.5302734375,0.2147979736328125,-1.422760009765625,98878.9765625,35.70231628417969,1.4388829746942744,35.548659006754555,35.45694732666016,112.8828125,2.00537109375,0.0,0.0
195,central,2026-09-19T06:00:00,2026-09-19 06:00:00,0.0,0.0,305.446533203125,0.1226348876953125,-1.53814697265625,98832.34375,35.55024719238281,1.5430280053102174,35.62604014078776,35.44245529174805,-19.78125,1.916259765625,0.0,0.0
195,central,2026-09-19T07:00:00,2026-09-19 07:00:00,0.0,0.0,305.558349609375,0.2030181884765625,-1.6796722412109375,98787.484375,35.53900146484375,1.691896930296547,35.597188313802086,35.477307637532554,-83.875,0.11181640625,0.0,0.0
195,central,2026-09-19T08:00:00,2026-09-19 08:00:00,0.0,0.0,306.587158203125,-0.0506134033203125,-1.567169189453125,98681.6171875,35.20946502685547,1.5679862834115703,35.43290456136068,35.49078178405762,-197.359375,1.02880859375,0.0,0.0
195,central,2026-09-19T09:00:00,2026-09-19 09:00:00,0.0,0.0,306.38427734375,-0.1868896484375,-1.2501678466796875,98621.09375,34.623653411865234,1.264059882111927,35.12403996785482,35.37504005432129,-211.25,-0.202880859375,0.0,0.0
195,central,2026-09-19T10:00:00,2026-09-19 10:00:00,0.0,0.0,305.562255859375,-0.5046539306640625,-1.9974822998046875,98488.3515625,35.41241836547852,2.0602454047437435,35.08184560139974,35.339516957600914,-299.1328125,-0.822021484375,0.0,0.0
195,central,2026-09-19T11:00:00,2026-09-19 11:00:00,0.0,0.0,306.047607421875,-0.430694580078125,-1.293853759765625,98488.125,34.57025146484375,1.3636551517771331,34.8687744140625,35.150839487711586,-193.4921875,0.4853515625,0.0,0.0
195,central,2026-09-19T12:00:00,2026-09-19 12:00:00,0.0,0.0,305.889892578125,-1.0667266845703125,-0.363800048828125,98535.703125,34.888309478759766,1.127056473785461,34.956993103027344,35.04051653544108,-85.390625,-0.15771484375,0.0,0.0
195,central,2026-09-19T13:00:00,2026-09-19 13:00:00,0.0,0.0,306.02392578125,-1.522003173828125,1.096343994140625,98583.921875,36.08551025390625,1.875756864476605,35.181357065836586,35.131601333618164,95.5703125,0.134033203125,0.0,0.0
195,central,2026-09-19T14:00:00,2026-09-19 14:00:00,0.0,0.0,304.6943359375,-1.25146484375,0.922515869140625,98635.34375,35.83362579345703,1.5547346345786777,35.602481842041016,35.23562812805176,147.21875,-1.32958984375,0.0,0.0
195,central,2026-09-19T15:00:00,2026-09-19 15:00:00,0.0,0.0,303.67724609375,-1.2631378173828125,1.1191558837890625,98725.96875,35.69301223754883,1.6876098595120534,35.8707160949707,35.41385459899902,190.265625,-1.01708984375,0.0,0.0
195,central,2026-09-19T16:00:00,2026-09-19 16:00:00,0.0,0.0,303.40087890625,-1.106903076171875,1.123992919921875,98786.46875,34.378631591796875,1.577527972516894,35.30175654093424,35.241556803385414,202.546875,-0.2763671875,0.0,0.0
195,central,2026-09-19T17:00:00,2026-09-19 17:00:00,0.0,0.0,300.8994140625,-1.0955352783203125,1.076202392578125,98834.8046875,33.11272430419922,1.535711280102886,34.394789377848305,34.998635609944664,199.4609375,-2.50146484375,0.0,0.0
195,central,2026-09-19T18:00:00,2026-09-19 18:00:00,0.0,0.0,300.161865234375,-1.0472412109375,1.1010589599609375,98830.3125,31.792091369628903,1.5195542067317318,33.094482421875,34.48259925842285,104.34375,-0.737548828125,0.0,0.0
195,central,2026-09-19T19:00:00,2026-09-19 19:00:00,0.0,0.0,300.19091796875,-1.026214599609375,1.1987152099609375,98847.265625,31.3037052154541,1.577984334219806,32.06950696309408,33.68563175201416,60.796875,0.029052734375,0.0,0.0
195,central,2026-09-19T20:00:00,2026-09-19 20:00:00,0.0,0.0,299.2470703125,-0.8157501220703125,1.2316131591796875,98828.84375,31.28630447387696,1.4772674894961644,31.46070035298665,32.92774486541748,-5.9609375,-0.94384765625,0.0,0.0
195,central,2026-09-19T21:00:00,2026-09-19 21:00:00,0.0,0.0,298.80859375,-0.8997955322265625,1.5562591552734375,98837.6171875,31.14204216003418,1.7976580759942298,31.244017283121742,32.169249852498375,7.3046875,-0.4384765625,0.0,0.0
195,central,2026-09-19T22:00:00,2026-09-19 22:00:00,0.0,0.0,297.900634765625,-1.2650604248046875,0.0220947265625,98775.84375,34.39827346801758,1.2652533561895372,32.275540033976235,32.17252349853516,-71.421875,-0.907958984375,0.0,0.0
195,central,2026-09-19T23:00:00,2026-09-19 23:00:00,0.0,0.0,297.9892578125,-1.2442779541015625,-0.2678375244140625,98859.453125,36.532936096191406,1.2727782864848942,34.02441724141439,32.74255879720052,30.609375,0.088623046875,0.0,0.0
195,central,2026-09-20T00:00:00,2026-09-20 00:00:00,0.0,0.0,299.220947265625,-1.5730438232421875,-0.34991455078125,98852.796875,37.79072189331055,1.6114921851156594,36.24064381917318,33.74233055114746,15.1796875,1.231689453125,0.0,0.0
195,central,2026-09-20T01:00:00,2026-09-20 01:00:00,0.0,0.0,299.15771484375,-1.70916748046875,-0.272735595703125,98905.84375,37.90201950073242,1.7307912009989632,37.40855916341146,34.84204959869385,130.0,-0.063232421875,0.0,0.0
195,central,2026-09-20T02:00:00,2026-09-20 02:00:00,0.0,0.0,300.384521484375,-1.47760009765625,-0.0941619873046875,98959.4609375,37.42109298706055,1.480597355274866,37.70461146036784,35.86451435089111,100.0078125,1.226806640625,0.0,0.0
195,central,2026-09-20T03:00:00,2026-09-20 03:00:00,0.0,0.0,300.7646484375,-1.0863037109375,0.3753814697265625,99017.03125,37.11267852783203,1.1493332850877755,37.478597005208336,36.85962041219076,164.234375,0.380126953125,0.0,0.0
195,central,2026-09-20T04:00:00,2026-09-20 04:00:00,0.0,0.0,301.362548828125,-0.9058685302734376,0.5369415283203125,99020.234375,37.62613677978516,1.053045107758785,37.38663609822592,37.39759763081869,114.390625,0.597900390625,0.0,0.0
195,central,2026-09-20T05:00:00,2026-09-20 05:00:00,0.0,0.0,304.01171875,-1.095611572265625,0.3248443603515625,99044.5703125,38.76325225830078,1.142754818731722,37.834022521972656,37.76931699117025,85.109375,2.649169921875,0.0,0.0
195,central,2026-09-20T06:00:00,2026-09-20 06:00:00,0.0,0.0,305.835693359375,-1.31341552734375,0.2133941650390625,99028.6484375,40.11084365844727,1.3306379737330434,38.833410898844406,38.15600395202637,11.6171875,1.823974609375,0.0,0.0
195,central,2026-09-20T07:00:00,2026-09-20 07:00:00,0.0,0.0,305.951416015625,-1.25592041015625,0.240386962890625,99002.7421875,41.51859664916992,1.2787188778519,40.130897521972656,38.75876681009928,-17.4921875,0.11572265625,0.0,0.0
195,central,2026-09-20T08:00:00,2026-09-20 08:00:00,0.0,0.0,306.814697265625,-0.9868927001953124,0.1087493896484375,98918.2890625,42.52820587158203,0.9928663713953164,41.38588205973307,39.60995229085287,-126.28125,0.86328125,0.0,0.0
195,central,2026-09-20T09:00:00,2026-09-20 09:00:00,0.0,0.0,306.780517578125,-0.6922454833984375,-0.04583740234375,98835.328125,42.9513053894043,0.6937613975562198,42.33270263671875,40.58305676778158,-193.3203125,-0.0341796875,0.0,0.0
195,central,2026-09-20T10:00:00,2026-09-20 10:00:00,0.0,0.0,306.29443359375,0.22833251953125,-0.0535888671875,98677.359375,44.8385009765625,0.2345367906361988,43.439337412516274,41.78511746724447,-325.3828125,-0.486083984375,0.0,0.0
195,central,2026-09-20T11:00:00,2026-09-20 11:00:00,0.0,0.0,306.440185546875,1.5693511962890625,-0.517425537109375,98698.859375,45.628814697265625,1.6524504118873995,44.47287368774414,42.92937787373861,-219.4296875,0.145751953125,0.0,0.0
195,central,2026-09-20T12:00:00,2026-09-20 12:00:00,0.0,0.0,306.08642578125,0.6710357666015625,-0.45172119140625,98686.53125,45.98395538330078,0.8089134903214488,45.48375701904297,43.90822982788086,-148.796875,-0.353759765625,0.0,0.0
195,central,2026-09-20T13:00:00,2026-09-20 13:00:00,0.0,0.0,305.059814453125,0.7910919189453125,-1.60546875,98691.265625,45.78263854980469,1.789792259299145,45.79846954345703,44.618903477986656,13.90625,-1.026611328125,0.0,0.0
195,central,2026-09-20T14:00:00,2026-09-20 14:00:00,0.0,0.0,303.7685546875,-0.5258331298828125,-1.539581298828125,98775.2890625,45.26099395751953,1.6269022884560864,45.675862630208336,45.07436815897624,76.4296875,-1.291259765625,0.0,0.0
195,central,2026-09-20T15:00:00,2026-09-20 15:00:00,0.0,0.0,302.358154296875,-1.5704498291015625,-1.0665435791015625,98809.171875,44.39986038208008,1.898375060900216,45.147830963134766,45.31579399108887,122.640625,-1.410400390625,0.0,0.0
195,central,2026-09-20T16:00:00,2026-09-20 16:00:00,0.0,0.0,302.35009765625,-1.895751953125,-0.2629547119140625,98873.796875,44.6181755065918,1.9139019432288216,44.75967661539713,45.279073079427086,182.53125,-0.008056640625,0.0,0.0
195,central,2026-09-20T17:00:00,2026-09-20 17:00:00,0.0,0.0,301.455322265625,-1.663482666015625,-0.4532470703125,98885.2734375,44.31339645385742,1.7241251366653512,44.4438107808431,45.05983670552572,109.984375,-0.894775390625,0.0,0.0
195,central,2026-09-20T18:00:00,2026-09-20 18:00:00,0.0,0.0,301.472412109375,-1.0373077392578125,-0.8167724609375,98876.53125,44.06864929199219,1.3202744407395206,44.33340708414713,44.74061902364095,67.359375,0.01708984375,0.0,0.0
195,central,2026-09-20T19:00:00,2026-09-20 19:00:00,0.0,0.0,301.16064453125,-0.5913543701171875,-0.794281005859375,98866.328125,43.85173416137695,0.9902435595981808,44.07792663574219,44.418801625569664,-7.46875,-0.311767578125,0.0,0.0
195,central,2026-09-20T20:00:00,2026-09-20 20:00:00,0.0,0.0,300.265380859375,-0.5131378173828125,-0.419342041015625,98808.65625,44.00992202758789,0.6626900987577427,43.97676849365234,44.21028963724772,-76.6171875,-0.895263671875,0.0,0.0
195,central,2026-09-20T21:00:00,2026-09-20 21:00:00,0.0,0.0,299.94970703125,-0.5336456298828125,0.25018310546875,98814.265625,44.55451202392578,0.5893803903719663,44.13872273763021,44.23606491088867,-62.265625,-0.315673828125,0.0,0.0
195,central,2026-09-20T22:00:00,2026-09-20 22:00:00,0.0,0.0,300.197021484375,-1.0767974853515625,-0.3690948486328125,98762.78125,43.44375991821289,1.1382986566568227,44.00273132324219,44.04032897949219,-103.546875,0.247314453125,0.0,0.0
195,central,2026-09-20T23:00:00,2026-09-20 23:00:00,0.0,0.0,300.0556640625,-0.3895263671875,-0.6660919189453125,98784.328125,42.81063079833984,0.7716276532230684,43.60296758015951,43.78986803690592,-24.328125,-0.141357421875,0.0,0.0
195,central,2026-09-21T00:00:00,2026-09-21 00:00:00,0.0,0.0,300.845703125,-0.21600341796875,-0.7452850341796875,98760.71875,42.45281600952149,0.775955706691046,42.90240224202474,43.52056248982748,-53.546875,0.7900390625,0.0,0.0
195,central,2026-09-21T01:00:00,2026-09-21 01:00:00,0.0,0.0,300.5068359375,-0.057342529296875,-0.8699188232421875,98763.921875,42.032562255859375,0.8718067014523547,42.43200302124024,43.21736717224121,1.140625,-0.3388671875,0.0,0.0
195,central,2026-09-21T02:00:00,2026-09-21 02:00:00,0.0,0.0,301.36376953125,0.180572509765625,-0.9682769775390624,98803.0625,41.60440826416016,0.9849704241829998,42.029928843180336,42.81644821166992,18.734375,0.85693359375,0.0,0.0
195,central,2026-09-21T03:00:00,2026-09-21 03:00:00,0.0,0.0,301.7216796875,0.45465087890625,-0.595977783203125,98825.6484375,41.64470672607422,0.7495978520259624,41.76055908203125,42.331480662028,64.9296875,0.35791015625,0.0,0.0
195,central,2026-09-21T04:00:00,2026-09-21 04:00:00,0.0,0.0,302.14599609375,0.6348724365234375,-0.718505859375,98837.5390625,42.17962646484375,0.958808469201964,41.80958048502604,42.12079175313314,73.6171875,0.42431640625,0.0,0.0
195,central,2026-09-21T05:00:00,2026-09-21 05:00:00,0.0,0.0,304.26416015625,0.691986083984375,-0.76593017578125,98829.4453125,42.76925659179688,1.0322275788799324,42.19786326090495,42.11389605204265,26.3828125,2.1181640625,0.0,0.0
195,central,2026-09-21T06:00:00,2026-09-21 06:00:00,0.0,0.0,306.01904296875,0.71051025390625,-0.8607025146484375,98803.125,43.258914947509766,1.1160795848092857,42.73593266805013,42.24824587504069,-22.5234375,1.7548828125,0.0,0.0
195,central,2026-09-21T07:00:00,2026-09-21 07:00:00,0.0,0.0,306.39208984375,0.77703857421875,-0.9718017578125,98694.7734375,43.48081207275391,1.2442618704723587,43.16966120402018,42.48962084452311,-142.765625,0.373046875,0.0,0.0
195,central,2026-09-21T08:00:00,2026-09-21 08:00:00,0.0,0.0,307.17236328125,0.718475341796875,-1.0104217529296875,98640.3515625,43.62668228149414,1.2398221386810444,43.4554697672526,42.82666651407877,-189.09375,0.7802734375,0.0,0.0
195,central,2026-09-21T09:00:00,2026-09-21 09:00:00,0.0,0.0,307.37890625,0.671112060546875,-1.01666259765625,98503.671875,43.59326934814453,1.218193020536822,43.56692123413086,43.15142695109049,-299.453125,0.20654296875,0.0,0.0
195,central,2026-09-21T10:00:00,2026-09-21 10:00:00,0.0,0.0,306.1298828125,0.8928375244140625,-0.0027923583984375,98404.78125,42.9803581237793,0.8928418909679681,43.40010325113932,43.28488222757975,-289.9921875,-1.2490234375,0.0,0.0
195,central,2026-09-21T11:00:00,2026-09-21 11:00:00,0.0,0.0,306.233642578125,1.3157958984375,-0.8234405517578125,98407.640625,42.42185974121094,1.5522155741468897,42.99849573771159,43.226982752482094,-232.7109375,0.103759765625,0.0,0.0
195,central,2026-09-21T12:00:00,2026-09-21 12:00:00,0.0,0.0,305.948974609375,0.208770751953125,-1.3678131103515625,98419.171875,43.02201843261719,1.3836538337751567,42.80807876586914,43.1875,-84.5,-0.28466796875,0.0,0.0
195,central,2026-09-21T13:00:00,2026-09-21 13:00:00,0.0,0.0,306.111083984375,0.06427001953125,-2.1197967529296875,98407.921875,42.13557434082031,2.1207708290010485,42.52648417154948,42.9632937113444,3.140625,0.162109375,0.0,0.0
195,central,2026-09-21T14:00:00,2026-09-21 14:00:00,0.0,0.0,305.070068359375,-0.2214813232421875,-1.79754638671875,98473.7265625,41.167259216308594,1.8111396933839048,42.10828399658203,42.55338986714681,66.0859375,-1.041015625,0.0,0.0
195,central,2026-09-21T15:00:00,2026-09-21 15:00:00,0.0,0.0,303.88037109375,-0.52203369140625,-1.5668792724609375,98511.578125,40.55846405029297,1.651553762198177,41.28709920247396,42.04758898417155,92.40625,-1.189697265625,0.0,0.0
195,central,2026-09-21T16:00:00,2026-09-21 16:00:00,0.0,0.0,302.656982421875,-1.110595703125,-1.41455078125,98567.8515625,40.45942306518555,1.7984373018080722,40.7283821105957,41.62743314107259,159.9296875,-1.223388671875,0.0,0.0
195,central,2026-09-21T17:00:00,2026-09-21 17:00:00,0.0,0.0,300.9677734375,-1.280609130859375,-1.0098876953125,98557.734375,40.54603958129883,1.6308994154097909,40.52130889892578,41.31479644775391,84.0078125,-1.689208984375,0.0,0.0
195,central,2026-09-21T18:00:00,2026-09-21 18:00:00,0.0,0.0,300.72900390625,-1.3568572998046875,-0.726104736328125,98587.8828125,40.82583618164063,1.5389248910039124,40.610432942708336,40.94876607259115,76.3046875,-0.23876953125,0.0,0.0
195,central,2026-09-21T19:00:00,2026-09-21 19:00:00,0.0,0.0,300.21142578125,-1.38934326171875,-0.5496978759765625,98555.8984375,40.91016387939453,1.4941360225014453,40.76067988077799,40.74453099568685,-11.953125,-0.517578125,0.0,0.0
195,central,2026-09-21T20:00:00,2026-09-21 20:00:00,0.0,0.0,299.72314453125,-1.4338531494140625,-0.4465179443359375,98528.96875,40.775726318359375,1.5017699986011896,40.83724212646485,40.67927551269531,-28.765625,-0.48828125,0.0,0.0
195,central,2026-09-21T21:00:00,2026-09-21 21:00:00,0.0,0.0,299.283203125,-1.448486328125,-0.5192718505859375,98530.453125,41.12581253051758,1.5387514086349323,40.93723424275717,40.77383359273275,-57.4296875,-0.43994140625,0.0,0.0
195,central,2026-09-21T22:00:00,2026-09-21 22:00:00,0.0,0.0,298.985595703125,-1.2802734375,-0.6867218017578125,98484.875,40.84361267089844,1.4528203288010402,40.9150505065918,40.8378651936849,-71.0234375,-0.297607421875,0.0,0.0
195,central,2026-09-21T23:00:00,2026-09-21 23:00:00,0.0,0.0,299.117431640625,-1.1255950927734375,-0.8012237548828125,98516.96875,41.53789520263672,1.381638092361439,41.169106801350914,41.00317446390788,-12.0,0.1318359375,0.0,0.0
195,central,2026-09-22T00:00:00,2026-09-22 00:00:00,0.0,0.0,300.48095703125,-0.6130828857421875,-0.7239990234375,98532.3359375,41.669715881347656,0.948707125897356,41.35040791829427,41.14382108052572,1.8828125,1.363525390625,0.0,0.0
195,central,2026-09-22T01:00:00,2026-09-22 01:00:00,0.0,0.0,300.562744140625,-0.5764923095703125,-1.17523193359375,98561.2421875,41.51815032958984,1.3090124066380031,41.57525380452474,41.245152155558266,76.3671875,0.081787109375,0.0,0.0
195,central,2026-09-22T02:00:00,2026-09-22 02:00:00,0.0,0.0,301.562255859375,-0.66522216796875,-1.18072509765625,98609.296875,41.07188415527344,1.355224073351859,41.41991678873698,41.294511795043945,92.328125,0.99951171875,0.0,0.0
195,central,2026-09-22T03:00:00,2026-09-22 03:00:00,0.0,0.0,301.94921875,-0.5157623291015625,-0.4942169189453125,98641.2890625,40.635032653808594,0.7143256561905543,41.07502237955729,41.21271514892578,108.953125,0.386962890625,0.0,0.0
195,central,2026-09-22T04:00:00,2026-09-22 04:00:00,0.0,0.0,302.390869140625,-0.0256805419921875,0.002899169921875,98649.796875,40.74660110473633,0.0258436727894548,40.81783930460612,41.19654655456543,88.5546875,0.441650390625,0.0,0.0
195,central,2026-09-22T05:00:00,2026-09-22 05:00:00,0.0,0.0,304.55615234375,0.592987060546875,-0.0184783935546875,98655.984375,41.255126953125,0.5932748983434114,40.878920237223305,41.14941851298014,46.6875,2.165283203125,0.0,0.0
195,central,2026-09-22T06:00:00,2026-09-22 06:00:00,0.0,0.0,306.5029296875,0.9711151123046876,-0.63458251953125,98593.3125,41.49039840698242,1.160068763238273,41.16404215494792,41.1195322672526,-47.9765625,1.94677734375,0.0,0.0
195,central,2026-09-22T07:00:00,2026-09-22 07:00:00,0.0,0.0,306.719970703125,0.991851806640625,-1.2091522216796875,98550.5625,41.5657958984375,1.5639114749656375,41.43710708618164,41.12747319539388,-99.234375,0.217041015625,0.0,0.0
195,central,2026-09-22T08:00:00,2026-09-22 08:00:00,0.0,0.0,307.827392578125,0.8706207275390625,-1.6516265869140625,98442.09375,41.30536651611328,1.8670433401027524,41.45385360717773,41.16638692220052,-213.890625,1.107421875,0.0,0.0
195,central,2026-09-22T09:00:00,2026-09-22 09:00:00,0.0,0.0,307.946044921875,0.6990966796875,-1.796173095703125,98359.59375,40.485260009765625,1.9274267709248605,41.11880747477213,41.14142481486002,-233.71875,0.11865234375,0.0,0.0
195,central,2026-09-22T10:00:00,2026-09-22 10:00:00,0.0,0.0,306.646484375,1.15509033203125,-1.8271026611328125,98244.234375,40.95412826538086,2.1616053778316404,40.91491826375326,41.176012674967446,-306.328125,-1.299560546875,0.0,0.0
195,central,2026-09-22T11:00:00,2026-09-22 11:00:00,0.0,0.0,306.480224609375,1.064208984375,-2.1306304931640625,98211.0859375,39.96432113647461,2.3816227788684348,40.46790313720703,40.96087837219238,-231.0078125,-0.166259765625,0.0,0.0
195,central,2026-09-22T12:00:00,2026-09-22 12:00:00,0.0,0.0,306.1064453125,0.58245849609375,-1.39324951171875,98184.9375,36.7954330444336,1.5101000303212793,39.23796081542969,40.178384145100914,-174.65625,-0.373779296875,0.0,0.0
195,central,2026-09-22T13:00:00,2026-09-22 13:00:00,0.0,0.0,305.951904296875,0.597991943359375,-2.453964233398437,98178.390625,33.27313232421875,2.5257741037395847,36.67762883504232,38.79627354939779,-65.84375,-0.154541015625,0.0,0.0
195,central,2026-09-22T14:00:00,2026-09-22 14:00:00,0.0,0.0,305.593505859375,0.08111572265625,-2.553466796875,98260.96875,30.94744682312012,2.5547548694943547,33.67200406392416,37.0699536005656,49.8828125,-0.3583984375,0.0,0.0
195,central,2026-09-22T15:00:00,2026-09-22 15:00:00,0.0,0.0,303.20263671875,-0.2509002685546875,-2.417709350585937,98315.953125,29.551898956298828,2.43069320332112,31.257492701212566,35.24772675832113,131.015625,-2.390869140625,0.0,0.0
195,central,2026-09-22T16:00:00,2026-09-22 16:00:00,0.0,0.0,301.469970703125,-0.334381103515625,-1.464630126953125,98380.3125,27.808570861816406,1.5023155897370746,29.43597221374512,33.05680052439372,201.921875,-1.732666015625,0.0,0.0
195,central,2026-09-22T17:00:00,2026-09-22 17:00:00,0.0,0.0,300.8896484375,0.3262786865234375,0.302490234375,98384.671875,25.926942825317383,0.4449248511509578,27.762470881144207,30.717237472534183,123.703125,-0.580322265625,0.0,0.0
195,central,2026-09-22T18:00:00,2026-09-22 18:00:00,0.0,0.0,300.50634765625,0.4692840576171875,0.4070892333984375,98361.3671875,24.42586135864257,0.6212480749930572,26.053791681925457,28.655642191569004,45.4140625,-0.38330078125,0.0,0.0
195,central,2026-09-22T19:00:00,2026-09-22 19:00:00,0.0,0.0,300.2001953125,0.76837158203125,0.5338592529296875,98359.078125,23.671009063720703,0.9356284465597708,24.674604415893555,27.055288314819336,-21.234375,-0.30615234375,0.0,0.0
195,central,2026-09-22T20:00:00,2026-09-22 20:00:00,0.0,0.0,299.178466796875,1.123046875,0.30914306640625,98337.90625,23.54109001159668,1.164819178651487,23.87932014465332,25.82089551289876,-46.765625,-1.021728515625,0.0,0.0
195,central,2026-09-22T21:00:00,2026-09-22 21:00:00,0.0,0.0,298.930908203125,1.3270721435546875,-0.375946044921875,98309.96875,23.99800491333008,1.3792954371313035,23.736701329549152,24.895246505737305,-51.3984375,-0.24755859375,0.0,0.0
195,central,2026-09-22T22:00:00,2026-09-22 22:00:00,0.0,0.0,298.96875,0.3898773193359375,-1.1398468017578125,98323.671875,26.63856506347656,1.204680478637423,24.725886662801106,24.70024553934733,-35.40625,0.037841796875,0.0,0.0
195,central,2026-09-22T23:00:00,2026-09-22 23:00:00,0.0,0.0,299.406005859375,-0.6155242919921875,-0.906768798828125,98347.96875,27.683086395263672,1.0959469916746358,26.10655212402344,24.99293613433838,10.0625,0.437255859375,0.0,0.0
195,central,2026-09-23T00:00:00,2026-09-23 00:00:00,0.0,0.0,300.0859375,-0.67962646484375,-0.816986083984375,98379.4296875,28.91951370239257,1.0627127519419992,27.74705505371093,25.741878191630047,69.4609375,0.679931640625,0.0,0.0
195,central,2026-09-23T01:00:00,2026-09-23 01:00:00,0.0,0.0,299.311767578125,-0.4742431640625,-1.1820220947265625,98429.828125,29.80398178100586,1.2736101487825,28.80219395955403,26.76404031117757,106.15625,-0.774169921875,0.0,0.0
195,central,2026-09-23T02:00:00,2026-09-23 02:00:00,0.0,0.0,300.892578125,-0.012908935546875,-0.832550048828125,98507.7578125,30.341960906982425,0.8326501212518177,29.688485463460285,27.897518793741863,159.7890625,1.580810546875,0.0,0.0
195,central,2026-09-23T03:00:00,2026-09-23 03:00:00,0.0,0.0,301.452392578125,0.3716888427734375,-0.388153076171875,98575.453125,30.54841995239257,0.5374154876666158,30.231454213460285,28.989254633585613,196.0234375,0.559814453125,0.0,0.0
195,central,2026-09-23T04:00:00,2026-09-23 04:00:00,0.0,0.0,302.004150390625,0.385345458984375,-0.11785888671875,98589.1484375,30.966636657714844,0.4029663012442377,30.61900583902995,29.710599899291992,159.3203125,0.5517578125,0.0,0.0
195,central,2026-09-23T05:00:00,2026-09-23 05:00:00,0.0,0.0,304.304443359375,0.466094970703125,0.085479736328125,98595.21875,31.4470329284668,0.4738684490842081,30.98736317952474,30.337924321492512,87.4609375,2.30029296875,0.0,0.0
195,central,2026-09-23T06:00:00,2026-09-23 06:00:00,0.0,0.0,306.451416015625,0.4846343994140625,0.04534912109375,98520.015625,31.8166618347168,0.4867515217021973,31.41011047363281,30.82078234354655,-55.4375,2.14697265625,0.0,0.0
195,central,2026-09-23T07:00:00,2026-09-23 07:00:00,0.0,0.0,306.870361328125,0.288787841796875,-0.062652587890625,98500.75,32.32801055908203,0.2955059463684096,31.863901774088543,31.24145380655925,-88.3984375,0.4189453125,0.0,0.0
214,central,2026-09-18T05:00:00,2026-09-18 05:00:00,0.0,0.0,303.60302734375,2.4767303466796875,-1.5929412841796875,98486.4375,39.41454315185547,2.944767417812164,39.59398905436198,39.74735323588053,137.625,2.767822265625,0.0,0.0
214,central,2026-09-18T06:00:00,2026-09-18 06:00:00,0.0,0.0,305.290283203125,2.18695068359375,-1.1461181640625,98444.40625,39.28600311279297,2.46907677856829,39.41972223917643,39.59235064188639,28.7109375,1.687255859375,0.0,0.0
214,central,2026-09-18T07:00:00,2026-09-18 07:00:00,0.0,0.0,305.821044921875,2.13330078125,-1.118560791015625,98409.0625,39.59484100341797,2.4087653406837624,39.43179575602213,39.573676427205406,1.0,0.53076171875,0.0,0.0
214,central,2026-09-18T08:00:00,2026-09-18 08:00:00,0.0,0.0,307.0048828125,2.018051147460937,-0.9559783935546876,98311.1953125,39.8993034362793,2.2330304795751905,39.59338251749674,39.59368578592936,-175.2421875,1.183837890625,0.0,0.0
214,central,2026-09-18T09:00:00,2026-09-18 09:00:00,0.0,0.0,307.103515625,1.8074493408203125,-0.9385833740234376,98245.4375,39.548118591308594,2.036617752457491,39.68075434366862,39.55023829142253,-198.96875,0.0986328125,0.0,0.0
214,central,2026-09-18T10:00:00,2026-09-18 10:00:00,0.0,0.0,306.0224609375,1.4465179443359375,-1.67340087890625,98164.953125,39.32777404785156,2.211941379153181,39.59173202514648,39.51176389058431,-244.109375,-1.0810546875,0.0,0.0
214,central,2026-09-18T11:00:00,2026-09-18 11:00:00,0.0,0.0,306.27099609375,-0.1519317626953125,-1.9559478759765625,98141.125,39.167030334472656,1.9618397880695893,39.34764099121094,39.47051175435384,-170.0703125,0.24853515625,0.0,0.0
214,central,2026-09-18T12:00:00,2026-09-18 12:00:00,0.0,0.0,305.832275390625,-1.3549957275390625,-0.8112945556640625,98166.921875,38.18219757080078,1.5793075310715332,38.892333984375,39.28654416402181,-78.515625,-0.438720703125,0.0,0.0
214,central,2026-09-18T13:00:00,2026-09-18 13:00:00,0.0,0.0,305.679443359375,-0.4295501708984375,0.7691192626953125,98185.890625,37.32044219970703,0.8809414223249228,38.22322336832682,38.907477696736656,20.9375,-0.15283203125,0.0,0.0
214,central,2026-09-18T14:00:00,2026-09-18 14:00:00,0.0,0.0,303.68701171875,0.6458740234375,1.2047576904296875,98290.421875,38.2165412902832,1.3669653787864633,37.906393686930336,38.62701733907064,149.296875,-1.992431640625,0.0,0.0
214,central,2026-09-18T15:00:00,2026-09-18 15:00:00,0.0,0.0,302.15673828125,1.2129974365234375,0.7984771728515625,98309.8984375,37.933067321777344,1.4522150586526277,37.8233502705892,38.357842127482094,142.9765625,-1.5302734375,0.0,0.0
214,central,2026-09-18T16:00:00,2026-09-18 16:00:00,0.0,0.0,302.220458984375,1.2397308349609375,0.29083251953125,98341.421875,36.86035537719727,1.273387646229473,37.66998799641927,37.94660568237305,155.53125,0.063720703125,0.0,0.0
214,central,2026-09-18T17:00:00,2026-09-18 17:00:00,0.0,0.0,301.6220703125,1.4923248291015625,0.1048736572265625,98383.984375,35.59406661987305,1.4960053073211612,36.79582977294922,37.35111172993978,93.5625,-0.598388671875,0.0,0.0
214,central,2026-09-18T18:00:00,2026-09-18 18:00:00,0.0,0.0,301.423828125,1.5233001708984375,0.107086181640625,98362.796875,34.171531677246094,1.5270595472860833,35.54198455810547,36.68266741434733,52.8984375,-0.1982421875,0.0,0.0
214,central,2026-09-18T19:00:00,2026-09-18 19:00:00,0.0,0.0,301.1005859375,1.426300048828125,0.012176513671875,98376.203125,32.995643615722656,1.4263520241414156,34.2537473042806,35.96186765034994,34.78125,-0.3232421875,0.0,0.0
214,central,2026-09-18T20:00:00,2026-09-18 20:00:00,0.0,0.0,300.30810546875,1.4197235107421875,-0.00286865234375,98366.1015625,32.06245422363281,1.4197264088972887,33.07654317220052,34.93618647257487,-17.8828125,-0.79248046875,0.0,0.0
214,central,2026-09-18T21:00:00,2026-09-18 21:00:00,0.0,0.0,299.928466796875,1.3383331298828125,0.0622406005859375,98364.3125,31.29886817932129,1.3397796307241066,32.11898867289225,33.83048661549886,1.515625,-0.379638671875,0.0,0.0
214,central,2026-09-18T22:00:00,2026-09-18 22:00:00,0.0,0.0,298.863525390625,1.014373779296875,-0.0259246826171875,98358.125,32.80717468261719,1.0147050080165303,32.05616569519043,33.15495649973551,-18.078125,-1.06494140625,0.0,0.0
214,central,2026-09-18T23:00:00,2026-09-18 23:00:00,0.0,0.0,298.753662109375,0.968780517578125,0.4630889892578125,98431.96875,32.430267333984375,1.0737723702958473,32.17877006530762,32.62765661875407,65.8671875,-0.10986328125,0.0,0.0
214,central,2026-09-19T00:00:00,2026-09-19 00:00:00,0.0,0.0,299.526123046875,0.901458740234375,0.7035675048828125,98459.140625,32.25438690185547,1.1435187336777537,32.497276306152344,32.3081324895223,94.828125,0.7724609375,0.0,0.0
214,central,2026-09-19T01:00:00,2026-09-19 01:00:00,0.0,0.0,299.51513671875,0.9947509765625,0.514495849609375,98535.421875,32.38652801513672,1.1199265532334342,32.35706075032552,32.20661322275797,177.296875,-0.010986328125,0.0,0.0
214,central,2026-09-19T02:00:00,2026-09-19 02:00:00,0.0,0.0,300.84423828125,0.6422576904296875,-0.430999755859375,98615.09375,32.62080764770508,0.7734699286119125,32.42057418823242,32.29967212677002,183.125,1.3291015625,0.0,0.0
214,central,2026-09-19T03:00:00,2026-09-19 03:00:00,0.0,0.0,301.2080078125,0.4358062744140625,-1.0223846435546875,98700.125,32.8786506652832,1.1113943801347523,32.628662109375,32.56296920776367,240.984375,0.36376953125,0.0,0.0
214,central,2026-09-19T04:00:00,2026-09-19 04:00:00,0.0,0.0,301.84326171875,0.214752197265625,-1.2501678466796875,98725.359375,33.09821319580078,1.2684786758562954,32.86589050292969,32.6114756266276,189.9375,0.63525390625,0.0,0.0
214,central,2026-09-19T05:00:00,2026-09-19 05:00:00,0.0,0.0,304.1767578125,0.1835479736328125,-1.304595947265625,98731.9765625,33.01091003417969,1.3174446645861848,32.995924631754555,32.70824940999349,116.8828125,2.33349609375,0.0,0.0
214,central,2026-09-19T06:00:00,2026-09-19 06:00:00,0.0,0.0,305.913330078125,0.2027130126953125,-1.52935791015625,98684.34375,32.60298156738281,1.5427339961488833,32.90403493245443,32.76634852091471,-15.78125,1.736572265625,0.0,0.0
214,central,2026-09-19T07:00:00,2026-09-19 07:00:00,0.0,0.0,306.044677734375,0.1258697509765625,-1.7587738037109375,98632.484375,32.02142333984375,1.7632720966517734,32.54510498046875,32.70549774169922,-92.875,0.13134765625,0.0,0.0
214,central,2026-09-19T08:00:00,2026-09-19 08:00:00,0.0,0.0,307.243408203125,-0.1482696533203125,-1.684356689453125,98524.6171875,31.32274627685547,1.690869997191155,31.982383728027344,32.48915417989095,-207.359375,1.19873046875,0.0,0.0
214,central,2026-09-19T09:00:00,2026-09-19 09:00:00,0.0,0.0,307.18310546875,-0.2757568359375,-1.4923553466796875,98461.09375,30.676387786865234,1.5176186323743233,31.340185801188152,32.12211036682129,-223.25,-0.060302734375,0.0,0.0
214,central,2026-09-19T10:00:00,2026-09-19 10:00:00,0.0,0.0,306.284912109375,-0.7126617431640625,-1.9711151123046875,98367.3515625,34.13312149047852,2.0959917810252886,32.04408518473307,32.294595082600914,-265.1328125,-0.898193359375,0.0,0.0
214,central,2026-09-19T11:00:00,2026-09-19 11:00:00,0.0,0.0,306.446044921875,-0.501007080078125,-2.172760009765625,98324.125,33.38079833984375,2.229774462658752,32.7301025390625,32.35624313354492,-200.4921875,0.1611328125,0.0,0.0
214,central,2026-09-19T12:00:00,2026-09-19 12:00:00,0.0,0.0,305.993408203125,-0.5198516845703125,-1.254425048828125,98386.703125,32.415653228759766,1.357876274583968,33.30985768636068,32.325021743774414,-74.390625,-0.45263671875,0.0,0.0
214,central,2026-09-19T13:00:00,2026-09-19 13:00:00,0.0,0.0,305.52392578125,-0.882354736328125,-1.587249755859375,98409.921875,30.70855712890625,1.8160153270818835,32.16833623250326,32.106210708618164,42.5703125,-0.469482421875,0.0,0.0
214,central,2026-09-19T14:00:00,2026-09-19 14:00:00,0.0,0.0,303.9638671875,-1.64306640625,-0.754241943359375,98462.34375,30.56604766845703,1.8079126429310173,31.230086008707683,31.98009427388509,138.21875,-1.56005859375,0.0,0.0
214,central,2026-09-19T15:00:00,2026-09-19 15:00:00,0.0,0.0,302.46240234375,-1.7397003173828125,0.0517730712890625,98546.96875,31.122699737548828,1.740470524086105,30.79910151163737,32.05447959899902,160.265625,-1.50146484375,0.0,0.0
214,central,2026-09-19T16:00:00,2026-09-19 16:00:00,0.0,0.0,301.66259765625,-1.713348388671875,0.714813232421875,98615.46875,31.646209716796875,1.856480718512832,31.11165237426757,31.63999430338541,205.546875,-0.7998046875,0.0,0.0
214,central,2026-09-19T17:00:00,2026-09-19 17:00:00,0.0,0.0,300.6357421875,-1.4510040283203125,1.074249267578125,98670.8046875,31.79631805419922,1.8053875426328587,31.52174250284831,31.375914255778,208.4609375,-1.02685546875,0.0,0.0
214,central,2026-09-19T18:00:00,2026-09-19 18:00:00,0.0,0.0,300.546630859375,-1.0882568359375,1.1899261474609375,98668.3125,30.881935119628903,1.612521992834804,31.44148763020833,31.12029457092285,121.34375,-0.089111328125,0.0,0.0
214,central,2026-09-19T19:00:00,2026-09-19 19:00:00,0.0,0.0,300.15380859375,-0.779144287109375,1.3666839599609375,98682.265625,29.4872989654541,1.5731785869854973,30.721850713094074,30.916751543680828,66.796875,-0.392822265625,0.0,0.0
214,central,2026-09-19T20:00:00,2026-09-19 20:00:00,0.0,0.0,299.2216796875,-0.3870391845703125,1.3771209716796875,98661.84375,28.46989822387696,1.4304759700997631,29.61304410298665,30.56739330291748,-8.9609375,-0.93212890625,0.0,0.0
214,central,2026-09-19T21:00:00,2026-09-19 21:00:00,0.0,0.0,298.958984375,-0.3363189697265625,1.3961029052734375,98672.6171875,27.91547966003418,1.4360410062079945,28.62422561645508,30.032856623331707,4.3046875,-0.2626953125,0.0,0.0
214,central,2026-09-19T22:00:00,2026-09-19 22:00:00,0.0,0.0,297.933837890625,-0.9174041748046876,0.2301025390625,98616.84375,29.06233596801757,0.945821123908786,28.48257128397624,29.60221099853516,-65.421875,-1.025146484375,0.0,0.0
214,central,2026-09-19T23:00:00,2026-09-19 23:00:00,0.0,0.0,297.9228515625,-0.9454498291015624,-0.2912750244140625,98692.453125,29.798561096191406,0.9893010255708756,28.92545890808105,29.26925150553385,30.609375,-0.010986328125,0.0,0.0
214,central,2026-09-20T00:00:00,2026-09-20 00:00:00,0.0,0.0,299.010009765625,-1.5271453857421875,-0.54913330078125,98681.796875,30.77900123596192,1.6228741205714523,29.879966100056965,29.252095858256023,9.1796875,1.087158203125,0.0,0.0
214,central,2026-09-20T01:00:00,2026-09-20 01:00:00,0.0,0.0,298.99951171875,-1.87030029296875,-0.352813720703125,98743.84375,31.314128875732425,1.9032868169026376,30.63056373596192,29.556567509969074,127.0,-0.010498046875,0.0,0.0
214,central,2026-09-20T02:00:00,2026-09-20 02:00:00,0.0,0.0,300.544677734375,-1.74322509765625,-0.0629119873046875,98807.4609375,30.801952362060547,1.7443599569026078,30.96502749125163,29.94524319966634,115.0078125,1.545166015625,0.0,0.0
214,central,2026-09-20T03:00:00,2026-09-20 03:00:00,0.0,0.0,301.1455078125,-1.2904052734375,0.3978424072265625,98858.03125,30.04041290283203,1.3503423087140294,30.71883138020833,30.29939874013265,176.234375,0.600830078125,0.0,0.0
214,central,2026-09-20T04:00:00,2026-09-20 04:00:00,0.0,0.0,301.905517578125,-0.9605560302734376,0.3504180908203125,98862.234375,30.331212997436523,1.022477738471023,30.3911927541097,30.51087824503581,118.390625,0.760009765625,0.0,0.0
214,central,2026-09-20T05:00:00,2026-09-20 05:00:00,0.0,0.0,304.759765625,-0.897369384765625,-0.0608978271484375,98887.5703125,31.76130104064941,0.8994333538767824,30.710975646972656,30.83800156911214,80.109375,2.854248046875,0.0,0.0
214,central,2026-09-20T06:00:00,2026-09-20 06:00:00,0.0,0.0,306.292724609375,-1.17474365234375,-0.3481292724609375,98866.6484375,33.718265533447266,1.2252414615356906,31.9369265238444,31.327878952026367,8.6171875,1.532958984375,0.0,0.0
214,central,2026-09-20T07:00:00,2026-09-20 07:00:00,0.0,0.0,306.554931640625,-1.38189697265625,-0.392425537109375,98841.7421875,35.24906539916992,1.436536475419991,33.57621065775553,31.983701705932617,-20.4921875,0.26220703125,0.0,0.0
214,central,2026-09-20T08:00:00,2026-09-20 08:00:00,0.0,0.0,307.359619140625,-1.4683380126953125,-0.4166412353515625,98758.2890625,36.35437774658203,1.5263048314544825,35.10723622639974,32.9091059366862,-129.28125,0.8046875,0.0,0.0
214,central,2026-09-20T09:00:00,2026-09-20 09:00:00,0.0,0.0,307.286376953125,-1.4891204833984375,-0.40423583984375,98670.328125,37.0880241394043,1.543012128368075,36.230489095052086,34.08370780944824,-196.3203125,-0.0732421875,0.0,0.0
214,central,2026-09-20T10:00:00,2026-09-20 10:00:00,0.0,0.0,306.75927734375,-1.60760498046875,-1.2137451171875,98556.359375,41.2877197265625,2.0143413272641824,38.24337387084961,35.909792264302574,-285.3828125,-0.527099609375,0.0,0.0
214,central,2026-09-20T11:00:00,2026-09-20 11:00:00,0.0,0.0,306.697998046875,-1.9853363037109373,-0.863128662109375,98540.859375,41.691314697265625,2.164844411542623,40.022352854410805,37.56479454040527,-217.4296875,-0.061279296875,0.0,0.0
214,central,2026-09-20T12:00:00,2026-09-20 12:00:00,0.0,0.0,306.18994140625,-1.4559173583984375,-0.50933837890625,98529.53125,40.77692413330078,1.5424399303417722,41.25198618570963,38.74123764038086,-140.796875,-0.508056640625,0.0,0.0
214,central,2026-09-20T13:00:00,2026-09-20 13:00:00,0.0,0.0,305.311767578125,-1.5311737060546875,-0.4599609375,98531.265625,41.13420104980469,1.598767332084042,41.20081329345703,39.72209358215332,-25.09375,-0.878173828125,0.0,0.0
214,central,2026-09-20T14:00:00,2026-09-20 14:00:00,0.0,0.0,303.8212890625,-1.5531768798828125,-0.006378173828125,98614.2890625,40.83130645751953,1.553189975921777,40.914143880208336,40.46824836730957,73.4296875,-1.490478515625,0.0,0.0
214,central,2026-09-20T15:00:00,2026-09-20 15:00:00,0.0,0.0,302.297607421875,-1.7511138916015625,0.3963470458984375,98651.171875,40.16939163208008,1.7954082661479496,40.7116330464681,40.98180961608887,121.640625,-1.523681640625,0.0,0.0
214,central,2026-09-20T16:00:00,2026-09-20 16:00:00,0.0,0.0,302.21142578125,-1.625244140625,0.8981781005859375,98717.796875,40.3154411315918,1.8569174502406016,40.43871307373047,40.81976318359375,186.53125,-0.086181640625,0.0,0.0
214,central,2026-09-20T17:00:00,2026-09-20 17:00:00,0.0,0.0,301.066650390625,-1.503326416015625,0.8856201171875,98738.2734375,40.79581832885742,1.7447960640308613,40.426883697509766,40.67051378885905,123.984375,-1.144775390625,0.0,0.0
214,central,2026-09-20T18:00:00,2026-09-20 18:00:00,0.0,0.0,301.027099609375,-1.2746124267578125,0.8287353515625,98727.53125,40.98661804199219,1.5203417778167054,40.699292500813804,40.70546277364095,76.359375,-0.03955078125,0.0,0.0
214,central,2026-09-20T19:00:00,2026-09-20 19:00:00,0.0,0.0,300.77783203125,-0.6763153076171875,0.756500244140625,98719.328125,40.80095291137695,1.0147388899131422,40.86112976074219,40.64992141723633,1.53125,-0.249267578125,0.0,0.0
214,central,2026-09-20T20:00:00,2026-09-20 20:00:00,0.0,0.0,300.077880859375,-0.1576690673828125,0.749603271484375,98653.65625,40.62320327758789,0.7660056131840312,40.80359141031901,40.61523755391439,-84.6171875,-0.699951171875,0.0,0.0
214,central,2026-09-20T21:00:00,2026-09-20 21:00:00,0.0,0.0,299.92822265625,0.1899871826171875,0.89764404296875,98650.265625,40.86505889892578,0.9175292678907304,40.76307169596354,40.73118209838867,-77.265625,-0.149658203125,0.0,0.0
214,central,2026-09-20T22:00:00,2026-09-20 22:00:00,0.0,0.0,299.866943359375,-0.8824615478515625,0.0146942138671875,98610.78125,39.96524429321289,0.8825838789360194,40.48450215657552,40.67281595865885,-108.546875,-0.061279296875,0.0,0.0
214,central,2026-09-20T23:00:00,2026-09-20 23:00:00,0.0,0.0,299.8193359375,-0.4168701171875,-0.5088653564453125,98637.328125,39.89656829833984,0.6578180946083309,40.24229049682617,40.52294095357259,-16.328125,-0.047607421875,0.0,0.0
214,central,2026-09-21T00:00:00,2026-09-21 00:00:00,0.0,0.0,300.498046875,-0.22967529296875,-0.9640350341796876,98614.71875,39.75555038452149,0.9910167946740926,39.87245432535807,40.317763010660805,-35.546875,0.6787109375,0.0,0.0
214,central,2026-09-21T01:00:00,2026-09-21 01:00:00,0.0,0.0,300.1572265625,-0.043670654296875,-0.8279266357421875,98618.921875,39.546234130859375,0.8290775839558647,39.73278427124024,40.10864321390788,8.140625,-0.3408203125,0.0,0.0
214,central,2026-09-21T02:00:00,2026-09-21 02:00:00,0.0,0.0,301.33837890625,0.353424072265625,-0.8540191650390625,98661.0625,39.14933013916016,0.9242604119569524,39.48370488484701,39.862997690836586,23.734375,1.18115234375,0.0,0.0
214,central,2026-09-21T03:00:00,2026-09-21 03:00:00,0.0,0.0,301.7451171875,0.66754150390625,-0.628204345703125,98678.6484375,39.08025360107422,0.916652801990868,39.25860595703125,39.56553014119466,63.9296875,0.40673828125,0.0,0.0
214,central,2026-09-21T04:00:00,2026-09-21 04:00:00,0.0,0.0,302.18701171875,0.7676849365234375,-0.794677734375,98690.5390625,39.55072021484375,1.1049221073344389,39.260101318359375,39.496442794799805,71.6171875,0.44189453125,0.0,0.0
214,central,2026-09-21T05:00:00,2026-09-21 05:00:00,0.0,0.0,304.79541015625,0.672454833984375,-1.02276611328125,98678.4453125,40.17160034179688,1.224028605149973,39.60085805257162,39.54228146870931,17.3828125,2.6083984375,0.0,0.0
214,central,2026-09-21T06:00:00,2026-09-21 06:00:00,0.0,0.0,306.54833984375,0.45562744140625,-1.2317962646484375,98651.125,40.721805572509766,1.3133614898283903,40.14804204305013,39.70332400004069,-27.5234375,1.7529296875,0.0,0.0
214,central,2026-09-21T07:00:00,2026-09-21 07:00:00,0.0,0.0,306.92138671875,0.34149169921875,-1.3702392578125,98547.7734375,40.97104644775391,1.4121516222721482,40.62148412068685,39.94079271952312,-142.765625,0.373046875,0.0,0.0
214,central,2026-09-21T08:00:00,2026-09-21 08:00:00,0.0,0.0,307.83447265625,0.215545654296875,-1.5006561279296875,98482.3515625,40.73996353149414,1.5160569723394932,40.8109385172526,40.20589828491212,-196.09375,0.9130859375,0.0,0.0
214,central,2026-09-21T09:00:00,2026-09-21 09:00:00,0.0,0.0,307.93359375,0.133026123046875,-1.49127197265625,98344.671875,40.53858184814453,1.4971933895936576,40.7498639424642,40.44895299275717,-306.453125,0.09912109375,0.0,0.0
214,central,2026-09-21T10:00:00,2026-09-21 10:00:00,0.0,0.0,306.7138671875,0.7824859619140625,-1.0838470458984375,98253.78125,40.5077018737793,1.3367904471140364,40.59541575113932,40.60844993591309,-293.9921875,-1.2197265625,0.0,0.0
214,central,2026-09-21T11:00:00,2026-09-21 11:00:00,0.0,0.0,306.669189453125,0.1478271484375,-1.6330108642578125,98257.640625,39.70701599121094,1.6396881863937456,40.25109990437826,40.53101921081543,-224.7109375,-0.044677734375,0.0,0.0
214,central,2026-09-21T12:00:00,2026-09-21 12:00:00,0.0,0.0,306.239990234375,-0.764862060546875,-1.7672271728515625,98263.171875,40.50639343261719,1.9256442693625784,40.240370432535805,40.4951171875,-81.5,-0.42919921875,0.0,0.0
214,central,2026-09-21T13:00:00,2026-09-21 13:00:00,0.0,0.0,305.378662109375,-1.23651123046875,-1.3571014404296875,98251.921875,39.73713684082031,1.8359423582159853,39.98351542154948,40.2894655863444,-1.859375,-0.861328125,0.0,0.0
214,central,2026-09-21T14:00:00,2026-09-21 14:00:00,0.0,0.0,303.941162109375,-1.4343719482421875,-1.08563232421875,98324.7265625,39.132102966308594,1.7988942240422847,39.79187774658203,40.02148882548014,67.0859375,-1.4375,0.0,0.0
214,central,2026-09-21T15:00:00,2026-09-21 15:00:00,0.0,0.0,302.45458984375,-1.45660400390625,-0.8188323974609375,98356.578125,38.73229217529297,1.6709822618230707,39.20051066080729,39.72044054667155,93.40625,-1.486572265625,0.0,0.0
214,central,2026-09-21T16:00:00,2026-09-21 16:00:00,0.0,0.0,302.475341796875,-1.754150390625,-0.46533203125,98412.8515625,38.63129806518555,1.814821614439582,38.8318977355957,39.40770657857259,160.9296875,0.020751953125,0.0,0.0
214,central,2026-09-21T17:00:00,2026-09-21 17:00:00,0.0,0.0,301.4814453125,-1.889984130859375,-0.2012939453125,98404.734375,38.63978958129883,1.90067337207626,38.66779327392578,39.22983551025391,80.0078125,-0.993896484375,0.0,0.0
214,central,2026-09-21T18:00:00,2026-09-21 18:00:00,0.0,0.0,301.18798828125,-1.7054901123046875,-0.025909423828125,98429.8828125,38.60122680664063,1.7056869060329216,38.624104817708336,38.91230773925781,73.3046875,-0.29345703125,0.0,0.0
214,central,2026-09-21T19:00:00,2026-09-21 19:00:00,0.0,0.0,300.82861328125,-1.45672607421875,0.1163177490234375,98397.8984375,38.23633575439453,1.4613626086795333,38.49245071411133,38.66217422485352,-14.953125,-0.359375,0.0,0.0
214,central,2026-09-21T20:00:00,2026-09-21 20:00:00,0.0,0.0,300.28369140625,-1.4221343994140625,0.1277008056640625,98377.96875,37.887054443359375,1.427856346333218,38.24153900146485,38.45466613769531,-26.765625,-0.544921875,0.0,0.0
214,central,2026-09-21T21:00:00,2026-09-21 21:00:00,0.0,0.0,299.626953125,-1.436767578125,0.1125640869140625,98381.453125,37.74300003051758,1.4411702700284843,37.95546340942383,38.28978411356608,-48.4296875,-0.65673828125,0.0,0.0
214,central,2026-09-21T22:00:00,2026-09-21 22:00:00,0.0,0.0,298.565673828125,-1.3720703125,-0.2746124267578125,98343.875,37.88853454589844,1.3992815754427923,37.83952967325846,38.1659901936849,-54.0234375,-1.061279296875,0.0,0.0
214,central,2026-09-21T23:00:00,2026-09-21 23:00:00,0.0,0.0,298.771728515625,-1.0484466552734375,-0.5297393798828125,98370.96875,38.44805145263672,1.1746762105161936,38.026528676350914,38.13403383890788,-7.0,0.2060546875,0.0,0.0
214,central,2026-09-22T00:00:00,2026-09-22 00:00:00,0.0,0.0,300.26220703125,-0.8455047607421875,-0.6722412109375,98388.3359375,38.818153381347656,1.0801789417130945,38.3849131266276,38.17018826802572,6.8828125,1.490478515625,0.0,0.0
214,central,2026-09-22T01:00:00,2026-09-22 01:00:00,0.0,0.0,300.498291015625,-0.8128204345703125,-0.78851318359375,98413.2421875,38.66268157958984,1.1324443030702316,38.64296213785807,38.241245905558266,69.3671875,0.236083984375,0.0,0.0
214,central,2026-09-22T02:00:00,2026-09-22 02:00:00,0.0,0.0,301.277099609375,-0.75604248046875,-0.46685791015625,98459.296875,37.95469665527344,0.8885699412813836,38.47851053873698,38.252519607543945,88.328125,0.77880859375,0.0,0.0
214,central,2026-09-22T03:00:00,2026-09-22 03:00:00,0.0,0.0,301.9140625,-0.1261138916015625,-0.0830841064453125,98491.2890625,37.113548278808594,0.1510221255270454,37.91030883789063,38.14761098225912,102.953125,0.636962890625,0.0,0.0
214,central,2026-09-22T04:00:00,2026-09-22 04:00:00,0.0,0.0,302.592041015625,0.5661163330078125,-3.0517578125e-05,98500.796875,36.83449172973633,0.5661163338303665,37.30091222127279,37.97193717956543,87.5546875,0.677978515625,0.0,0.0
214,central,2026-09-22T05:00:00,2026-09-22 05:00:00,0.0,0.0,305.14794921875,0.848846435546875,-0.4755096435546875,98508.984375,37.186767578125,0.9729592449091282,37.044935862223305,37.76172320048014,49.6875,2.555908203125,0.0,0.0
214,central,2026-09-22T06:00:00,2026-09-22 06:00:00,0.0,0.0,307.1787109375,0.8031463623046875,-1.16583251953125,98446.3125,37.50602340698242,1.4157010782223185,37.17576090494792,37.54303487141927,-44.9765625,2.03076171875,0.0,0.0
214,central,2026-09-22T07:00:00,2026-09-22 07:00:00,0.0,0.0,307.464111328125,0.584625244140625,-1.7443084716796875,98396.5625,37.1497802734375,1.8396735363808472,37.28085708618164,37.29088465372721,-104.234375,0.285400390625,0.0,0.0
214,central,2026-09-22T08:00:00,2026-09-22 08:00:00,0.0,0.0,308.544189453125,0.3921051025390625,-2.1770172119140625,98282.09375,36.23896026611328,2.212046643361583,36.96492131551107,37.00492858886719,-226.890625,1.080078125,0.0,0.0
214,central,2026-09-22T09:00:00,2026-09-22 09:00:00,0.0,0.0,308.729248046875,0.2664794921875,-2.290313720703125,98199.59375,35.073150634765625,2.3057641377637697,36.15396372477213,36.66486231486002,-246.71875,0.18505859375,0.0,0.0
214,central,2026-09-22T10:00:00,2026-09-22 10:00:00,0.0,0.0,307.41796875,0.97442626953125,-2.4599151611328125,98105.234375,34.93850326538086,2.6458815458602185,35.41687138875326,36.348864237467446,-291.328125,-1.311279296875,0.0,0.0
214,central,2026-09-22T11:00:00,2026-09-22 11:00:00,0.0,0.0,307.253662109375,1.005615234375,-2.7263336181640625,98068.0859375,32.66549301147461,2.9058831699052585,34.22571563720703,35.59531847635905,-214.0078125,-0.164306640625,0.0,0.0
214,central,2026-09-22T12:00:00,2026-09-22 12:00:00,0.0,0.0,306.5478515625,0.49456787109375,-1.85321044921875,98036.9375,29.6860580444336,1.9180683898682456,32.43001810709635,34.29199091593424,-162.65625,-0.705810546875,0.0,0.0
214,central,2026-09-22T13:00:00,2026-09-22 13:00:00,0.0,0.0,305.545654296875,-0.085601806640625,-2.173690795898437,98018.390625,27.56023979187012,2.1753756791583654,29.970596949259445,32.69373416900635,-86.84375,-1.002197265625,0.0,0.0
214,central,2026-09-22T14:00:00,2026-09-22 14:00:00,0.0,0.0,304.097412109375,-0.62689208984375,-2.021240234375,98103.96875,27.07439994812012,2.116224415643334,28.106899261474613,31.16630744934082,35.8828125,-1.4482421875,0.0,0.0
214,central,2026-09-22T15:00:00,2026-09-22 15:00:00,0.0,0.0,303.28857421875,-0.9901580810546876,-1.9977874755859373,98155.953125,26.856586456298828,2.229701285617859,27.163742065429688,29.79688008626302,119.015625,-0.808837890625,0.0,0.0
214,central,2026-09-22T16:00:00,2026-09-22 16:00:00,0.0,0.0,303.518798828125,-1.656646728515625,-1.614044189453125,98216.3125,26.111305236816406,2.3129239132770705,26.680763880411785,28.325680414835613,197.921875,0.230224609375,0.0,0.0
214,central,2026-09-22T17:00:00,2026-09-22 17:00:00,0.0,0.0,300.8857421875,-1.1151275634765625,0.022216796875,98231.671875,25.587099075317383,1.1153488552415158,26.18499692281087,27.145948092142746,127.703125,-2.633056640625,0.0,0.0
214,central,2026-09-22T18:00:00,2026-09-22 18:00:00,0.0,0.0,300.59423828125,-0.1391143798828125,0.5594329833984375,98206.3671875,25.29109573364257,0.5764703579580271,25.663166681925457,26.41345437367757,50.4140625,-0.29150390625,0.0,0.0
214,central,2026-09-22T19:00:00,2026-09-22 19:00:00,0.0,0.0,300.3994140625,0.22833251953125,0.6305389404296875,98206.078125,25.260852813720703,0.6706080038842973,25.379682540893555,26.030223210652668,-10.234375,-0.19482421875,0.0,0.0
214,central,2026-09-22T20:00:00,2026-09-22 20:00:00,0.0,0.0,299.412841796875,0.619140625,0.82476806640625,98191.90625,25.49421501159668,1.0312989270278987,25.348721186319988,25.76685905456543,-39.765625,-0.986572265625,0.0,0.0
214,central,2026-09-22T21:00:00,2026-09-22 21:00:00,0.0,0.0,299.161376953125,1.1151580810546875,0.559600830078125,98160.96875,25.63472366333008,1.2476901196874566,25.463263829549152,25.563215255737305,-45.3984375,-0.25146484375,0.0,0.0
214,central,2026-09-22T22:00:00,2026-09-22 22:00:00,0.0,0.0,298.203125,0.4660491943359375,-0.0441436767578125,98155.671875,28.08973693847656,0.4681351468741422,26.406225204467773,25.892953872680664,-50.40625,-0.958251953125,0.0,0.0
214,central,2026-09-22T23:00:00,2026-09-22 23:00:00,0.0,0.0,298.224365234375,-0.0432586669921875,-0.094268798828125,98177.96875,28.884258270263672,0.1037203871109169,27.53623962402344,26.44248040517171,-13.9375,0.021240234375,0.0,0.0
214,central,2026-09-23T00:00:00,2026-09-23 00:00:00,0.0,0.0,299.845703125,-0.50189208984375,0.026763916015625,98221.4296875,30.36287307739257,0.5026051900331097,29.112289428710938,27.287776629130047,60.4609375,1.621337890625,0.0,0.0
214,central,2026-09-23T01:00:00,2026-09-23 01:00:00,0.0,0.0,299.962158203125,-0.5025634765625,0.0855560302734375,98279.828125,31.83132553100586,0.5097939606259924,30.359485626220703,28.38285541534424,124.15625,0.116455078125,0.0,0.0
214,central,2026-09-23T02:00:00,2026-09-23 02:00:00,0.0,0.0,301.087890625,0.172637939453125,0.386199951171875,98359.7578125,32.56071090698242,0.423029857603195,31.584969838460285,29.560604731241863,181.7890625,1.125732421875,0.0,0.0
214,central,2026-09-23T03:00:00,2026-09-23 03:00:00,0.0,0.0,301.581298828125,0.3990325927734375,0.466339111328125,98424.453125,32.67537307739258,0.6137582397408586,32.35580317179362,30.73404630025228,203.0234375,0.493408203125,0.0,0.0
214,central,2026-09-23T04:00:00,2026-09-23 04:00:00,0.0,0.0,302.177978515625,0.435150146484375,0.44171142578125,98436.1484375,32.784996032714844,0.6200521217212935,32.673693339029946,31.516589482625324,156.3203125,0.5966796875,0.0,0.0
214,central,2026-09-23T05:00:00,2026-09-23 05:00:00,0.0,0.0,304.724365234375,0.376251220703125,0.229034423828125,98440.21875,32.9763298034668,0.4404789987943499,32.812232971191406,32.198601404825844,80.4609375,2.54638671875,0.0,0.0
214,central,2026-09-23T06:00:00,2026-09-23 06:00:00,0.0,0.0,306.820556640625,0.3703765869140625,-0.13140869140625,98361.015625,32.8166618347168,0.3929975321948131,32.85932922363281,32.60756619771322,-63.4375,2.09619140625,0.0,0.0
214,central,2026-09-23T07:00:00,2026-09-23 07:00:00,0.0,0.0,307.276611328125,0.341522216796875,-0.395660400390625,98333.75,32.41199493408203,0.5226706199922867,32.73499552408854,32.70434443155924,-102.3984375,0.4560546875,0.0,0.0
218,central,2026-09-18T05:00:00,2026-09-18 05:00:00,0.0,0.0,303.06201171875,2.6495819091796875,-1.8517303466796875,98457.4375,40.81884002685547,3.232520621785228,40.58031717936198,40.91043917338053,142.625,2.537353515625,0.0,0.0
218,central,2026-09-18T06:00:00,2026-09-18 06:00:00,0.0,0.0,304.766845703125,2.47796630859375,-1.4146728515625,98418.40625,40.90319061279297,2.8533517665149017,40.713993072509766,40.75380897521973,35.7109375,1.704833984375,0.0,0.0
218,central,2026-09-18T07:00:00,2026-09-18 07:00:00,0.0,0.0,305.281982421875,2.37255859375,-1.283599853515625,98380.0625,40.56163787841797,2.6975290294494165,40.76122283935547,40.651801427205406,8.0,0.51513671875,0.0,0.0
218,central,2026-09-18T08:00:00,2026-09-18 08:00:00,0.0,0.0,306.4091796875,2.270980834960937,-1.2157440185546875,98286.1953125,40.7157096862793,2.5759245857383664,40.72684605916341,40.653581619262695,-171.2421875,1.127197265625,0.0,0.0
218,central,2026-09-18T09:00:00,2026-09-18 09:00:00,0.0,0.0,306.45703125,1.9939727783203125,-1.2198333740234375,98224.4375,40.239524841308594,2.337503133915296,40.50562413533529,40.60980860392253,-193.96875,0.0478515625,0.0,0.0
218,central,2026-09-18T10:00:00,2026-09-18 10:00:00,0.0,0.0,305.4306640625,1.4025726318359375,-1.38824462890625,98129.953125,40.14027404785156,1.973431817231657,40.36516952514648,40.56319618225098,-250.109375,-1.0263671875,0.0,0.0
218,central,2026-09-18T11:00:00,2026-09-18 11:00:00,0.0,0.0,305.75537109375,0.8060760498046875,-1.1776275634765625,98120.125,39.247108459472656,1.4270827853801875,39.8756357828776,40.30124092102051,-166.0703125,0.32470703125,0.0,0.0
218,central,2026-09-18T12:00:00,2026-09-18 12:00:00,0.0,0.0,305.410400390625,0.5834808349609375,-1.5046539306640625,98141.921875,39.33063507080078,1.6138256832227966,39.572672526041664,40.03914833068848,-82.515625,-0.344970703125,0.0,0.0
218,central,2026-09-18T13:00:00,2026-09-18 13:00:00,0.0,0.0,305.572021484375,1.0802154541015625,0.2447052001953125,98164.890625,38.99817657470703,1.1075856907176405,39.19197336832682,39.778571446736656,34.9375,0.16162109375,0.0,0.0
218,central,2026-09-18T14:00:00,2026-09-18 14:00:00,0.0,0.0,304.63037109375,1.2298583984375,0.6979217529296875,98252.421875,39.5544319152832,1.41408855925635,39.29441452026367,39.58502515157064,132.296875,-0.941650390625,0.0,0.0
218,central,2026-09-18T15:00:00,2026-09-18 15:00:00,0.0,0.0,302.44384765625,1.3956146240234375,0.1676177978515625,98271.8984375,39.472129821777344,1.4056443024267156,39.34157943725586,39.457125981648765,129.9765625,-2.1865234375,0.0,0.0
218,central,2026-09-18T16:00:00,2026-09-18 16:00:00,0.0,0.0,301.654052734375,1.4106292724609375,-0.27655029296875,98308.421875,39.43848037719727,1.437482176885952,39.48834737141927,39.34016036987305,143.53125,-0.789794921875,0.0,0.0
218,central,2026-09-18T17:00:00,2026-09-18 17:00:00,0.0,0.0,301.3056640625,1.6397857666015625,-0.1314544677734375,98355.984375,39.03351974487305,1.6450463937064728,39.31470998128256,39.30456225077311,103.5625,-0.348388671875,0.0,0.0
218,central,2026-09-18T18:00:00,2026-09-18 18:00:00,0.0,0.0,301.416015625,1.5672454833984375,0.105133056640625,98333.796875,37.984031677246094,1.5707677628571968,38.8186772664388,39.08012835184733,61.8984375,0.1103515625,0.0,0.0
218,central,2026-09-18T19:00:00,2026-09-18 19:00:00,0.0,0.0,301.2724609375,1.393096923828125,0.000457763671875,98344.203125,36.972206115722656,1.3930969990373836,37.99658584594727,38.74246660868327,35.78125,-0.1435546875,0.0,0.0
218,central,2026-09-18T20:00:00,2026-09-18 20:00:00,0.0,0.0,300.54443359375,1.3933563232421875,-0.11712646484375,98334.1015625,35.95112609863281,1.3982705218539728,36.96912129720052,38.14191563924154,-21.8828125,-0.72802734375,0.0,0.0
218,central,2026-09-18T21:00:00,2026-09-18 21:00:00,0.0,0.0,300.231201171875,1.2377471923828125,-0.1750640869140625,98333.3125,34.927772521972656,1.2500662169575616,35.95036824544271,37.38452275594076,-0.484375,-0.313232421875,0.0,0.0
218,central,2026-09-18T22:00:00,2026-09-18 22:00:00,0.0,0.0,299.109619140625,0.920623779296875,-0.6479949951171875,98323.125,35.19194030761719,1.125808889955922,35.356946309407554,36.67676607767741,-21.078125,-1.12158203125,0.0,0.0
218,central,2026-09-18T23:00:00,2026-09-18 23:00:00,0.0,0.0,298.814208984375,0.873077392578125,0.1095733642578125,98401.96875,34.650970458984375,0.8799263921407249,34.923561096191406,35.94634119669596,67.8671875,-0.29541015625,0.0,0.0
218,central,2026-09-19T00:00:00,2026-09-19 00:00:00,0.0,0.0,299.625732421875,0.941497802734375,0.6215362548828125,98429.140625,34.38134002685547,1.1281513323519183,34.741416931152344,35.345892588297524,95.828125,0.8115234375,0.0,0.0
218,central,2026-09-19T01:00:00,2026-09-19 01:00:00,0.0,0.0,299.69287109375,0.9527587890625,0.497894287109375,98498.421875,34.00566864013672,1.0750107121661598,34.34599304199219,34.85146967569987,175.296875,0.067138671875,0.0,0.0
218,central,2026-09-19T02:00:00,2026-09-19 02:00:00,0.0,0.0,300.79541015625,0.5377655029296875,-0.281585693359375,98572.09375,33.80244827270508,0.6070273789920021,34.06315231323242,34.493356704711914,170.125,1.1025390625,0.0,0.0
218,central,2026-09-19T03:00:00,2026-09-19 03:00:00,0.0,0.0,301.0927734375,0.4035797119140625,-0.8749237060546875,98660.125,33.9977912902832,0.9635185910428022,33.935302734375,34.33835983276367,230.984375,0.29736328125,0.0,0.0
218,central,2026-09-19T04:00:00,2026-09-19 04:00:00,0.0,0.0,301.59912109375,0.245025634765625,-1.3409881591796875,98682.359375,34.32086944580078,1.363189937151982,34.04036966959635,34.19318135579427,183.9375,0.50634765625,0.0,0.0
218,central,2026-09-19T05:00:00,2026-09-19 05:00:00,0.0,0.0,303.6748046875,0.1718292236328125,-1.604400634765625,98689.9765625,34.39372253417969,1.6135757431650353,34.23746109008789,34.15030670166016,117.8828125,2.07568359375,0.0,0.0
218,central,2026-09-19T06:00:00,2026-09-19 06:00:00,0.0,0.0,305.530517578125,0.1450958251953125,-1.78326416015625,98644.34375,34.31196594238281,1.7891573053778376,34.342185974121094,34.13874435424805,-15.78125,1.855712890625,0.0,0.0
218,central,2026-09-19T07:00:00,2026-09-19 07:00:00,0.0,0.0,305.663818359375,0.0770416259765625,-1.9599456787109373,98598.484375,34.08392333984375,1.961459271978592,34.263203938802086,34.15178680419922,-83.875,0.13330078125,0.0,0.0
218,central,2026-09-19T08:00:00,2026-09-19 08:00:00,0.0,0.0,306.741455078125,-0.2039337158203125,-1.859161376953125,98492.6171875,33.46141815185547,1.87031280431978,33.95243581136068,34.09494845072428,-197.359375,1.07763671875,0.0,0.0
218,central,2026-09-19T09:00:00,2026-09-19 09:00:00,0.0,0.0,306.60693359375,-0.3851318359375,-1.5939178466796875,98430.09375,32.785762786865234,1.639786764496104,33.44370142618815,33.892943700154625,-214.25,-0.134521484375,0.0,0.0
218,central,2026-09-19T10:00:00,2026-09-19 10:00:00,0.0,0.0,305.689208984375,-0.6345367431640625,-1.8490447998046875,98315.3515625,35.50226211547852,1.954892209332784,33.916481018066406,34.08984247843425,-283.1328125,-0.917724609375,0.0,0.0
218,central,2026-09-19T11:00:00,2026-09-19 11:00:00,0.0,0.0,305.961669921875,-0.590850830078125,-1.696197509765625,98297.125,34.92962646484375,1.79615998606447,34.4058837890625,34.179159800211586,-195.4921875,0.2724609375,0.0,0.0
218,central,2026-09-19T12:00:00,2026-09-19 12:00:00,0.0,0.0,305.868408203125,-0.6194610595703125,-0.831573486328125,98344.703125,34.030887603759766,1.0369409180314404,34.82092539469401,34.13231341044108,-85.390625,-0.09326171875,0.0,0.0
218,central,2026-09-19T13:00:00,2026-09-19 13:00:00,0.0,0.0,306.14892578125,-1.618682861328125,0.038726806640625,98387.921875,34.45074462890625,1.6191460623149434,34.470419565836586,34.1934502919515,72.5703125,0.280517578125,0.0,0.0
218,central,2026-09-19T14:00:00,2026-09-19 14:00:00,0.0,0.0,304.7412109375,-1.66845703125,0.615875244140625,98437.34375,34.41565704345703,1.7784968882381655,34.29909642537435,34.35249010721842,140.21875,-1.40771484375,0.0,0.0
218,central,2026-09-19T15:00:00,2026-09-19 15:00:00,0.0,0.0,302.30029296875,-1.4369659423828125,0.9570465087890624,98526.96875,34.70277786254883,1.726501995235875,34.5230598449707,34.67199261983236,182.265625,-2.44091796875,0.0,0.0
218,central,2026-09-19T16:00:00,2026-09-19 16:00:00,0.0,0.0,301.67236328125,-1.251434326171875,1.180633544921875,98590.46875,34.140350341796875,1.720460240783276,34.419595082600914,34.44500732421875,202.546875,-0.6279296875,0.0,0.0
218,central,2026-09-19T17:00:00,2026-09-19 17:00:00,0.0,0.0,300.2822265625,-1.0652618408203125,1.118194580078125,98639.8046875,32.81194305419922,1.544390465013293,33.885023752848305,34.09206008911133,202.4609375,-1.39013671875,0.0,0.0
218,central,2026-09-19T18:00:00,2026-09-19 18:00:00,0.0,0.0,300.054443359375,-1.0638427734375,1.2700042724609375,98634.3125,31.192481994628903,1.6567052540099665,32.714925130208336,33.61899248758952,107.34375,-0.227783203125,0.0,0.0
218,central,2026-09-19T19:00:00,2026-09-19 19:00:00,0.0,0.0,300.00341796875,-0.879730224609375,1.3657073974609375,98651.265625,30.3349552154541,1.6245251501810578,31.446460088094074,32.933027585347496,60.796875,-0.051025390625,0.0,0.0
218,central,2026-09-19T20:00:00,2026-09-19 20:00:00,0.0,0.0,299.1826171875,-0.5530548095703125,1.3175506591796875,98633.84375,29.98747634887696,1.4289189486789249,30.504971186319988,32.194997469584145,-5.9609375,-0.82080078125,0.0,0.0
218,central,2026-09-19T21:00:00,2026-09-19 21:00:00,0.0,0.0,298.7421875,-0.5072174072265625,1.5787200927734375,98642.6171875,29.38813591003418,1.6581998159209304,29.90352249145508,31.309223810831707,8.3046875,-0.4404296875,0.0,0.0
218,central,2026-09-19T22:00:00,2026-09-19 22:00:00,0.0,0.0,297.885009765625,-1.0297088623046875,0.1705322265625,98578.84375,31.20296096801757,1.0437344400781157,30.19285774230957,30.819658915201824,-72.421875,-0.857177734375,0.0,0.0
218,central,2026-09-19T23:00:00,2026-09-19 23:00:00,0.0,0.0,297.8857421875,-0.9679107666015624,-0.1848297119140625,98658.453125,32.827857971191406,0.9854000581030324,31.139651616414387,30.822311401367188,24.609375,0.000732421875,0.0,0.0
218,central,2026-09-20T00:00:00,2026-09-20 00:00:00,0.0,0.0,299.035400390625,-1.5066375732421875,-0.32257080078125,98650.796875,34.56415939331055,1.5407818465382324,32.86499277750651,31.3842576344808,8.1796875,1.149658203125,0.0,0.0
218,central,2026-09-20T01:00:00,2026-09-20 01:00:00,0.0,0.0,299.00537109375,-1.79510498046875,-0.263946533203125,98709.84375,35.43717575073242,1.8144061461794208,34.276397705078125,32.23462772369385,131.0,-0.030029296875,0.0,0.0
218,central,2026-09-20T02:00:00,2026-09-20 02:00:00,0.0,0.0,300.404052734375,-1.61822509765625,-0.1576385498046875,98767.4609375,35.21796798706055,1.6258851063556443,35.07310104370117,33.10637633005778,109.0078125,1.398681640625,0.0,0.0
218,central,2026-09-20T03:00:00,2026-09-20 03:00:00,0.0,0.0,300.8916015625,-1.2786865234375,0.2669830322265625,98823.03125,34.79627227783203,1.3062615223291123,35.150472005208336,34.00773239135742,172.234375,0.487548828125,0.0,0.0
218,central,2026-09-20T04:00:00,2026-09-20 04:00:00,0.0,0.0,301.561767578125,-1.0425872802734375,0.3084259033203125,98825.234375,35.09683990478516,1.0872510173952077,35.037026723225914,34.656712214152016,115.390625,0.670166015625,0.0,0.0
218,central,2026-09-20T05:00:00,2026-09-20 05:00:00,0.0,0.0,304.177734375,-1.120025634765625,0.0377349853515625,98850.5703125,36.35895538330078,1.120661122575252,35.41735585530599,35.24522844950358,83.109375,2.615966796875,0.0,0.0
218,central,2026-09-20T06:00:00,2026-09-20 06:00:00,0.0,0.0,305.898193359375,-1.37298583984375,-0.0746917724609375,98833.6484375,38.00537490844727,1.3750159916469349,36.48705673217774,35.81876436869303,10.6171875,1.720458984375,0.0,0.0
218,central,2026-09-20T07:00:00,2026-09-20 07:00:00,0.0,0.0,306.072509765625,-1.43267822265625,-0.052581787109375,98809.7421875,39.62015914916992,1.433642819536682,37.99482981363932,36.51592826843262,-15.4921875,0.17431640625,0.0,0.0
218,central,2026-09-20T08:00:00,2026-09-20 08:00:00,0.0,0.0,306.828369140625,-1.3384552001953125,-0.0894927978515625,98728.2890625,40.74695587158203,1.3414437311334289,39.457496643066406,37.4374262491862,-122.28125,0.755859375,0.0,0.0
218,central,2026-09-20T09:00:00,2026-09-20 09:00:00,0.0,0.0,306.751220703125,-1.1951751708984375,-0.12786865234375,98644.328125,41.4181022644043,1.2019958741128507,40.59507242838541,38.54106458028158,-189.3203125,-0.0771484375,0.0,0.0
218,central,2026-09-20T10:00:00,2026-09-20 10:00:00,0.0,0.0,306.25146484375,-0.65350341796875,0.1778564453125,98526.359375,43.2193603515625,0.6772736761723706,41.794806162516274,39.8948179880778,-283.3828125,-0.499755859375,0.0,0.0
218,central,2026-09-20T11:00:00,2026-09-20 11:00:00,0.0,0.0,306.266357421875,-0.2392425537109375,-0.684417724609375,98508.859375,43.927642822265625,0.7250273244958462,42.85503514607748,41.15626589457194,-219.4296875,0.014892578125,0.0,0.0
218,central,2026-09-20T12:00:00,2026-09-20 12:00:00,0.0,0.0,305.99267578125,-0.3416595458984375,-0.41363525390625,98499.53125,44.07965850830078,0.5364935867068817,43.74222056070963,42.16864649454752,-144.796875,-0.273681640625,0.0,0.0
218,central,2026-09-20T13:00:00,2026-09-20 13:00:00,0.0,0.0,305.053955078125,-0.5682830810546875,-0.900390625,98503.265625,44.29045104980469,1.0647295139146369,44.09925079345703,42.947028477986656,-23.09375,-0.938720703125,0.0,0.0
218,central,2026-09-20T14:00:00,2026-09-20 14:00:00,0.0,0.0,303.7255859375,-1.0482940673828125,-0.488800048828125,98584.2890625,43.86255645751953,1.1566529036164557,44.077555338541664,43.46629524230957,75.4296875,-1.328369140625,0.0,0.0
218,central,2026-09-20T15:00:00,2026-09-20 15:00:00,0.0,0.0,302.321044921875,-1.3751373291015625,-0.0665435791015625,98619.171875,42.99361038208008,1.376746426110569,43.7155392964681,43.72887992858887,119.640625,-1.404541015625,0.0,0.0
218,central,2026-09-20T16:00:00,2026-09-20 16:00:00,0.0,0.0,302.26806640625,-1.504150390625,0.5602874755859375,98684.796875,43.3427848815918,1.6051138442228334,43.39965057373047,43.74945068359375,181.53125,-0.052978515625,0.0,0.0
218,central,2026-09-20T17:00:00,2026-09-20 17:00:00,0.0,0.0,301.388916015625,-1.327545166015625,0.3221435546875,98698.2734375,43.54386520385742,1.366071973813295,43.2934201558431,43.68548774719238,113.984375,-0.879150390625,0.0,0.0
218,central,2026-09-20T18:00:00,2026-09-20 18:00:00,0.0,0.0,301.466552734375,-0.7609405517578125,-0.2493896484375,98688.53125,43.56864929199219,0.8007657085922598,43.48509979248047,43.60031954447428,69.359375,0.07763671875,0.0,0.0
218,central,2026-09-20T19:00:00,2026-09-20 19:00:00,0.0,0.0,301.49658203125,0.1078643798828125,-0.347991943359375,98680.328125,43.43376541137695,0.3643255646952847,43.51542663574219,43.45753860473633,-4.46875,0.030029296875,0.0,0.0
218,central,2026-09-20T20:00:00,2026-09-20 20:00:00,0.0,0.0,300.868896484375,0.1001434326171875,-0.098052978515625,98619.65625,43.44546890258789,0.1401538215395456,43.48262786865234,43.38802401224772,-78.6171875,-0.627685546875,0.0,0.0
218,central,2026-09-20T21:00:00,2026-09-20 21:00:00,0.0,0.0,300.40673828125,0.3267059326171875,0.18963623046875,98622.265625,43.84162139892578,0.3777547700740033,43.57361857096354,43.52935918172201,-66.265625,-0.462158203125,0.0,0.0
218,central,2026-09-20T22:00:00,2026-09-20 22:00:00,0.0,0.0,300.005615234375,-0.5064849853515625,-0.4325714111328125,98572.78125,42.82852554321289,0.6660668630970956,43.37187194824219,43.44364929199219,-107.546875,-0.401123046875,0.0,0.0
218,central,2026-09-20T23:00:00,2026-09-20 23:00:00,0.0,0.0,299.8251953125,-0.1473388671875,-0.6162872314453125,98594.328125,42.11922454833984,0.6336550271453892,42.92979049682617,43.20620918273926,-25.328125,-0.180419921875,0.0,0.0
218,central,2026-09-21T00:00:00,2026-09-21 00:00:00,0.0,0.0,300.279296875,-0.06854248046875,-0.9200897216796876,98571.71875,41.53094100952149,0.9226392402068178,42.15956370035807,42.866591135660805,-50.546875,0.4541015625,0.0,0.0
218,central,2026-09-21T01:00:00,2026-09-21 01:00:00,0.0,0.0,300.3134765625,0.077423095703125,-0.7771453857421875,98577.921875,41.018890380859375,0.7809925008145908,41.55635197957357,42.46411196390788,5.140625,0.0341796875,0.0,0.0
218,central,2026-09-21T02:00:00,2026-09-21 02:00:00,0.0,0.0,301.39892578125,0.380767822265625,-0.9301910400390624,98618.0625,40.42276763916016,1.0051067134597496,40.990866343180336,41.96032842000326,23.734375,1.08544921875,0.0,0.0
218,central,2026-09-21T03:00:00,2026-09-21 03:00:00,0.0,0.0,301.7978515625,0.70465087890625,-0.633087158203125,98638.6484375,40.21111297607422,0.9472762063015512,40.550923665364586,41.35524368286133,66.9296875,0.39892578125,0.0,0.0
218,central,2026-09-21T04:00:00,2026-09-21 04:00:00,0.0,0.0,302.16357421875,0.8204193115234375,-0.759521484375,98649.5390625,40.60345458984375,1.1180164274051587,40.412445068359375,40.98439852396647,71.6171875,0.36572265625,0.0,0.0
218,central,2026-09-21T05:00:00,2026-09-21 05:00:00,0.0,0.0,304.39111328125,0.738861083984375,-0.87139892578125,98639.4453125,41.17160034179688,1.1424761657379474,40.66205596923829,40.82646115620931,21.3828125,2.2275390625,0.0,0.0
218,central,2026-09-21T06:00:00,2026-09-21 06:00:00,0.0,0.0,306.13232421875,0.59625244140625,-1.0638275146484375,98615.125,41.633914947509766,1.2195269389423036,41.13632329305013,40.84362347920736,-23.5234375,1.7412109375,0.0,0.0
218,central,2026-09-21T07:00:00,2026-09-21 07:00:00,0.0,0.0,306.49560546875,0.56219482421875,-1.1934814453125,98508.7734375,41.81089019775391,1.3192653185328436,41.53880182902018,40.97562344868978,-140.765625,0.36328125,0.0,0.0
218,central,2026-09-21T08:00:00,2026-09-21 08:00:00,0.0,0.0,307.31689453125,0.553436279296875,-1.3297576904296875,98450.3515625,42.03097915649414,1.4403288619266317,41.82526143391927,41.24365870157878,-189.09375,0.8212890625,0.0,0.0
218,central,2026-09-21T09:00:00,2026-09-21 09:00:00,0.0,0.0,307.470703125,0.476776123046875,-1.31060791015625,98316.671875,42.17139434814453,1.3946356390368568,42.00442123413086,41.5703722635905,-298.453125,0.15380859375,0.0,0.0
218,central,2026-09-21T10:00:00,2026-09-21 10:00:00,0.0,0.0,306.2119140625,0.7785797119140625,-0.2801361083984375,98219.78125,41.7772331237793,0.8274434162121334,41.993202209472656,41.76600201924642,-288.9921875,-1.2587890625,0.0,0.0
218,central,2026-09-21T11:00:00,2026-09-21 11:00:00,0.0,0.0,306.260986328125,0.7962646484375,-1.0275421142578125,98216.640625,41.37889099121094,1.2999539172311882,41.77583948771159,41.80055046081543,-233.7109375,0.049072265625,0.0,0.0
218,central,2026-09-21T12:00:00,2026-09-21 12:00:00,0.0,0.0,305.892333984375,-0.294158935546875,-1.5142974853515625,98227.171875,41.95756530761719,1.542603757775838,41.70456314086914,41.8544921875,-89.5,-0.36865234375,0.0,0.0
218,central,2026-09-21T13:00:00,2026-09-21 13:00:00,0.0,0.0,304.976318359375,-0.74725341796875,-1.7057342529296875,98221.921875,41.22151184082031,1.8622344138919729,41.51932271321615,41.7562624613444,2.140625,-0.916015625,0.0,0.0
218,central,2026-09-21T14:00:00,2026-09-21 14:00:00,0.0,0.0,303.706787109375,-0.8249969482421875,-1.52606201171875,98288.7265625,40.178977966308594,1.7347867961856296,41.11935170491537,41.44759559631348,72.0859375,-1.26953125,0.0,0.0
218,central,2026-09-21T15:00:00,2026-09-21 15:00:00,0.0,0.0,302.48974609375,-1.03961181640625,-1.5580902099609375,98323.578125,39.51940155029297,1.873082441108138,40.30663045247396,41.00559679667155,96.40625,-1.217041015625,0.0,0.0
218,central,2026-09-21T16:00:00,2026-09-21 16:00:00,0.0,0.0,302.129638671875,-1.524658203125,-1.48388671875,98378.8515625,39.38715744018555,2.127557855955742,39.6951789855957,40.60725084940592,156.9296875,-0.360107421875,0.0,0.0
218,central,2026-09-21T17:00:00,2026-09-21 17:00:00,0.0,0.0,301.0322265625,-1.660491943359375,-1.1710205078125,98367.734375,39.56557083129883,2.031876601489086,39.490709940592446,40.30503082275391,79.0078125,-1.097412109375,0.0,0.0
218,central,2026-09-21T18:00:00,2026-09-21 18:00:00,0.0,0.0,300.78564453125,-1.7025604248046875,-0.803253173828125,98396.8828125,39.91763305664063,1.882532247101248,39.62345377604167,39.96504211425781,73.3046875,-0.24658203125,0.0,0.0
218,central,2026-09-21T19:00:00,2026-09-21 19:00:00,0.0,0.0,300.36962890625,-1.68719482421875,-0.4618072509765625,98365.8984375,40.03711700439453,1.7492547875952973,39.84010696411133,39.76764297485352,-12.953125,-0.416015625,0.0,0.0
218,central,2026-09-21T20:00:00,2026-09-21 20:00:00,0.0,0.0,299.89306640625,-1.7180328369140625,-0.3078460693359375,98339.96875,39.867523193359375,1.745395666065597,39.94075775146485,39.71573384602865,-27.765625,-0.4765625,0.0,0.0
218,central,2026-09-21T21:00:00,2026-09-21 21:00:00,0.0,0.0,299.337890625,-1.769775390625,-0.3903656005859375,98342.453125,40.06526565551758,1.8123162625167528,39.98996861775717,39.80671119689941,-54.4296875,-0.55517578125,0.0,0.0
218,central,2026-09-21T22:00:00,2026-09-21 22:00:00,0.0,0.0,298.737548828125,-1.3623046875,-0.7726593017578125,98298.875,39.58970642089844,1.5661661655703532,39.8408317565918,39.84046936035156,-67.0234375,-0.600341796875,0.0,0.0
218,central,2026-09-21T23:00:00,2026-09-21 23:00:00,0.0,0.0,299.033447265625,-1.1021575927734375,-0.8158721923828125,98327.96875,40.19805145263672,1.3712763374359216,39.95100784301758,39.94588279724121,-12.0,0.2958984375,0.0,0.0
218,central,2026-09-22T00:00:00,2026-09-22 00:00:00,0.0,0.0,300.45556640625,-0.7205047607421875,-0.7572021484375,98344.3359375,40.359169006347656,1.0452187349308864,40.0489756266276,40.01947212219238,1.8828125,1.422119140625,0.0,0.0
218,central,2026-09-22T01:00:00,2026-09-22 01:00:00,0.0,0.0,300.338134765625,-0.6331329345703125,-1.02874755859375,98373.2421875,40.24471282958984,1.2079647561705666,40.267311096191406,40.0540714263916,74.3671875,-0.117431640625,0.0,0.0
218,central,2026-09-22T02:00:00,2026-09-22 02:00:00,0.0,0.0,301.466552734375,-0.63690185546875,-0.97955322265625,98421.296875,39.74766540527344,1.168404249185949,40.11718241373698,40.03409512837728,93.328125,1.12841796875,0.0,0.0
218,central,2026-09-22T03:00:00,2026-09-22 03:00:00,0.0,0.0,301.966796875,-0.3321685791015625,-0.3926544189453125,98454.2890625,39.240501403808594,0.5143087182419057,39.74429321289063,39.89663441975912,109.953125,0.500244140625,0.0,0.0
218,central,2026-09-22T04:00:00,2026-09-22 04:00:00,0.0,0.0,302.480712890625,0.2477569580078125,-0.037139892578125,98464.796875,39.38331985473633,0.2505252120286492,39.45716222127279,39.862236658732094,91.5546875,0.513916015625,0.0,0.0
218,central,2026-09-22T05:00:00,2026-09-22 05:00:00,0.0,0.0,304.73388671875,0.764862060546875,-0.2557830810546875,98469.984375,39.932861328125,0.8064979579749971,39.51889419555664,39.81803830464681,48.6875,2.253173828125,0.0,0.0
218,central,2026-09-22T06:00:00,2026-09-22 06:00:00,0.0,0.0,306.7158203125,0.9486541748046876,-0.97052001953125,98406.3125,40.23258590698242,1.3571491633882036,39.84958902994792,39.79694112141927,-47.9765625,1.98193359375,0.0,0.0
218,central,2026-09-22T07:00:00,2026-09-22 07:00:00,0.0,0.0,306.948486328125,0.870758056640625,-1.5704803466796875,98362.5625,40.1400146484375,1.7957249545828864,40.10182062784831,39.77949142456055,-102.234375,0.232666015625,0.0,0.0
218,central,2026-09-22T08:00:00,2026-09-22 08:00:00,0.0,0.0,307.944580078125,0.6850738525390625,-1.9944000244140625,98251.09375,39.61396026611328,2.108781079395281,39.9955202738444,39.75720723470052,-218.890625,0.99609375,0.0,0.0
218,central,2026-09-22T09:00:00,2026-09-22 09:00:00,0.0,0.0,308.158935546875,0.4813232421875,-2.146759033203125,98169.59375,38.510650634765625,2.200056001584756,39.42154184977213,39.63556543986002,-236.71875,0.21435546875,0.0,0.0
218,central,2026-09-22T10:00:00,2026-09-22 10:00:00,0.0,0.0,306.9140625,1.11407470703125,-2.1913604736328125,98061.234375,39.06936264038086,2.4582968043438105,39.064657847086586,39.583239237467446,-301.328125,-1.244873046875,0.0,0.0
218,central,2026-09-22T11:00:00,2026-09-22 11:00:00,0.0,0.0,306.716552734375,0.978271484375,-2.4870758056640625,98027.0859375,37.35103988647461,2.6725570452772027,38.310351053873696,39.15293566385905,-224.0078125,-0.197509765625,0.0,0.0
218,central,2026-09-22T12:00:00,2026-09-22 12:00:00,0.0,0.0,306.1669921875,0.54534912109375,-1.64617919921875,98000.9375,34.070823669433594,1.7341602059262606,36.83040873209635,38.12597529093424,-168.65625,-0.549560546875,0.0,0.0
218,central,2026-09-22T13:00:00,2026-09-22 13:00:00,0.0,0.0,305.580810546875,0.182952880859375,-2.357284545898437,97988.390625,31.05828666687012,2.3643735294885926,34.16005007425944,36.61235396067301,-72.84375,-0.586181640625,0.0,0.0
218,central,2026-09-22T14:00:00,2026-09-22 14:00:00,0.0,0.0,304.941162109375,-0.51654052734375,-2.336669921875,98072.96875,29.42791557312012,2.393081787190709,31.51900863647461,34.91467984517416,45.8828125,-0.6396484375,0.0,0.0
218,central,2026-09-22T15:00:00,2026-09-22 15:00:00,0.0,0.0,303.38037109375,-0.9676971435546876,-2.168685913085937,98127.953125,28.592914581298828,2.3747918543024538,29.693038940429688,33.26172383626302,127.015625,-1.560791015625,0.0,0.0
218,central,2026-09-22T16:00:00,2026-09-22 16:00:00,0.0,0.0,301.663330078125,-1.524810791015625,-1.503692626953125,98194.3125,27.398414611816406,2.141527367266383,28.47308158874512,31.31656583150228,205.921875,-1.717041015625,0.0,0.0
218,central,2026-09-22T17:00:00,2026-09-22 17:00:00,0.0,0.0,300.9150390625,-0.9696197509765624,0.266357421875,98201.671875,25.909364700317383,1.0055390284179662,27.30023129781087,29.409619967142746,128.703125,-0.748291015625,0.0,0.0
218,central,2026-09-22T18:00:00,2026-09-22 18:00:00,0.0,0.0,300.61767578125,0.0405731201171875,0.5281829833984375,98176.3671875,24.75593948364257,0.5297390320032288,26.02123959859212,27.857139269510903,48.4140625,-0.29736328125,0.0,0.0
218,central,2026-09-22T19:00:00,2026-09-22 19:00:00,0.0,0.0,300.3935546875,0.33184814453125,0.5582733154296875,98172.078125,24.178821563720703,0.6494553762574368,24.948041915893555,26.710561752319336,-22.234375,-0.22412109375,0.0,0.0
218,central,2026-09-22T20:00:00,2026-09-22 20:00:00,0.0,0.0,299.367919921875,0.7041015625,0.49761962890625,98151.90625,24.07624626159668,0.862197370320587,24.337002436319988,25.81861686706543,-49.765625,-1.025634765625,0.0,0.0
218,central,2026-09-22T21:00:00,2026-09-22 21:00:00,0.0,0.0,298.991455078125,1.0321502685546875,0.100616455078125,98121.96875,24.25191116333008,1.0370428380303305,24.16899299621582,25.095116297403973,-54.3984375,-0.37646484375,0.0,0.0
218,central,2026-09-22T22:00:00,2026-09-22 22:00:00,0.0,0.0,299.048828125,0.3967132568359375,-0.6750030517578125,98127.671875,26.93934631347656,0.7829498885827474,25.089167912801106,25.01860491434733,-44.40625,0.057373046875,0.0,0.0
218,central,2026-09-22T23:00:00,2026-09-22 23:00:00,0.0,0.0,299.437255859375,-0.8088836669921875,-0.393096923828125,98150.96875,27.929180145263672,0.8993430815044183,26.37347920735677,25.35524082183838,-0.9375,0.388427734375,0.0,0.0
218,central,2026-09-23T00:00:00,2026-09-23 00:00:00,0.0,0.0,300.638671875,-1.15130615234375,-0.373626708984375,98187.4296875,29.28474807739257,1.210414298532145,28.05109151204427,26.110042254130047,65.4609375,1.201416015625,0.0,0.0
218,central,2026-09-23T01:00:00,2026-09-23 01:00:00,0.0,0.0,300.319580078125,-0.9664306640625,-0.5726470947265625,98242.828125,30.43288803100586,1.123348976738332,29.21560541788737,27.15238666534424,115.15625,-0.319091796875,0.0,0.0
218,central,2026-09-23T02:00:00,2026-09-23 02:00:00,0.0,0.0,301.064453125,0.196075439453125,-0.471221923828125,98322.7578125,31.048992156982425,0.510387773612393,30.25554275512696,28.314510981241863,171.7890625,0.744873046875,0.0,0.0
218,central,2026-09-23T03:00:00,2026-09-23 03:00:00,0.0,0.0,301.598876953125,0.2623138427734375,-0.165496826171875,98389.453125,31.21834182739257,0.3101576237714164,30.90007400512696,29.47558275858561,202.0234375,0.534423828125,0.0,0.0
218,central,2026-09-23T04:00:00,2026-09-23 04:00:00,0.0,0.0,302.158447265625,0.206634521484375,0.02081298828125,98402.1484375,31.449058532714844,0.2076800566984516,31.238797505696613,30.22720146179199,159.3203125,0.5595703125,0.0,0.0
218,central,2026-09-23T05:00:00,2026-09-23 05:00:00,0.0,0.0,304.486083984375,0.262969970703125,0.112823486328125,98407.21875,31.7185173034668,0.2861509122103842,31.46197255452474,30.858757654825848,84.4609375,2.32763671875,0.0,0.0
218,central,2026-09-23T06:00:00,2026-09-23 06:00:00,0.0,0.0,306.570556640625,0.3586578369140625,-0.04449462890625,98330.015625,31.8010368347168,0.3614072716221675,31.65620422363281,31.278139114379883,-59.4375,2.08447265625,0.0,0.0
218,central,2026-09-23T07:00:00,2026-09-23 07:00:00,0.0,0.0,306.938720703125,0.281951904296875,-0.237457275390625,98305.75,31.88074493408203,0.3686228885630588,31.800099690755207,31.51944859822591,-96.3984375,0.3681640625,0.0,0.0
220,central,2026-09-18T05:00:00,2026-09-18 05:00:00,0.0,0.0,303.30615234375,2.6730194091796875,-1.8165740966796875,98442.4375,39.92430877685547,3.231868532378591,40.02823384602865,40.4833558400472,142.625,2.650634765625,0.0,0.0
220,central,2026-09-18T06:00:00,2026-09-18 06:00:00,0.0,0.0,304.960205078125,2.40179443359375,-1.3834228515625,98402.40625,39.68639373779297,2.7717278523453994,39.8656857808431,40.13987668355306,33.7109375,1.654052734375,0.0,0.0
220,central,2026-09-18T07:00:00,2026-09-18 07:00:00,0.0,0.0,305.455810546875,2.26904296875,-1.329498291015625,98367.0625,39.60851287841797,2.629852030028929,39.73973846435547,39.946072260538735,8.0,0.49560546875,0.0,0.0
220,central,2026-09-18T08:00:00,2026-09-18 08:00:00,0.0,0.0,306.5634765625,2.140121459960937,-1.1503143310546875,98270.1953125,39.9950065612793,2.42967959278896,39.76330439249674,39.895769119262695,-172.2421875,1.107666015625,0.0,0.0
220,central,2026-09-18T09:00:00,2026-09-18 09:00:00,0.0,0.0,306.705078125,1.9969024658203125,-0.9815521240234376,98207.4375,39.749290466308594,2.2250986562789,39.78426996866862,39.82497787475586,-194.96875,0.1416015625,0.0,0.0
220,central,2026-09-18T10:00:00,2026-09-18 10:00:00,0.0,0.0,305.6201171875,1.4660491943359375,-1.14801025390625,98139.953125,40.24378967285156,1.8620493503897648,39.99602890014648,39.86788368225098,-227.109375,-1.0849609375,0.0,0.0
220,central,2026-09-18T11:00:00,2026-09-18 11:00:00,0.0,0.0,305.81787109375,0.9672088623046876,-1.6405181884765625,98116.125,40.198280334472656,1.9044140595057448,40.06378682454427,39.91354560852051,-154.0703125,0.19775390625,0.0,0.0
220,central,2026-09-18T12:00:00,2026-09-18 12:00:00,0.0,0.0,305.396728515625,0.1069183349609375,-1.0349273681640625,98137.921875,39.57477569580078,1.0404355759612471,40.005615234375,39.89494260152181,-69.515625,-0.421142578125,0.0,0.0
220,central,2026-09-18T13:00:00,2026-09-18 13:00:00,0.0,0.0,305.833740234375,0.5313873291015625,0.2320098876953125,98146.890625,36.99817657470703,0.5798284931926714,38.92374420166016,39.45988655090332,6.9375,0.43701171875,0.0,0.0
220,central,2026-09-18T14:00:00,2026-09-18 14:00:00,0.0,0.0,304.92919921875,0.8216552734375,0.8102264404296875,98244.421875,37.3454475402832,1.1539429245586694,37.972799936930336,39.018293380737305,128.296875,-0.904541015625,0.0,0.0
220,central,2026-09-18T15:00:00,2026-09-18 15:00:00,0.0,0.0,302.43212890625,1.1700286865234375,0.5826568603515625,98270.8984375,37.935020446777344,1.307079241745695,37.42621485392253,38.715915044148765,132.9765625,-2.4970703125,0.0,0.0
220,central,2026-09-18T16:00:00,2026-09-18 16:00:00,0.0,0.0,302.042724609375,1.3442230224609375,0.19219970703125,98302.421875,37.41308975219727,1.357894053855792,37.56451924641927,38.24413172403971,155.53125,-0.389404296875,0.0,0.0
220,central,2026-09-18T17:00:00,2026-09-18 17:00:00,0.0,0.0,301.4345703125,1.3995513916015625,0.1195220947265625,98343.984375,36.39680099487305,1.4046457307313098,37.24830373128256,37.610551834106445,99.5625,-0.608154296875,0.0,0.0
220,central,2026-09-18T18:00:00,2026-09-18 18:00:00,0.0,0.0,301.45703125,1.3670501708984375,0.182281494140625,98322.796875,35.161766052246094,1.37914927142046,36.32388559977213,36.87505022684733,51.8984375,0.0224609375,0.0,0.0
220,central,2026-09-18T19:00:00,2026-09-18 19:00:00,0.0,0.0,301.2275390625,1.308135986328125,0.053192138671875,98335.203125,34.038612365722656,1.3092170035342283,35.1990598042806,36.38178952534994,32.78125,-0.2294921875,0.0,0.0
220,central,2026-09-18T20:00:00,2026-09-18 20:00:00,0.0,0.0,300.36669921875,1.3230438232421875,-0.03118896484375,98325.1015625,33.13081359863281,1.3234113909693122,34.11039733886719,35.67935053507487,-18.8828125,-0.86083984375,0.0,0.0
220,central,2026-09-18T21:00:00,2026-09-18 21:00:00,0.0,0.0,299.864013671875,1.2631378173828125,-0.0217437744140625,98323.3125,32.378944396972656,1.2633249532200277,33.18279012044271,34.75333786010742,0.515625,-0.502685546875,0.0,0.0
220,central,2026-09-18T22:00:00,2026-09-18 22:00:00,0.0,0.0,298.963134765625,1.113983154296875,-0.2427215576171875,98316.125,33.60404968261719,1.1401193896208102,33.03793589274088,34.11849784851074,-19.078125,-0.90087890625,0.0,0.0
220,central,2026-09-18T23:00:00,2026-09-18 23:00:00,0.0,0.0,298.751708984375,0.887725830078125,0.2482452392578125,98391.96875,33.209564208984375,0.9217824299703616,33.064186096191406,33.5872917175293,66.8671875,-0.21142578125,0.0,0.0
220,central,2026-09-19T00:00:00,2026-09-19 00:00:00,0.0,0.0,299.490966796875,0.826263427734375,0.5336456298828125,98420.140625,33.09032440185547,0.983610141420056,33.30131276448568,33.242051442464195,96.828125,0.7392578125,0.0,0.0
220,central,2026-09-19T01:00:00,2026-09-19 01:00:00,0.0,0.0,299.45654296875,0.8453369140625,0.238128662109375,98498.421875,33.21855926513672,0.878236732319203,33.17281595865885,33.10537592569987,182.296875,-0.034423828125,0.0,0.0
220,central,2026-09-19T02:00:00,2026-09-19 02:00:00,0.0,0.0,300.59619140625,0.4557342529296875,-0.547210693359375,98576.09375,33.32588577270508,0.7121328894386414,33.21158981323242,33.137887954711914,184.125,1.1396484375,0.0,0.0
220,central,2026-09-19T03:00:00,2026-09-19 03:00:00,0.0,0.0,300.9072265625,0.3615875244140625,-0.9169158935546876,98661.125,33.5095100402832,0.9856369989327112,33.351318359375,33.326315561930336,240.984375,0.31103515625,0.0,0.0
220,central,2026-09-19T04:00:00,2026-09-19 04:00:00,0.0,0.0,301.58544921875,0.227447509765625,-1.0626678466796875,98683.359375,33.75836944580078,1.0867360866675164,33.53125508626302,33.35203552246094,184.9375,0.67822265625,0.0,0.0
220,central,2026-09-19T05:00:00,2026-09-19 05:00:00,0.0,0.0,303.9228515625,0.2899932861328125,-1.134674072265625,98690.9765625,33.70817565917969,1.1711453181710474,33.658685048421226,33.43513743082682,114.8828125,2.33740234375,0.0,0.0
220,central,2026-09-19T06:00:00,2026-09-19 06:00:00,0.0,0.0,305.776611328125,0.3452911376953125,-1.35845947265625,98643.34375,33.34516906738281,1.4016554885635844,33.603904724121094,33.47761154174805,-17.78125,1.853759765625,0.0,0.0
220,central,2026-09-19T07:00:00,2026-09-19 07:00:00,0.0,0.0,305.907958984375,0.2694244384765625,-1.5976409912109375,98593.484375,32.88861083984375,1.6201994521804648,33.313985188802086,33.422620137532554,-89.875,0.13134765625,0.0,0.0
220,central,2026-09-19T08:00:00,2026-09-19 08:00:00,0.0,0.0,307.007080078125,-0.0154571533203125,-1.530059814453125,98486.6171875,32.20946502685547,1.53013788901298,32.814414978027344,33.23655001322428,-204.359375,1.09912109375,0.0,0.0
220,central,2026-09-19T09:00:00,2026-09-19 09:00:00,0.0,0.0,306.85107421875,-0.1478271484375,-1.2511444091796875,98422.09375,31.492794036865234,1.259847291713068,32.196956634521484,32.90043067932129,-221.25,-0.156005859375,0.0,0.0
220,central,2026-09-19T10:00:00,2026-09-19 10:00:00,0.0,0.0,306.064208984375,-0.7116851806640625,-1.7709197998046875,98321.3515625,34.29132461547852,1.90857348135122,32.664527893066406,32.98925654093425,-272.1328125,-0.786865234375,0.0,0.0
220,central,2026-09-19T11:00:00,2026-09-19 11:00:00,0.0,0.0,306.258544921875,-0.261749267578125,-1.957916259765625,98284.125,32.61517333984375,1.9753351005164408,32.79976399739584,32.807089487711586,-202.4921875,0.1943359375,0.0,0.0
220,central,2026-09-19T12:00:00,2026-09-19 12:00:00,0.0,0.0,306.063720703125,-0.1663360595703125,-1.111846923828125,98341.703125,31.45276260375977,1.1242202927982767,32.78642018636068,32.49168841044108,-80.390625,-0.19482421875,0.0,0.0
220,central,2026-09-19T13:00:00,2026-09-19 13:00:00,0.0,0.0,306.45556640625,-0.920440673828125,-1.388031005859375,98372.921875,30.91949462890625,1.6654852467867018,31.66247685750325,32.16350237528483,51.5703125,0.391845703125,0.0,0.0
220,central,2026-09-19T14:00:00,2026-09-19 14:00:00,0.0,0.0,304.9814453125,-1.90380859375,-0.336273193359375,98432.34375,31.70862579345703,1.9332787750887,31.360294342041016,32.08002916971842,148.21875,-1.47412109375,0.0,0.0
220,central,2026-09-19T15:00:00,2026-09-19 15:00:00,0.0,0.0,303.27294921875,-1.5990753173828125,0.4853668212890625,98518.96875,32.21644973754883,1.671114245607161,31.614856719970703,32.20063845316569,177.265625,-1.70849609375,0.0,0.0
220,central,2026-09-19T16:00:00,2026-09-19 16:00:00,0.0,0.0,301.50244140625,-1.444793701171875,1.021453857421875,98584.46875,32.359100341796875,1.7694057821166838,32.09472529093424,31.87860107421875,211.546875,-1.7705078125,0.0,0.0
220,central,2026-09-19T17:00:00,2026-09-19 17:00:00,0.0,0.0,300.3935546875,-1.1951446533203125,1.210968017578125,98637.8046875,31.79045867919922,1.7014153760787587,32.122002919514976,31.741148630778,205.4609375,-1.10888671875,0.0,0.0
220,central,2026-09-19T18:00:00,2026-09-19 18:00:00,0.0,0.0,300.185302734375,-0.9290771484375,1.2231292724609375,98631.3125,30.151466369628903,1.535978373838505,31.43367513020833,31.52426592508952,112.34375,-0.208251953125,0.0,0.0
220,central,2026-09-19T19:00:00,2026-09-19 19:00:00,0.0,0.0,300.00732421875,-0.791839599609375,1.3246917724609375,98644.265625,28.8349552154541,1.5433140456612309,30.258960088094074,31.17684268951416,59.796875,-0.177978515625,0.0,0.0
220,central,2026-09-19T20:00:00,2026-09-19 20:00:00,0.0,0.0,299.2919921875,-0.6565704345703125,1.3536834716796875,98626.84375,28.43083572387696,1.5045077856397489,29.13908576965332,30.63054434458415,-10.9609375,-0.71533203125,0.0,0.0
220,central,2026-09-19T21:00:00,2026-09-19 21:00:00,0.0,0.0,298.98046875,-0.6302642822265625,1.2837982177734375,98640.6171875,28.24165153503418,1.4301646511534325,28.50248082478841,29.96807797749837,9.3046875,-0.3115234375,0.0,0.0
220,central,2026-09-19T22:00:00,2026-09-19 22:00:00,0.0,0.0,297.894775390625,-1.0472869873046875,0.1119384765625,98583.84375,30.05257034301757,1.0532522282496544,28.90835253397624,29.58365631103516,-60.421875,-1.085693359375,0.0,0.0
220,central,2026-09-19T23:00:00,2026-09-19 23:00:00,0.0,0.0,297.9248046875,-1.1934967041015625,-0.3264312744140625,98663.453125,31.501686096191406,1.2373325178046852,29.931969324747723,29.53552754720052,36.609375,0.030029296875,0.0,0.0
220,central,2026-09-20T00:00:00,2026-09-20 00:00:00,0.0,0.0,299.093994140625,-1.6521453857421875,-0.39776611328125,98650.796875,32.90400314331055,1.699353481917189,31.48608652750651,29.99428367614746,10.1796875,1.169189453125,0.0,0.0
220,central,2026-09-20T01:00:00,2026-09-20 01:00:00,0.0,0.0,299.02490234375,-1.85369873046875,-0.119415283203125,98709.84375,33.50748825073242,1.857541114808482,32.637725830078125,30.77303918202718,126.0,-0.069091796875,0.0,0.0
220,central,2026-09-20T02:00:00,2026-09-20 02:00:00,0.0,0.0,300.406005859375,-1.58892822265625,0.1978302001953125,98767.4609375,33.15351486206055,1.601196329268484,33.18833541870117,31.560152371724445,104.0078125,1.381103515625,0.0,0.0
220,central,2026-09-20T03:00:00,2026-09-20 03:00:00,0.0,0.0,300.9208984375,-1.1165771484375,0.6078033447265625,98819.03125,32.72986602783203,1.2712865272131282,33.130289713541664,32.308188120524086,168.234375,0.514892578125,0.0,0.0
220,central,2026-09-20T04:00:00,2026-09-20 04:00:00,0.0,0.0,301.632080078125,-0.8668060302734375,0.5301055908203125,98823.234375,33.23941802978516,1.016053458995809,33.040932973225914,32.839329401652016,113.390625,0.711181640625,0.0,0.0
220,central,2026-09-20T05:00:00,2026-09-20 05:00:00,0.0,0.0,304.443359375,-0.939361572265625,0.1148834228515625,98848.5703125,34.65192413330078,0.94636058893819,33.54040273030599,33.36436907450358,81.109375,2.811279296875,0.0,0.0
220,central,2026-09-20T06:00:00,2026-09-20 06:00:00,0.0,0.0,305.952880859375,-1.24114990234375,-0.0844573974609375,98831.6484375,36.30224990844727,1.244020149384155,34.73119735717774,33.9307435353597,12.6171875,1.509521484375,0.0,0.0
220,central,2026-09-20T07:00:00,2026-09-20 07:00:00,0.0,0.0,306.179931640625,-1.34381103515625,-0.127777099609375,98808.7421875,37.70609664916992,1.3498722478043232,36.22009023030599,34.63051160176595,-14.4921875,0.22705078125,0.0,0.0
220,central,2026-09-20T08:00:00,2026-09-20 08:00:00,0.0,0.0,307.006103515625,-1.2827911376953125,-0.1383209228515625,98725.2890625,38.78797149658203,1.2902270267856517,37.59877268473307,35.56958770751953,-123.28125,0.826171875,0.0,0.0
220,central,2026-09-20T09:00:00,2026-09-20 09:00:00,0.0,0.0,306.940673828125,-1.2039642333984375,-0.19915771484375,98639.328125,39.4552116394043,1.2203252315200532,38.64975992838541,36.69047864278158,-192.3203125,-0.0654296875,0.0,0.0
220,central,2026-09-20T10:00:00,2026-09-20 10:00:00,0.0,0.0,306.48583984375,-1.10272216796875,-1.1063232421875,98538.359375,42.7388916015625,1.5620330649297929,40.32735824584961,38.2737242380778,-270.3828125,-0.454833984375,0.0,0.0
220,central,2026-09-20T11:00:00,2026-09-20 11:00:00,0.0,0.0,306.446044921875,-0.2363128662109375,-0.688323974609375,98505.859375,42.540924072265625,0.7277593453600414,41.57834243774414,39.58855756123861,-219.4296875,-0.039794921875,0.0,0.0
220,central,2026-09-20T12:00:00,2026-09-20 12:00:00,0.0,0.0,306.00048828125,-0.4559173583984375,-0.56304931640625,98501.53125,43.21247100830078,0.724489593020186,42.830762227376304,40.74026107788086,-137.796875,-0.445556640625,0.0,0.0
220,central,2026-09-20T13:00:00,2026-09-20 13:00:00,0.0,0.0,305.003173828125,-1.2743377685546875,-1.1142578125,98495.265625,43.23771667480469,1.6927809134918272,42.99703725179037,41.66219774881999,-43.09375,-0.997314453125,0.0,0.0
220,central,2026-09-20T14:00:00,2026-09-20 14:00:00,0.0,0.0,303.6142578125,-1.8129425048828125,-0.382354736328125,98578.2890625,42.93286895751953,1.8528237019218303,43.127685546875,42.35301399230957,72.4296875,-1.388916015625,0.0,0.0
220,central,2026-09-20T15:00:00,2026-09-20 15:00:00,0.0,0.0,302.223388671875,-1.8692779541015625,0.0506439208984375,98611.171875,42.06001663208008,1.8699638703499304,42.743534088134766,42.78714815775553,109.640625,-1.390869140625,0.0,0.0
220,central,2026-09-20T16:00:00,2026-09-20 16:00:00,0.0,0.0,302.23291015625,-1.705322265625,0.5124359130859375,98678.796875,42.3701286315918,1.7806500483409426,42.45433807373047,42.725687662760414,183.53125,0.009521484375,0.0,0.0
220,central,2026-09-20T17:00:00,2026-09-20 17:00:00,0.0,0.0,301.144775390625,-1.621490478515625,0.5174560546875,98698.2734375,42.68058395385742,1.702055269504955,42.370243072509766,42.74896430969238,119.984375,-1.088134765625,0.0,0.0
220,central,2026-09-20T18:00:00,2026-09-20 18:00:00,0.0,0.0,301.017333984375,-1.5353546142578125,0.4371337890625,98687.53125,42.73661804199219,1.5963708031227877,42.595776875813804,42.66965548197428,76.359375,-0.12744140625,0.0,0.0
220,central,2026-09-20T19:00:00,2026-09-20 19:00:00,0.0,0.0,300.85009765625,-0.9243621826171876,0.382476806640625,98677.328125,42.50603103637695,1.000366908824368,42.64107767740885,42.547707875569664,-1.46875,-0.167236328125,0.0,0.0
220,central,2026-09-20T20:00:00,2026-09-20 20:00:00,0.0,0.0,300.185302734375,-0.5277862548828125,0.498626708984375,98613.65625,42.46890640258789,0.7260763911296205,42.57051849365234,42.470380783081055,-84.6171875,-0.664794921875,0.0,0.0
220,central,2026-09-20T21:00:00,2026-09-20 21:00:00,0.0,0.0,300.06103515625,-0.2523956298828125,0.78631591796875,98613.265625,42.84748077392578,0.8258306586915866,42.60747273763021,42.60162480672201,-74.265625,-0.124267578125,0.0,0.0
220,central,2026-09-20T22:00:00,2026-09-20 22:00:00,0.0,0.0,299.624755859375,-1.1539459228515625,0.0068817138671875,98572.78125,41.84610366821289,1.153966442688649,42.38749694824219,42.51428731282552,-104.546875,-0.436279296875,0.0,0.0
220,central,2026-09-20T23:00:00,2026-09-20 23:00:00,0.0,0.0,299.8837890625,-0.7322998046875,-0.5586700439453125,98597.328125,41.38484954833984,0.9210728646242968,42.02614466349284,42.29833157857259,-16.328125,0.259033203125,0.0,0.0
220,central,2026-09-21T00:00:00,2026-09-21 00:00:00,0.0,0.0,300.90234375,-0.37127685546875,-0.9269256591796876,98572.71875,40.94109725952149,0.9985177419818144,41.39068349202474,41.99907811482748,-40.546875,1.0185546875,0.0,0.0
220,central,2026-09-21T01:00:00,2026-09-21 01:00:00,0.0,0.0,300.2470703125,-0.062225341796875,-0.7390594482421875,98575.921875,40.386077880859375,0.7416743633143756,40.90400822957357,41.64575258890788,3.140625,-0.6552734375,0.0,0.0
220,central,2026-09-21T02:00:00,2026-09-21 02:00:00,0.0,0.0,301.27978515625,0.272369384765625,-0.7143707275390625,98615.0625,39.78409576416016,0.7645329411623115,40.37042363484701,41.19828414916993,17.734375,1.03271484375,0.0,0.0
220,central,2026-09-21T03:00:00,2026-09-21 03:00:00,0.0,0.0,301.6806640625,0.50445556640625,-0.590118408203125,98634.6484375,39.76580047607422,0.7763473154319789,39.978658040364586,40.68467076619466,61.9296875,0.40087890625,0.0,0.0
220,central,2026-09-21T04:00:00,2026-09-21 04:00:00,0.0,0.0,302.17138671875,0.5860443115234375,-0.835693359375,98648.5390625,40.38079833984375,1.0207013892282368,39.976898193359375,40.44045321146647,72.6171875,0.49072265625,0.0,0.0
220,central,2026-09-21T05:00:00,2026-09-21 05:00:00,0.0,0.0,304.65283203125,0.555267333984375,-0.97589111328125,98638.4453125,41.03683471679688,1.122802421252926,40.39447784423829,40.38245073954265,23.3828125,2.4814453125,0.0,0.0
220,central,2026-09-21T06:00:00,2026-09-21 06:00:00,0.0,0.0,306.33154296875,0.46148681640625,-1.0608978271484375,98612.125,41.549930572509766,1.1569244925080686,40.98918787638346,40.48392295837402,-22.5234375,1.6787109375,0.0,0.0
220,central,2026-09-21T07:00:00,2026-09-21 07:00:00,0.0,0.0,306.69091796875,0.46746826171875,-1.1348876953125,98506.7734375,41.80503082275391,1.2273942547877872,41.46393203735352,40.720415115356445,-141.765625,0.359375,0.0,0.0
220,central,2026-09-21T08:00:00,2026-09-21 08:00:00,0.0,0.0,307.62744140625,0.479217529296875,-1.2779998779296875,98445.3515625,41.79074478149414,1.3648930831291135,41.7152353922526,41.054856618245445,-193.09375,0.9365234375,0.0,0.0
220,central,2026-09-21T09:00:00,2026-09-21 09:00:00,0.0,0.0,307.73046875,0.386932373046875,-1.23052978515625,98305.671875,41.59326934814453,1.289930313415563,41.72968165079752,41.35943476359049,-306.453125,0.10302734375,0.0,0.0
220,central,2026-09-21T10:00:00,2026-09-21 10:00:00,0.0,0.0,306.4013671875,0.7971343994140625,-0.8074798583984375,98203.78125,41.7967643737793,1.134657204819314,41.72692616780599,41.59542910257975,-302.9921875,-1.3291015625,0.0,0.0
220,central,2026-09-21T11:00:00,2026-09-21 11:00:00,0.0,0.0,306.387939453125,0.3157958984375,-1.8859405517578125,98230.640625,41.72654724121094,1.9121973784718225,41.70552698771159,41.710381189982094,-214.7109375,-0.013427734375,0.0,0.0
220,central,2026-09-21T12:00:00,2026-09-21 12:00:00,0.0,0.0,306.032958984375,-0.608612060546875,-1.9049224853515625,98232.171875,42.03178405761719,1.999784567257455,41.851698557535805,41.79069010416666,-73.5,-0.35498046875,0.0,0.0
220,central,2026-09-21T13:00:00,2026-09-21 13:00:00,0.0,0.0,305.458740234375,-0.84002685546875,-1.5231170654296875,98218.921875,40.89729309082031,1.739405275636434,41.55187479654948,41.63940048217773,15.140625,-0.57421875,0.0,0.0
220,central,2026-09-21T14:00:00,2026-09-21 14:00:00,0.0,0.0,304.536865234375,-1.0369110107421875,-1.35614013671875,98287.7265625,40.128196716308594,1.7071322487194525,41.019091288248696,41.36230913798014,57.0859375,-0.921875,0.0,0.0
220,central,2026-09-21T15:00:00,2026-09-21 15:00:00,0.0,0.0,302.33935546875,-1.23883056640625,-1.2084808349609375,98320.578125,39.64244842529297,1.730643551032481,40.22264607747396,41.03717231750488,88.40625,-2.197509765625,0.0,0.0
220,central,2026-09-21T16:00:00,2026-09-21 16:00:00,0.0,0.0,302.434326171875,-1.695556640625,-0.89404296875,98373.8515625,39.43989181518555,1.916826844432968,39.73684565226237,40.64436022440592,154.9296875,0.094970703125,0.0,0.0
220,central,2026-09-21T17:00:00,2026-09-21 17:00:00,0.0,0.0,301.4580078125,-1.698577880859375,-0.6192626953125,98366.734375,39.54603958129883,1.807941675815464,39.54279327392578,40.28094228108724,79.0078125,-0.976318359375,0.0,0.0
220,central,2026-09-21T18:00:00,2026-09-21 18:00:00,0.0,0.0,301.12939453125,-1.5404510498046875,-0.378448486328125,98394.8828125,39.69497680664063,1.5862574487290555,39.56030273437501,39.89147440592448,74.3046875,-0.32861328125,0.0,0.0
220,central,2026-09-21T19:00:00,2026-09-21 19:00:00,0.0,0.0,300.70166015625,-1.56219482421875,-0.1229400634765625,98362.8984375,39.52735137939453,1.567024865158008,39.58945592244466,39.66315078735352,-10.953125,-0.427734375,0.0,0.0
220,central,2026-09-21T20:00:00,2026-09-21 20:00:00,0.0,0.0,300.14111328125,-1.4875640869140625,-0.0510101318359375,98340.96875,39.240570068359375,1.4884384254064351,39.48763275146485,39.51521301269531,-25.765625,-0.560546875,0.0,0.0
220,central,2026-09-21T21:00:00,2026-09-21 21:00:00,0.0,0.0,299.43359375,-1.533447265625,-0.0241546630859375,98341.453125,39.19026565551758,1.5336374943908957,39.31939570109049,39.43984921773275,-53.4296875,-0.70751953125,0.0,0.0
220,central,2026-09-21T22:00:00,2026-09-21 22:00:00,0.0,0.0,298.630126953125,-1.525390625,-0.2814483642578125,98300.875,39.32408142089844,1.5511382080850464,39.25163904825846,39.42054748535156,-62.0234375,-0.803466796875,0.0,0.0
220,central,2026-09-21T23:00:00,2026-09-21 23:00:00,0.0,0.0,298.998291015625,-1.2496185302734375,-0.6195831298828125,98331.96875,40.02031707763672,1.394786623838259,39.51155471801758,39.49959373474121,-9.0,0.3681640625,0.0,0.0
220,central,2026-09-22T00:00:00,2026-09-22 00:00:00,0.0,0.0,300.51416015625,-0.7009735107421875,-0.7083740234375,98349.3359375,40.320106506347656,0.996572937543088,39.88816833496094,39.60378201802572,7.8828125,1.515869140625,0.0,0.0
220,central,2026-09-22T01:00:00,2026-09-22 01:00:00,0.0,0.0,300.367431640625,-0.7395782470703125,-1.00335693359375,98374.2421875,40.08065032958984,1.2464754789927674,40.140357971191406,39.69599850972494,73.3671875,-0.146728515625,0.0,0.0
220,central,2026-09-22T02:00:00,2026-09-22 02:00:00,0.0,0.0,301.325927734375,-0.83905029296875,-0.74224853515625,98417.296875,39.34922790527344,1.1202402787226249,39.91666158040365,39.71410814921061,85.328125,0.95849609375,0.0,0.0
220,central,2026-09-22T03:00:00,2026-09-22 03:00:00,0.0,0.0,301.826171875,-0.4229888916015625,-0.1641387939453125,98448.2890625,38.668235778808594,0.4537192370796505,39.36603800455729,39.62710316975912,98.953125,0.500244140625,0.0,0.0
220,central,2026-09-22T04:00:00,2026-09-22 04:00:00,0.0,0.0,302.402587890625,0.2126007080078125,0.030242919921875,98456.796875,38.66261672973633,0.2147409957386434,38.89336013793945,39.51685905456543,82.5546875,0.576416015625,0.0,0.0
220,central,2026-09-22T05:00:00,2026-09-22 05:00:00,0.0,0.0,304.84326171875,0.655487060546875,-0.3563690185546875,98465.984375,39.218017578125,0.7460979586689765,38.849623362223305,39.38314247131348,48.6875,2.440673828125,0.0,0.0
220,central,2026-09-22T06:00:00,2026-09-22 06:00:00,0.0,0.0,306.7919921875,0.7904510498046875,-1.03302001953125,98405.3125,39.57438278198242,1.3007471786975655,39.15167236328125,39.25885518391927,-42.9765625,1.94873046875,0.0,0.0
220,central,2026-09-22T07:00:00,2026-09-22 07:00:00,0.0,0.0,307.122314453125,0.744781494140625,-1.5265350341796875,98358.5625,39.1810302734375,1.6985313316487043,39.32447687784831,39.10891850789388,-98.234375,0.330322265625,0.0,0.0
220,central,2026-09-22T08:00:00,2026-09-22 08:00:00,0.0,0.0,308.134033203125,0.6362457275390625,-1.9065093994140625,98245.09375,38.27411651611328,2.009872313323879,39.00984319051107,38.92973327636719,-220.890625,1.01171875,0.0,0.0
220,central,2026-09-22T09:00:00,2026-09-22 09:00:00,0.0,0.0,308.354248046875,0.5057373046875,-2.056915283203125,98162.59375,37.022369384765625,2.118176268308936,38.15917205810547,38.65542221069336,-242.71875,0.22021484375,0.0,0.0
220,central,2026-09-22T10:00:00,2026-09-22 10:00:00,0.0,0.0,307.060546875,1.14825439453125,-2.3173370361328125,98060.234375,37.18264389038086,2.5862210063320448,37.49304326375326,38.40876007080078,-298.328125,-1.293701171875,0.0,0.0
220,central,2026-09-22T11:00:00,2026-09-22 11:00:00,0.0,0.0,306.927490234375,1.207763671875,-2.5837554931640625,98024.0859375,34.63228988647461,2.8521019504141942,36.279101053873696,37.64447212219238,-221.0078125,-0.133056640625,0.0,0.0
220,central,2026-09-22T12:00:00,2026-09-22 12:00:00,0.0,0.0,306.3466796875,0.75628662109375,-1.71942138671875,97995.9375,31.2134017944336,1.878398083035444,34.34277852376302,36.25097529093424,-166.65625,-0.580810546875,0.0,0.0
220,central,2026-09-22T13:00:00,2026-09-22 13:00:00,0.0,0.0,305.619873046875,0.449554443359375,-2.232284545898437,97983.390625,28.83563041687012,2.2771019940707857,31.56044069925944,34.526741981506355,-76.84375,-0.726806640625,0.0,0.0
220,central,2026-09-22T14:00:00,2026-09-22 14:00:00,0.0,0.0,304.915771484375,-0.08880615234375,-2.349365234375,98066.96875,27.80096244812012,2.351043074293621,29.28333155314128,32.78121630350749,42.8828125,-0.7041015625,0.0,0.0
220,central,2026-09-22T15:00:00,2026-09-22 15:00:00,0.0,0.0,303.31396484375,-0.2987518310546875,-2.596420288085937,98117.953125,26.960102081298828,2.613551409278721,27.865564982096355,31.10417175292969,122.015625,-1.601806640625,0.0,0.0
220,central,2026-09-22T16:00:00,2026-09-22 16:00:00,0.0,0.0,302.337158203125,-0.437896728515625,-1.593536376953125,98176.3125,25.744117736816406,1.6526075545989674,26.835060755411785,29.197750727335617,192.921875,-0.976806640625,0.0,0.0
220,central,2026-09-22T17:00:00,2026-09-22 17:00:00,0.0,0.0,301.0087890625,0.2930755615234375,0.516357421875,98187.671875,24.833192825317383,0.593732491857802,25.84580421447754,27.564567883809413,120.703125,-1.328369140625,0.0,0.0
220,central,2026-09-22T18:00:00,2026-09-22 18:00:00,0.0,0.0,300.60205078125,0.5327606201171875,0.6307220458984375,98165.3671875,24.50984573364257,0.8256174522925014,25.02905209859212,26.44730854034424,47.4140625,-0.40673828125,0.0,0.0
220,central,2026-09-22T19:00:00,2026-09-22 19:00:00,0.0,0.0,300.4130859375,0.75958251953125,0.7897186279296875,98164.078125,24.631946563720703,1.095728577375159,24.658328374226887,25.746694564819336,-12.234375,-0.18896484375,0.0,0.0
220,central,2026-09-22T20:00:00,2026-09-22 20:00:00,0.0,0.0,299.391357421875,1.1328125,0.70367431640625,98149.90625,25.10359001159668,1.3335747837020815,24.74846076965332,25.29713249206543,-37.765625,-1.021728515625,0.0,0.0
220,central,2026-09-22T21:00:00,2026-09-22 21:00:00,0.0,0.0,299.016845703125,1.5096893310546875,0.115264892578125,98119.96875,25.50777053833008,1.5140831786138425,25.08110237121582,25.055077234903973,-45.3984375,-0.37451171875,0.0,0.0
220,central,2026-09-22T22:00:00,2026-09-22 22:00:00,0.0,0.0,298.48828125,0.9758148193359376,-0.5705108642578125,98120.671875,28.28504943847656,1.1303526918054492,26.298803329467773,25.47856585184733,-43.40625,-0.528564453125,0.0,0.0
220,central,2026-09-22T23:00:00,2026-09-22 23:00:00,0.0,0.0,298.593505859375,-0.0032196044921875,-0.660675048828125,98144.96875,29.247539520263672,0.6606828936767861,27.68011983235677,26.214290301005047,-4.9375,0.105224609375,0.0,0.0
220,central,2026-09-23T00:00:00,2026-09-23 00:00:00,0.0,0.0,300.154296875,-0.80462646484375,-0.432220458984375,98184.4296875,30.73396682739257,0.913366450605459,29.42218526204427,27.25164381663004,64.4609375,1.560791015625,0.0,0.0
220,central,2026-09-23T01:00:00,2026-09-23 01:00:00,0.0,0.0,299.960205078125,-0.7877197265625,-0.2855377197265625,98237.828125,31.94655990600586,0.837874785992719,30.642688751220703,28.47074604034424,117.15625,-0.194091796875,0.0,0.0
220,central,2026-09-23T02:00:00,2026-09-23 02:00:00,0.0,0.0,300.94921875,0.100372314453125,0.048309326171875,98315.7578125,32.48844528198242,0.1113929643373297,31.72299067179362,29.701555252075195,170.7890625,0.989013671875,0.0,0.0
220,central,2026-09-23T03:00:00,2026-09-23 03:00:00,0.0,0.0,301.423095703125,0.4839935302734375,0.177276611328125,98382.453125,32.49177932739258,0.5154383903732123,32.30892817179362,30.86555671691894,198.0234375,0.473876953125,0.0,0.0
220,central,2026-09-23T04:00:00,2026-09-23 04:00:00,0.0,0.0,302.047119140625,0.662689208984375,0.17510986328125,98393.1484375,32.587730407714844,0.6854344986376997,32.52265167236328,31.582670211791992,155.3203125,0.6240234375,0.0,0.0
220,central,2026-09-23T05:00:00,2026-09-23 05:00:00,0.0,0.0,304.548583984375,0.684844970703125,0.051300048828125,98399.21875,32.7946891784668,0.6867636630654916,32.624732971191406,32.173861821492515,83.4609375,2.50146484375,0.0,0.0
220,central,2026-09-23T06:00:00,2026-09-23 06:00:00,0.0,0.0,306.646728515625,0.6076812744140625,-0.17633056640625,98322.015625,32.7619743347168,0.6327471848397652,32.71479797363281,32.51186307271322,-60.4375,2.09814453125,0.0,0.0
220,central,2026-09-23T07:00:00,2026-09-23 07:00:00,0.0,0.0,307.044189453125,0.433319091796875,-0.333160400390625,98296.75,32.69715118408203,0.5465906033807297,32.75127156575521,32.63696161905924,-96.3984375,0.3974609375,0.0,0.0
40,central,2026-09-18T05:00:00,2026-09-18 05:00:00,0.0,0.0,302.91162109375,2.6603240966796875,-1.331548094749451,98720.4375,41.17756271362305,2.9749528782831987,41.07510757446289,42.126258850097656,141.2890625,2.410400390625,0.0,0.0
40,central,2026-09-18T06:00:00,2026-09-18 06:00:00,0.0,0.0,304.6971740722656,2.664815187454224,-1.1682535409927368,98683.0703125,42.05423355102539,2.909648830929389,41.3012326558431,41.80317942301432,38.703125,1.785552978515625,0.0,0.0
40,central,2026-09-18T07:00:00,2026-09-18 07:00:00,0.0,0.0,305.2071228027344,2.49951171875,-1.0944722890853882,98636.3984375,42.12348556518555,2.728631236305923,41.78509394327799,41.624890645345054,7.671875,0.50994873046875,0.0,0.0
40,central,2026-09-18T08:00:00,2026-09-18 08:00:00,0.0,0.0,306.1819763183594,2.223780393600464,-0.9781138300895692,98540.53125,42.35698318481445,2.4293838526618887,42.1782341003418,41.62667083740234,-179.90625,0.974853515625,0.0,0.0
40,central,2026-09-18T09:00:00,2026-09-18 09:00:00,0.0,0.0,306.2532653808594,1.938634276390076,-1.1094818115234375,98478.7734375,42.572208404541016,2.2336635260700755,42.35089238484701,41.826062520345054,-204.296875,0.0712890625,0.0,0.0
40,central,2026-09-18T10:00:00,2026-09-18 10:00:00,0.0,0.0,305.6402893066406,1.2752939462661743,-1.1486612558364868,98355.9609375,41.38571548461914,1.71633252315599,42.1049690246582,41.9450314839681,-280.4375,-0.61297607421875,0.0,0.0
40,central,2026-09-18T11:00:00,2026-09-18 11:00:00,0.0,0.0,305.7762145996094,0.1778208464384079,-0.8784739375114441,98349.4609375,41.26794052124024,0.8962905289664354,41.7419548034668,41.9600944519043,-191.0703125,0.13592529296875,0.0,0.0
40,central,2026-09-18T12:00:00,2026-09-18 12:00:00,0.0,0.0,305.2508850097656,0.8409678339958191,-0.1029612198472023,98384.9140625,42.13922882080078,0.8472472547067021,41.59762827555338,41.9742603302002,-93.859375,-0.52532958984375,0.0,0.0
40,central,2026-09-18T13:00:00,2026-09-18 13:00:00,0.0,0.0,305.456787109375,1.660944581031799,0.6988067626953125,98439.8984375,43.56002807617188,1.801962206276148,42.322399139404304,42.21368408203125,83.9375,0.205902099609375,0.0,0.0
40,central,2026-09-18T14:00:00,2026-09-18 14:00:00,0.0,0.0,304.6642150878906,1.6976318359375,0.4602915346622467,98502.0859375,41.9821662902832,1.7589264189471523,42.56047439575195,42.151214599609375,152.625,-0.792572021484375,0.0,0.0
40,central,2026-09-18T15:00:00,2026-09-18 15:00:00,0.0,0.0,301.8396911621094,1.447697997093201,0.0992584228515625,98514.8984375,41.209110260009766,1.4510967318875214,42.25043487548828,41.92403157552084,129.984375,-2.82452392578125,0.0,0.0
40,central,2026-09-18T16:00:00,2026-09-18 16:00:00,0.0,0.0,301.947021484375,1.4330902099609375,-0.4262898862361908,98558.75,41.59798812866211,1.4951490283557518,41.596421559651695,41.95941034952799,118.8515625,0.107330322265625,0.0,0.0
40,central,2026-09-18T17:00:00,2026-09-18 17:00:00,0.0,0.0,301.5380859375,1.5864003896713257,-0.5845794677734375,98612.9765625,41.86359786987305,1.6906801443477146,41.55689875284831,42.05868657430013,110.890625,-0.408935546875,0.0,0.0
40,central,2026-09-18T18:00:00,2026-09-18 18:00:00,0.0,0.0,301.5201721191406,1.567571043968201,0.143218994140625,98594.125,41.294578552246094,1.5740999517725067,41.58538818359375,41.917911529541016,79.2265625,-0.017913818359375,0.0,0.0
40,central,2026-09-18T19:00:00,2026-09-18 19:00:00,0.0,0.0,301.5472106933594,1.2996724843978882,0.332489013671875,98598.875,40.647987365722656,1.3415280507367244,41.26872126261393,41.43257141113281,40.125,0.02703857421875,0.0,0.0
40,central,2026-09-18T20:00:00,2026-09-18 20:00:00,0.0,0.0,300.8204650878906,1.249150633811951,0.2630818784236908,98584.4375,40.30464172363281,1.2765537124256603,40.74906921386719,41.15298398335775,-28.5390625,-0.72674560546875,0.0,0.0
40,central,2026-09-18T21:00:00,2026-09-18 21:00:00,0.0,0.0,300.5645446777344,1.3207550048828125,0.0814463272690773,98583.6484375,39.884803771972656,1.3232638766129072,40.279144287109375,40.93226623535156,-10.4765625,-0.25592041015625,0.0,0.0
40,central,2026-09-18T22:00:00,2026-09-18 22:00:00,0.0,0.0,299.3511657714844,0.9847514033317566,-0.1714324951171875,98573.125,39.86251449584961,0.9995621175024434,40.017319997151695,40.64302062988281,-25.75,-1.21337890625,0.0,0.0
40,central,2026-09-18T23:00:00,2026-09-18 23:00:00,0.0,0.0,299.109130859375,0.6969706416130066,0.6903025507926941,98658.96875,39.6184196472168,0.9809616133678964,39.78857930501302,40.2688242594401,74.53125,-0.242034912109375,0.0,0.0
40,central,2026-09-19T00:00:00,2026-09-19 00:00:00,0.0,0.0,300.0430603027344,0.783294677734375,0.8350779414176941,98686.4765625,39.24917984008789,1.1449479116577366,39.57670466105143,39.927924474080406,102.828125,0.933929443359375,0.0,0.0
40,central,2026-09-19T01:00:00,2026-09-19 01:00:00,0.0,0.0,300.1349182128906,0.8352457880973816,0.4738057553768158,98746.75,38.49069595336914,0.9602746588151804,39.119431813557945,39.56837590535482,173.625,0.09185791015625,0.0,0.0
40,central,2026-09-19T02:00:00,2026-09-19 02:00:00,0.0,0.0,301.1619567871094,0.9895884394645692,0.0042215981520712,98814.7578125,37.81026077270508,0.9895974441220424,38.5167121887207,39.15264574686686,155.7890625,1.02703857421875,0.0,0.0
40,central,2026-09-19T03:00:00,2026-09-19 03:00:00,0.0,0.0,301.4547424316406,0.8843739628791809,-0.5497283935546875,98896.4609375,37.4548225402832,1.0413062051571786,37.918593088785805,38.74764887491862,209.984375,0.29278564453125,0.0,0.0
40,central,2026-09-19T04:00:00,2026-09-19 04:00:00,0.0,0.0,301.91748046875,0.564361572265625,-1.206548094749451,98910.0234375,37.4230842590332,1.3320143727428988,37.56272252400717,38.34107716878256,163.2734375,0.462738037109375,0.0,0.0
40,central,2026-09-19T05:00:00,2026-09-19 05:00:00,0.0,0.0,303.7015075683594,0.2226104736328125,-1.7228902578353882,98918.6484375,37.64437484741211,1.7372122102711332,37.50742721557617,38.01206970214844,103.890625,1.784027099609375,0.0,0.0
40,central,2026-09-19T06:00:00,2026-09-19 06:00:00,0.0,0.0,305.6431579589844,-0.1410369873046875,-1.91607666015625,98875.34375,37.84256362915039,1.921260315361641,37.63667424519857,37.77763366699219,-21.1171875,1.941650390625,0.0,0.0
40,central,2026-09-19T07:00:00,2026-09-19 07:00:00,0.0,0.0,305.7699279785156,-0.3331146240234375,-2.133773803710937,98832.4765625,38.09564208984375,2.1596194104844764,37.860860188802086,37.71179135640463,-77.546875,0.12677001953125,0.0,0.0
40,central,2026-09-19T08:00:00,2026-09-19 08:00:00,0.0,0.0,306.7108459472656,-0.6446889042854309,-2.033640623092652,98731.6171875,38.15217208862305,2.1333818146786148,38.0301259358724,37.76877657572428,-187.03125,0.94091796875,0.0,0.0
40,central,2026-09-19T09:00:00,2026-09-19 09:00:00,0.0,0.0,306.4891052246094,-0.8079833984375,-1.726079344749451,98672.4296875,37.900997161865234,1.9058297606348016,38.04960378011068,37.84313901265463,-202.9140625,-0.22174072265625,0.0,0.0
40,central,2026-09-19T10:00:00,2026-09-19 10:00:00,0.0,0.0,305.6117248535156,-0.4890289306640625,-1.861089110374451,98526.3515625,36.98338317871094,1.92426660621152,37.67885080973307,37.76985549926758,-306.125,-0.87738037109375,0.0,0.0
40,central,2026-09-19T11:00:00,2026-09-19 11:00:00,0.0,0.0,305.9056701660156,-1.279327392578125,-0.948150634765625,98555.125,37.78900146484375,1.5923781597369393,37.557793935139976,37.79395993550619,-176.4921875,0.2939453125,0.0,0.0
40,central,2026-09-19T12:00:00,2026-09-19 12:00:00,0.0,0.0,305.618408203125,-1.2688751220703125,0.1348978728055954,98601.375,38.92086410522461,1.2760256703908528,37.89774958292643,37.97367668151856,-71.0546875,-0.287261962890625,0.0,0.0
40,central,2026-09-19T13:00:00,2026-09-19 13:00:00,0.0,0.0,305.1912536621094,-1.6102193593978882,0.6288960576057434,98640.5859375,38.35699462890625,1.7286748209688807,38.35562006632487,38.01723543802897,114.234375,-0.427154541015625,0.0,0.0
40,central,2026-09-19T14:00:00,2026-09-19 14:00:00,0.0,0.0,304.3642578125,-1.4396158456802368,0.711578369140625,98687.6796875,36.99052810668945,1.6058759474387974,38.08946228027344,37.8236281077067,132.5546875,-0.826995849609375,0.0,0.0
40,central,2026-09-19T15:00:00,2026-09-19 15:00:00,0.0,0.0,302.7599182128906,-1.3679555654525757,0.9270985722541808,98774.96875,36.21384811401367,1.65251753144359,37.18712361653646,37.542436599731445,173.59375,-1.604339599609375,0.0,0.0
40,central,2026-09-19T16:00:00,2026-09-19 16:00:00,0.0,0.0,301.9991760253906,-1.204559326171875,0.992156982421875,98835.1328125,34.782928466796875,1.5605571594902004,35.995768229166664,37.175694147745766,194.546875,-0.7607421875,0.0,0.0
40,central,2026-09-19T17:00:00,2026-09-19 17:00:00,0.0,0.0,300.3883361816406,-1.260248780250549,1.0843404531478882,98880.46875,34.00139617919922,1.6625345730107282,34.99939092000326,36.54442660013834,192.7890625,-1.61083984375,0.0,0.0
40,central,2026-09-19T18:00:00,2026-09-19 18:00:00,0.0,0.0,300.366943359375,-1.1133219003677368,1.143376708030701,98880.9765625,33.685970306396484,1.595868400058586,34.15676498413086,35.67194430033366,106.0078125,-0.021392822265625,0.0,0.0
40,central,2026-09-19T19:00:00,2026-09-19 19:00:00,0.0,0.0,300.2189025878906,-0.8986104130744934,1.2032724618911743,98898.9375,33.79523849487305,1.5017873657850365,33.827534993489586,34.911651611328125,63.8046875,-0.148040771484375,0.0,0.0
40,central,2026-09-19T20:00:00,2026-09-19 20:00:00,0.0,0.0,299.1969299316406,-0.6481068730354309,1.4474334716796875,98877.5078125,33.808441162109375,1.5859086271959293,33.76321665445963,34.381303787231445,-2.9609375,-1.02197265625,0.0,0.0
40,central,2026-09-19T21:00:00,2026-09-19 21:00:00,0.0,0.0,298.9095153808594,-0.2767486572265625,1.3430429697036743,98884.28125,33.61860656738281,1.3712600912106974,33.740762074788414,33.94876352945963,3.3046875,-0.28741455078125,0.0,0.0
40,central,2026-09-19T22:00:00,2026-09-19 22:00:00,0.0,0.0,298.603759765625,-0.6674041748046875,0.1181233748793602,98814.1796875,36.59684371948242,0.6777768543109272,34.67463048299154,34.25108273824056,-84.7578125,-0.305755615234375,0.0,0.0
40,central,2026-09-19T23:00:00,2026-09-19 23:00:00,0.0,0.0,298.4554138183594,-1.1114654541015625,0.1045583114027977,98896.7890625,38.21913528442383,1.116372651109206,36.14486185709635,34.95403925577799,19.28125,-0.148345947265625,0.0,0.0
40,central,2026-09-20T00:00:00,2026-09-20 00:00:00,0.0,0.0,299.330322265625,-1.1941375732421875,0.0771687850356102,98893.4609375,39.43915939331055,1.1966284156799103,38.0850461324056,35.91290410359701,9.1796875,0.874908447265625,0.0,0.0
40,central,2026-09-20T01:00:00,2026-09-20 01:00:00,0.0,0.0,299.3302307128906,-1.21014404296875,-0.012969970703125,98947.1796875,40.06217575073242,1.2102135451534128,39.24015680948893,36.95739364624024,133.0,-9.1552734375e-05,0.0,0.0
40,central,2026-09-20T02:00:00,2026-09-20 02:00:00,0.0,0.0,300.8226623535156,-1.2152303457260132,-0.1511281281709671,99003.4609375,40.3240852355957,1.2245915663182667,39.94180679321289,38.04333432515463,106.671875,1.492431640625,0.0,0.0
40,central,2026-09-20T03:00:00,2026-09-20 03:00:00,0.0,0.0,301.0843200683594,-1.0918375253677368,0.0348866768181324,99067.3671875,40.81905746459961,1.0923947372724552,40.40177281697592,39.24340947469076,173.90625,0.26165771484375,0.0,0.0
40,central,2026-09-20T04:00:00,2026-09-20 04:00:00,0.0,0.0,301.5806579589844,-1.0901132822036743,0.1039988175034523,99066.5625,41.71207427978516,1.0950628849883388,40.95173899332682,40.09594790140788,119.3828125,0.496337890625,0.0,0.0
40,central,2026-09-20T05:00:00,2026-09-20 05:00:00,0.0,0.0,303.8014221191406,-1.3625386953353882,0.1005605086684227,99089.90625,43.0705451965332,1.366244528695326,41.867225646972656,40.90451622009277,86.4453125,2.22076416015625,0.0,0.0
40,central,2026-09-20T06:00:00,2026-09-20 06:00:00,0.0,0.0,305.8011779785156,-1.6379598379135132,0.1395009309053421,99074.6484375,44.58935928344727,1.6438895766872903,43.12399291992188,41.76288286844889,7.28125,1.999755859375,0.0,0.0
40,central,2026-09-20T07:00:00,2026-09-20 07:00:00,0.0,0.0,306.0379943847656,-1.6703084707260132,0.2114156037569046,99047.0703125,45.9144287109375,1.683635039101696,44.52477773030599,42.738258361816406,-19.4921875,0.23681640625,0.0,0.0
40,central,2026-09-20T08:00:00,2026-09-20 08:00:00,0.0,0.0,306.642822265625,-1.413324952125549,0.1800384521484375,98965.2890625,46.5594596862793,1.4247460351068504,45.68774922688802,43.777487436930336,-124.6171875,0.604827880859375,0.0,0.0
40,central,2026-09-20T09:00:00,2026-09-20 09:00:00,0.0,0.0,306.6900329589844,-1.145696043968201,0.0270792637020349,98884.3359375,46.53203201293945,1.146016017203525,46.33530680338541,44.72964986165365,-190.3125,0.047210693359375,0.0,0.0
40,central,2026-09-20T10:00:00,2026-09-20 10:00:00,0.0,0.0,306.20849609375,-0.5604044795036316,-0.0610758475959301,98738.6875,46.7974853515625,0.5637228395295844,46.629659016927086,45.57721837361654,-308.3828125,-0.481536865234375,0.0,0.0
40,central,2026-09-20T11:00:00,2026-09-20 11:00:00,0.0,0.0,306.2950134277344,0.1790517121553421,0.2348531037569046,98757.5234375,46.603424072265625,0.2953226980271087,46.64431381225586,46.16603151957194,-207.765625,0.086517333984375,0.0,0.0
40,central,2026-09-20T12:00:00,2026-09-20 12:00:00,0.0,0.0,305.9139099121094,-0.0324147529900074,0.16937255859375,98736.8671875,46.6642951965332,0.1724464549244097,46.688401540120445,46.51185417175293,-147.46875,-0.381103515625,0.0,0.0
40,central,2026-09-20T13:00:00,2026-09-20 13:00:00,0.0,0.0,305.8651428222656,0.3070424497127533,0.0774739608168602,98750.9375,46.63290023803711,0.3166658815380353,46.63353983561198,46.63159942626953,12.25,-0.04876708984375,0.0,0.0
40,central,2026-09-20T14:00:00,2026-09-20 14:00:00,0.0,0.0,304.9339294433594,0.2625783383846283,0.011199951171875,98829.625,46.334564208984375,0.2628170898078828,46.5439198811849,46.594116846720375,72.1015625,-0.93121337890625,0.0,0.0
40,central,2026-09-20T15:00:00,2026-09-20 15:00:00,0.0,0.0,303.5938415527344,0.2977142333984375,0.6362559199333191,98875.5,45.8184814453125,0.7024637787232972,46.26198196411133,46.47519175211588,138.6328125,-1.340087890625,0.0,0.0
40,central,2026-09-20T16:00:00,2026-09-20 16:00:00,0.0,0.0,304.1534729003906,0.406982421875,1.0788421630859375,98932.7890625,45.369476318359375,1.153054684118314,45.840840657552086,46.23719024658203,181.8515625,0.55963134765625,0.0,0.0
40,central,2026-09-20T17:00:00,2026-09-20 17:00:00,0.0,0.0,302.974853515625,0.859954833984375,0.7046305537223816,98936.9375,44.66951370239258,1.1117673019711471,45.28582382202149,45.91487185160319,107.3125,-1.178619384765625,0.0,0.0
40,central,2026-09-20T18:00:00,2026-09-20 18:00:00,0.0,0.0,302.745849609375,1.128056883811951,0.1633707731962204,98931.53125,44.47685241699219,1.1398255755378803,44.83861414591471,45.55029805501302,56.03125,-0.22900390625,0.0,0.0
40,central,2026-09-20T19:00:00,2026-09-20 19:00:00,0.0,0.0,302.2791442871094,1.1472524404525757,-0.1471455842256546,98924.6640625,44.5034294128418,1.1566503296508843,44.54993184407552,45.195386250813804,-8.125,-0.466705322265625,0.0,0.0
40,central,2026-09-20T20:00:00,2026-09-20 20:00:00,0.0,0.0,301.2178649902344,1.213750243186951,-0.2354227751493454,98868.9921875,44.65119934082031,1.2363711157639528,44.543827056884766,44.914825439453125,-67.9453125,-1.061279296875,0.0,0.0
40,central,2026-09-20T21:00:00,2026-09-20 21:00:00,0.0,0.0,300.6632385253906,1.1450653076171875,-0.2852986752986908,98873.2734375,44.90151977539063,1.1800719862939006,44.68538284301758,44.76199849446615,-58.2578125,-0.55462646484375,0.0,0.0
40,central,2026-09-20T22:00:00,2026-09-20 22:00:00,0.0,0.0,299.5772399902344,0.4430592954158783,-0.5458526611328125,98805.78125,43.50365829467773,0.7030339016862469,44.35212580362956,44.45102882385254,-118.8828125,-1.08599853515625,0.0,0.0
40,central,2026-09-20T23:00:00,2026-09-20 23:00:00,0.0,0.0,299.2705078125,0.4076741635799408,-0.7976023554801941,98831.6640625,42.998779296875,0.8957498206073826,43.80131912231445,44.17257308959961,-37.328125,-0.306732177734375,0.0,0.0
40,central,2026-09-21T00:00:00,2026-09-21 00:00:00,0.0,0.0,300.4602966308594,0.3754679262638092,-0.8826548457145691,98810.3828125,42.60190200805664,0.9591953608708994,43.03477986653646,43.860081354777016,-62.890625,1.189788818359375,0.0,0.0
40,central,2026-09-21T01:00:00,2026-09-21 01:00:00,0.0,0.0,300.6441955566406,0.4908345639705658,-0.9070281982421876,98817.5859375,42.1972770690918,1.03131892331841,42.59931945800781,43.47572263081869,11.8046875,0.18389892578125,0.0,0.0
40,central,2026-09-21T02:00:00,2026-09-21 02:00:00,0.0,0.0,301.7081604003906,0.7095438838005066,-0.8628082275390625,98861.7265625,41.78409576416016,1.1170902204154352,42.19442494710287,42.99787203470866,30.0625,1.06396484375,0.0,0.0
40,central,2026-09-21T03:00:00,2026-09-21 03:00:00,0.0,0.0,302.1324768066406,0.85699462890625,-0.528594970703125,98884.3125,41.59262466430664,1.0069023969714237,41.85799916585287,42.44638951619466,73.9296875,0.42431640625,0.0,0.0
40,central,2026-09-21T04:00:00,2026-09-21 04:00:00,0.0,0.0,302.3966369628906,0.911565124988556,-0.5306803584098816,98889.875,41.71217727661133,1.0547855800575974,41.69629923502604,42.14780934651693,72.2890625,0.26416015625,0.0,0.0
40,central,2026-09-21T05:00:00,2026-09-21 05:00:00,0.0,0.0,304.4646911621094,0.7870381474494934,-0.5820109248161316,98877.78125,42.10063552856445,0.978859418990316,41.80181248982748,41.99811871846517,16.0546875,2.06805419921875,0.0,0.0
40,central,2026-09-21T06:00:00,2026-09-21 06:00:00,0.0,0.0,306.3758239746094,0.56793212890625,-0.7819264531135559,98849.7890625,42.44381332397461,0.9664139284606422,42.08554204305013,41.9717706044515,-34.5234375,1.9111328125,0.0,0.0
40,central,2026-09-21T07:00:00,2026-09-21 07:00:00,0.0,0.0,306.7306213378906,0.5032755732536316,-0.9708251953125,98743.7734375,42.66180038452149,1.0935208559910163,42.40208307902019,42.04919115702311,-146.1015625,0.35479736328125,0.0,0.0
40,central,2026-09-21T08:00:00,2026-09-21 08:00:00,0.0,0.0,307.60791015625,0.4150899350643158,-1.0599008798599243,98690.3515625,42.99517440795898,1.138283589146193,42.700262705485024,42.25103759765625,-187.4296875,0.877288818359375,0.0,0.0
40,central,2026-09-21T09:00:00,2026-09-21 09:00:00,0.0,0.0,307.630859375,0.3573099672794342,-0.98052978515625,98560.0,43.20329666137695,1.043603886681049,42.95342381795248,42.5194829305013,-289.7890625,0.02294921875,0.0,0.0
40,central,2026-09-21T10:00:00,2026-09-21 10:00:00,0.0,0.0,306.4085388183594,0.3957672119140625,-0.6824798583984375,98464.4453125,43.34624099731445,0.7889299355112479,43.18157068888346,42.79182688395182,-279.328125,-1.222320556640625,0.0,0.0
40,central,2026-09-21T11:00:00,2026-09-21 11:00:00,0.0,0.0,306.6255798339844,0.5172932744026184,-1.0753936767578125,98440.9765625,42.68878555297852,1.1933414816191,43.07944107055664,42.88985188802084,-249.375,0.217041015625,0.0,0.0
40,central,2026-09-21T12:00:00,2026-09-21 12:00:00,0.0,0.0,306.2237243652344,-0.2850443422794342,-1.2284902334213257,98455.1640625,43.185428619384766,1.261125898028067,43.07348505655924,43.01345443725586,-104.8359375,-0.40185546875,0.0,0.0
40,central,2026-09-21T13:00:00,2026-09-21 13:00:00,0.0,0.0,305.0713806152344,-0.89373779296875,-1.521489500999451,98461.9140625,42.78531265258789,1.7645672399294423,42.88650894165039,43.03403981526693,-2.53125,-1.15234375,0.0,0.0
40,central,2026-09-21T14:00:00,2026-09-21 14:00:00,0.0,0.0,303.6514587402344,-0.984502136707306,-1.4658406972885132,98525.0625,41.783145904541016,1.7657670874179656,42.58462905883789,42.83203506469727,84.0859375,-1.419921875,0.0,0.0
40,central,2026-09-21T15:00:00,2026-09-21 15:00:00,0.0,0.0,302.32373046875,-1.3342081308364868,-1.5766448974609375,98566.25,40.80585861206055,2.065410484402508,41.79143905639648,42.43246205647787,111.0859375,-1.327728271484375,0.0,0.0
40,central,2026-09-21T16:00:00,2026-09-21 16:00:00,0.0,0.0,302.2064514160156,-1.435791015625,-1.10791015625,98621.8515625,40.3995246887207,1.81354921490192,40.996176401774086,41.94134267171224,159.9375,-0.117279052734375,0.0,0.0
40,central,2026-09-21T17:00:00,2026-09-21 17:00:00,0.0,0.0,301.0433044433594,-1.3502706289291382,-0.8783772587776184,98607.7265625,40.29994583129883,1.6108312698996048,40.50177637736002,41.54320271809896,82.6640625,-1.16314697265625,0.0,0.0
40,central,2026-09-21T18:00:00,2026-09-21 18:00:00,0.0,0.0,300.80322265625,-1.2344614267349243,-0.8253886103630066,98635.5546875,40.41633224487305,1.484978576348292,40.3719342549642,41.081686655680336,69.3046875,-0.240081787109375,0.0,0.0
40,central,2026-09-21T19:00:00,2026-09-21 19:00:00,0.0,0.0,300.2706604003906,-1.0687052011489868,-0.8146718144416809,98606.5625,40.37891387939453,1.343808383739511,40.3650639851888,40.680620193481445,-15.2890625,-0.532562255859375,0.0,0.0
40,central,2026-09-21T20:00:00,2026-09-21 20:00:00,0.0,0.0,299.81103515625,-1.0542958974838257,-0.5663096308708191,98578.3046875,40.1748161315918,1.1967649884034328,40.32335408528646,40.41256523132324,-29.421875,-0.459625244140625,0.0,0.0
40,central,2026-09-21T21:00:00,2026-09-21 21:00:00,0.0,0.0,299.5169372558594,-0.8661295771598816,-0.5137379765510559,98577.125,40.34846878051758,1.0070288739564166,40.3007329305013,40.33633359273275,-58.4296875,-0.294097900390625,0.0,0.0
40,central,2026-09-21T22:00:00,2026-09-21 22:00:00,0.0,0.0,299.6210021972656,-0.50390625,-0.6903025507926941,98529.875,39.58840560913086,0.8546573116869489,40.03723017374674,40.20114707946777,-76.6875,0.10406494140625,0.0,0.0
40,central,2026-09-21T23:00:00,2026-09-21 23:00:00,0.0,0.0,299.572509765625,-0.6028086543083191,-1.0369008779525757,98557.96875,40.09909439086914,1.1993922229228555,40.01198959350586,40.16767183939616,-20.3359375,-0.048492431640625,0.0,0.0
40,central,2026-09-22T00:00:00,2026-09-22 00:00:00,0.0,0.0,300.7003479003906,-0.4998016357421875,-0.9456787109375,98572.6640625,40.079872131347656,1.069630730397635,39.92245737711588,40.111595153808594,-4.4609375,1.127838134765625,0.0,0.0
40,central,2026-09-22T01:00:00,2026-09-22 01:00:00,0.0,0.0,300.7085876464844,-0.3339792788028717,-1.1036173105239868,98604.90625,40.01229095458984,1.1530452405512477,40.06375249226888,40.05049133300781,75.03125,0.00823974609375,0.0,0.0
40,central,2026-09-22T02:00:00,2026-09-22 02:00:00,0.0,0.0,301.839599609375,-0.2124226838350296,-1.1218057870864868,98661.2890625,40.032169342041016,1.141740610011052,40.04144414265951,40.02671686808268,103.3203125,1.131011962890625,0.0,0.0
40,central,2026-09-22T03:00:00,2026-09-22 03:00:00,0.0,0.0,302.3385314941406,0.0262298583984375,-0.5729929804801941,98699.625,40.002872467041016,0.5735930274603921,40.01577758789063,39.96911748250326,126.9609375,0.498931884765625,0.0,0.0
40,central,2026-09-22T04:00:00,2026-09-22 04:00:00,0.0,0.0,302.843994140625,0.4264678955078125,-0.191436767578125,98710.4609375,40.12550735473633,0.4674643322004616,40.05351638793945,40.05863444010416,105.5546875,0.505462646484375,0.0,0.0
40,central,2026-09-22T05:00:00,2026-09-22 05:00:00,0.0,0.0,304.86279296875,0.947479248046875,-0.1678924560546875,98708.3125,40.38533401489258,0.9622394724181432,40.17123794555664,40.10634104410807,47.0234375,2.018798828125,0.0,0.0
40,central,2026-09-22T06:00:00,2026-09-22 06:00:00,0.0,0.0,306.9020080566406,1.1381072998046875,-0.7101033329963684,98641.9765625,40.69742965698242,1.3414674686332382,40.402757008870445,40.20926729838053,-57.6484375,2.039215087890625,0.0,0.0
40,central,2026-09-22T07:00:00,2026-09-22 07:00:00,0.0,0.0,307.028564453125,1.0195211172103882,-1.2254282236099243,98600.2265625,41.00199508666992,1.594082068043453,40.69491958618164,40.37421798706055,-110.234375,0.126556396484375,0.0,0.0
40,central,2026-09-22T08:00:00,2026-09-22 08:00:00,0.0,0.0,307.9849548339844,0.7937977910041809,-1.703058838844299,98491.7578125,41.12697982788086,1.878968957052992,40.94213485717773,40.55668640136719,-216.5546875,0.956390380859375,0.0,0.0
40,central,2026-09-22T09:00:00,2026-09-22 09:00:00,0.0,0.0,308.1993103027344,0.5285237431526184,-2.016876220703125,98411.2578125,40.7521858215332,2.0849765074728723,40.96038691202799,40.68157196044922,-230.71875,0.21435546875,0.0,0.0
40,central,2026-09-22T10:00:00,2026-09-22 10:00:00,0.0,0.0,306.9609375,0.9584757685661316,-1.775019288063049,98292.2265625,40.484073638916016,2.0172677739765463,40.78774642944336,40.7413330078125,-308.0,-1.238372802734375,0.0,0.0
40,central,2026-09-22T11:00:00,2026-09-22 11:00:00,0.0,0.0,306.8096618652344,0.684326171875,-2.177830934524536,98260.75,39.95585632324219,2.282816218815064,40.39737192789713,40.66975339253744,-231.0078125,-0.151275634765625,0.0,0.0
40,central,2026-09-22T12:00:00,2026-09-22 12:00:00,0.0,0.0,306.3746643066406,0.12347412109375,-1.3509317636489868,98239.6015625,38.34165573120117,1.356562747762018,39.59386189778646,40.27712440490723,-171.65625,-0.43499755859375,0.0,0.0
40,central,2026-09-22T13:00:00,2026-09-22 13:00:00,0.0,0.0,305.9942321777344,-0.747711181640625,-2.118026733398437,98234.0625,35.93784713745117,2.246132065249253,38.07845306396485,39.4330997467041,-58.1640625,-0.38043212890625,0.0,0.0
40,central,2026-09-22T14:00:00,2026-09-22 14:00:00,0.0,0.0,305.241943359375,-1.3449910879135132,-1.5987142324447632,98315.6328125,33.50278854370117,2.0892314911441057,35.92743047078451,38.16240119934082,54.8828125,-0.752288818359375,0.0,0.0
40,central,2026-09-22T15:00:00,2026-09-22 15:00:00,0.0,0.0,302.6036682128906,-1.7036997079849243,-1.1234384775161743,98372.9609375,32.01609420776367,2.040761305922811,33.81890996297201,36.706385930379234,133.359375,-2.638275146484375,0.0,0.0
40,central,2026-09-22T16:00:00,2026-09-22 16:00:00,0.0,0.0,301.9237365722656,-1.7819722890853882,-0.3897603452205658,98448.6484375,30.965471267700195,1.8240993300187007,32.16145133972168,35.11995220184326,214.5859375,-0.679931640625,0.0,0.0
40,central,2026-09-22T17:00:00,2026-09-22 17:00:00,0.0,0.0,301.1390075683594,-1.066950440406799,0.5336100459098816,98449.6640625,29.096864700317383,1.192947158670579,30.69281005859375,33.310120264689125,134.03125,-0.78472900390625,0.0,0.0
40,central,2026-09-22T18:00:00,2026-09-22 18:00:00,0.0,0.0,300.6560974121094,-0.2025909423828125,0.6736907958984375,98424.03125,26.858154296875,0.7034929839122962,28.97349675496419,31.396203358968098,51.0703125,-0.48291015625,0.0,0.0
40,central,2026-09-22T19:00:00,2026-09-22 19:00:00,0.0,0.0,300.3232421875,0.4057413637638092,0.6682993769645691,98418.0859375,25.11371803283692,0.7818248598760128,27.022912343343098,29.59218184153239,-30.5625,-0.332855224609375,0.0,0.0
40,central,2026-09-22T20:00:00,2026-09-22 20:00:00,0.0,0.0,299.3594665527344,0.9137369990348816,0.4269815981388092,98389.5703125,24.02871894836425,1.008577507460107,25.33353042602539,28.01317024230957,-60.09375,-0.963775634765625,0.0,0.0
40,central,2026-09-22T21:00:00,2026-09-22 21:00:00,0.0,0.0,299.009033203125,1.0611215829849243,0.0501607246696949,98363.3046875,23.9302978515625,1.062306505758023,24.35757827758789,26.665537516276043,-60.7265625,-0.350433349609375,0.0,0.0
40,central,2026-09-22T22:00:00,2026-09-22 22:00:00,0.0,0.0,299.46875,0.1385752409696579,-0.5994822382926941,98377.6640625,26.50249671936035,0.6152902172456647,24.820504506429035,25.921708424886067,-40.421875,0.459716796875,0.0,0.0
40,central,2026-09-22T23:00:00,2026-09-22 23:00:00,0.0,0.0,299.7764587402344,-0.6978810429573059,-0.4386698305606842,98400.3046875,27.23191261291504,0.8242991995406258,25.888235727945965,25.61088307698568,10.734375,0.307708740234375,0.0,0.0
40,central,2026-09-23T00:00:00,2026-09-23 00:00:00,0.0,0.0,300.978515625,-0.7512410283088684,-0.7743428349494934,98424.09375,27.886962890625,1.0788743711165747,27.20712407430013,25.78235117594401,60.7890625,1.202056884765625,0.0,0.0
40,central,2026-09-23T01:00:00,2026-09-23 01:00:00,0.0,0.0,299.866455078125,-0.3267822265625,-1.025446534156799,98475.5,28.55658531188965,1.0762561117184593,27.89182027180989,26.356162389119465,97.8359375,-1.112060546875,0.0,0.0
40,central,2026-09-23T02:00:00,2026-09-23 02:00:00,0.0,0.0,301.4270935058594,0.081817626953125,-1.0526021718978882,98560.7578125,29.22998046875,1.055777181210312,28.55784289042155,27.22303930918376,160.453125,1.560638427734375,0.0,0.0
40,central,2026-09-23T03:00:00,2026-09-23 03:00:00,0.0,0.0,302.0760803222656,-0.0332590751349926,-0.6866557002067566,98635.4609375,29.81599998474121,0.6874607019352206,29.20085525512696,28.203989664713543,211.3671875,0.64898681640625,0.0,0.0
40,central,2026-09-23T04:00:00,2026-09-23 04:00:00,0.0,0.0,302.588134765625,-0.368560791015625,-0.4407755434513092,98650.1484375,30.47119331359864,0.5745608204349303,29.83905792236328,28.86543909708659,174.6484375,0.512054443359375,0.0,0.0
40,central,2026-09-23T05:00:00,2026-09-23 05:00:00,0.0,0.0,304.693115234375,-0.2236836701631546,-0.067840576171875,98650.21875,30.99716186523437,0.233745006519906,30.42811838785808,29.49298063913981,89.4609375,2.10498046875,0.0,0.0
40,central,2026-09-23T06:00:00,2026-09-23 06:00:00,0.0,0.0,306.937744140625,0.01555887889117,0.0017293294658884,98574.0234375,31.485280990600582,0.0156546891617714,30.9845453898112,30.092700322469074,-61.4375,2.24462890625,0.0,0.0
40,central,2026-09-23T07:00:00,2026-09-23 07:00:00,0.0,0.0,307.2408142089844,0.0547383613884449,-0.0766499862074852,98551.4140625,32.07019805908203,0.094188686120466,31.517546971639,30.67830244700114,-98.734375,0.303070068359375,0.0,0.0
49,central,2026-09-18T05:00:00,2026-09-18 05:00:00,0.0,0.0,302.97607421875,2.8517303466796875,-1.7872772216796875,98809.4375,41.25243377685547,3.365520143649257,41.23070780436198,42.35868136088053,139.625,2.359619140625,0.0,0.0
49,central,2026-09-18T06:00:00,2026-09-18 06:00:00,0.0,0.0,304.718017578125,2.77777099609375,-1.5201416015625,98774.40625,41.86022186279297,3.166518939709767,41.3246701558431,41.93642616271973,38.7109375,1.741943359375,0.0,0.0
49,central,2026-09-18T07:00:00,2026-09-18 07:00:00,0.0,0.0,305.196044921875,2.58349609375,-1.341217041015625,98732.0625,41.67296600341797,2.910895947561887,41.59520721435547,41.634223302205406,11.0,0.47802734375,0.0,0.0
49,central,2026-09-18T08:00:00,2026-09-18 08:00:00,0.0,0.0,306.1552734375,2.412582397460937,-1.1298065185546875,98637.1953125,41.8407096862793,2.664022633895408,41.79129918416341,41.511003494262695,-172.2421875,0.959228515625,0.0,0.0
49,central,2026-09-18T09:00:00,2026-09-18 09:00:00,0.0,0.0,306.19140625,2.1541290283203125,-1.2247161865234375,98580.4375,41.807884216308594,2.4779430195597163,41.77385330200195,41.54926172892253,-193.96875,0.0361328125,0.0,0.0
49,central,2026-09-18T10:00:00,2026-09-18 10:00:00,0.0,0.0,305.4755859375,1.6838226318359375,-1.28472900390625,98477.953125,41.16761779785156,2.1179677214161807,41.60540390014648,41.60030555725098,-254.109375,-0.7158203125,0.0,0.0
49,central,2026-09-18T11:00:00,2026-09-18 11:00:00,0.0,0.0,305.65771484375,0.6791229248046875,-0.7147369384765625,98437.125,39.944374084472656,0.9859294286195756,40.9732920328776,41.38229560852051,-200.0703125,0.18212890625,0.0,0.0
49,central,2026-09-18T12:00:00,2026-09-18 12:00:00,0.0,0.0,304.980712890625,1.1313323974609375,-0.9050445556640624,98472.921875,40.00446319580078,1.4487990341251171,40.372151692708336,41.07300249735514,-107.515625,-0.677001953125,0.0,0.0
49,central,2026-09-18T13:00:00,2026-09-18 13:00:00,0.0,0.0,304.040771484375,1.4356842041015625,0.4712677001953125,98520.890625,41.80481719970703,1.5110534004971885,40.58455149332682,41.094977696736656,42.9375,-0.93994140625,0.0,0.0
49,central,2026-09-18T14:00:00,2026-09-18 14:00:00,0.0,0.0,304.67724609375,1.6966552734375,0.5758514404296875,98600.421875,41.6364631652832,1.7917153787162243,41.148581186930336,41.06093660990397,163.296875,0.636474609375,0.0,0.0
49,central,2026-09-18T15:00:00,2026-09-18 15:00:00,0.0,0.0,301.70556640625,1.3809661865234375,0.0631256103515625,98622.8984375,41.677207946777344,1.382408207080435,41.7061627705892,41.039157231648765,149.9765625,-2.9716796875,0.0,0.0
49,central,2026-09-18T16:00:00,2026-09-18 16:00:00,0.0,0.0,301.734130859375,1.4360198974609375,-0.33221435546875,98666.421875,42.37988662719727,1.473946920307254,41.89785257975261,41.24120203653971,145.53125,0.028564453125,0.0,0.0
49,central,2026-09-18T17:00:00,2026-09-18 17:00:00,0.0,0.0,301.4267578125,1.5616607666015625,-0.2027435302734375,98715.984375,42.25422286987305,1.574766423635682,42.10377248128256,41.626176834106445,115.5625,-0.307373046875,0.0,0.0
49,central,2026-09-18T18:00:00,2026-09-18 18:00:00,0.0,0.0,301.537109375,1.4227142333984375,0.185211181640625,98692.796875,41.247703552246094,1.4347191264213426,41.96060434977213,41.83338356018066,69.8984375,0.1103515625,0.0,0.0
49,central,2026-09-18T19:00:00,2026-09-18 19:00:00,0.0,0.0,301.4599609375,1.248565673828125,0.178192138671875,98698.203125,40.472206115722656,1.2612171423455742,41.32471084594727,41.61128171284994,31.78125,-0.0771484375,0.0,0.0
49,central,2026-09-18T20:00:00,2026-09-18 20:00:00,0.0,0.0,300.72412109375,1.2986297607421875,0.11138916015625,98687.1015625,39.98237609863281,1.3033981741914578,40.56742858886719,41.33560053507487,-28.8828125,-0.73583984375,0.0,0.0
49,central,2026-09-18T21:00:00,2026-09-18 21:00:00,0.0,0.0,300.461669921875,1.2250518798828125,-0.0852203369140625,98686.3125,39.406288146972656,1.228012465013348,39.95362345377604,40.957113901774086,-6.484375,-0.262451171875,0.0,0.0
49,central,2026-09-18T22:00:00,2026-09-18 22:00:00,0.0,0.0,299.461181640625,0.825897216796875,-0.8804168701171875,98677.125,39.26615905761719,1.2071619932303077,39.55160776774088,40.43815930684408,-21.078125,-1.00048828125,0.0,0.0
49,central,2026-09-18T23:00:00,2026-09-18 23:00:00,0.0,0.0,298.982177734375,0.514678955078125,0.2707061767578125,98761.96875,38.789642333984375,0.5815292434049578,39.154029846191406,39.8607292175293,74.8671875,-0.47900390625,0.0,0.0
49,central,2026-09-19T00:00:00,2026-09-19 00:00:00,0.0,0.0,299.852294921875,0.487396240234375,0.8295440673828125,98789.140625,38.38134002685547,0.962132243885748,38.81238047281901,39.38300196329752,102.828125,0.8701171875,0.0,0.0
49,central,2026-09-19T01:00:00,2026-09-19 01:00:00,0.0,0.0,299.88232421875,0.6441650390625,0.688323974609375,98855.421875,37.72051239013672,0.9427292779862306,38.29716491699219,38.92438634236654,178.296875,0.030029296875,0.0,0.0
49,central,2026-09-19T02:00:00,2026-09-19 02:00:00,0.0,0.0,300.98095703125,0.5524139404296875,0.027008056640625,98924.09375,37.21455764770508,0.5530737714849236,37.77213668823242,38.46308326721192,162.125,1.0986328125,0.0,0.0
49,central,2026-09-19T03:00:00,2026-09-19 03:00:00,0.0,0.0,301.2314453125,0.5188140869140625,-0.5829315185546875,99008.125,37.1071662902832,0.7803699200410958,37.347412109375,38.07989629109701,218.984375,0.25048828125,0.0,0.0
49,central,2026-09-19T04:00:00,2026-09-19 04:00:00,0.0,0.0,301.68115234375,0.321197509765625,-1.2687225341796875,99023.359375,37.30915069580078,1.3087492918870929,37.21029154459635,37.75372823079427,167.9375,0.44970703125,0.0,0.0
49,central,2026-09-19T05:00:00,2026-09-19 05:00:00,0.0,0.0,303.5048828125,0.1728057861328125,-1.719635009765625,99031.9765625,37.60466003417969,1.7282958099042538,37.340325673421226,37.55623118082682,107.8828125,1.82373046875,0.0,0.0
49,central,2026-09-19T06:00:00,2026-09-19 06:00:00,0.0,0.0,305.495361328125,-0.0590057373046875,-1.77740478515625,98987.34375,37.85884094238281,1.7783839426094707,37.59088389078776,37.46914800008138,-20.78125,1.990478515625,0.0,0.0
49,central,2026-09-19T07:00:00,2026-09-19 07:00:00,0.0,0.0,305.622802734375,-0.0723724365234375,-1.9384613037109373,98942.484375,38.02337646484375,1.9398118453997144,37.82895914713541,37.51962534586588,-80.875,0.12744140625,0.0,0.0
49,central,2026-09-19T08:00:00,2026-09-19 08:00:00,0.0,0.0,306.604736328125,-0.3308868408203125,-1.821075439453125,98841.6171875,37.95751190185547,1.8508921788174049,37.94657643636068,37.64345105489095,-190.359375,0.98193359375,0.0,0.0
49,central,2026-09-19T09:00:00,2026-09-19 09:00:00,0.0,0.0,306.33935546875,-0.4466552734375,-1.5050506591796875,98781.09375,37.492794036865234,1.569929431530838,37.82456080118815,37.70772234598795,-206.25,-0.265380859375,0.0,0.0
49,central,2026-09-19T10:00:00,2026-09-19 10:00:00,0.0,0.0,305.548583984375,-0.2849273681640625,-1.7494354248046875,98633.3515625,36.69952774047852,1.7724863640351247,37.383277893066406,37.606118520100914,-309.1328125,-0.790771484375,0.0,0.0
49,central,2026-09-19T11:00:00,2026-09-19 11:00:00,0.0,0.0,306.160888671875,-0.862335205078125,-1.176666259765625,98661.125,37.81634521484375,1.4588233247339986,37.33622233072917,37.64139938354492,-180.4921875,0.6123046875,0.0,0.0
49,central,2026-09-19T12:00:00,2026-09-19 12:00:00,0.0,0.0,305.835205078125,-1.0100860595703125,0.188934326171875,98704.703125,38.646121978759766,1.0276040226392174,37.720664978027344,37.77261288960775,-76.390625,-0.32568359375,0.0,0.0
49,central,2026-09-19T13:00:00,2026-09-19 13:00:00,0.0,0.0,306.37158203125,-1.238800048828125,1.128570556640625,98748.921875,38.77301025390625,1.6757974407107483,38.411825815836586,37.8975518544515,115.5703125,0.536376953125,0.0,0.0
49,central,2026-09-19T14:00:00,2026-09-19 14:00:00,0.0,0.0,305.1474609375,-1.22412109375,0.963531494140625,98797.34375,37.53479766845703,1.557839976494557,38.31797663370768,37.82709948221842,136.21875,-1.22412109375,0.0,0.0
49,central,2026-09-19T15:00:00,2026-09-19 15:00:00,0.0,0.0,304.18896484375,-1.1772003173828125,1.0263824462890625,98884.96875,36.65980911254883,1.561813533459265,37.6558723449707,37.68826866149902,180.265625,-0.95849609375,0.0,0.0
49,central,2026-09-19T16:00:00,2026-09-19 16:00:00,0.0,0.0,303.92236328125,-1.180145263671875,1.027313232421875,98945.46875,34.988006591796875,1.5646454297623602,36.394204457600914,37.40301513671875,196.546875,-0.2666015625,0.0,0.0
49,central,2026-09-19T17:00:00,2026-09-19 17:00:00,0.0,0.0,300.3232421875,-1.2303009033203125,0.975616455078125,98991.8046875,34.13225555419922,1.5701808112857525,35.260023752848305,36.78900019327799,194.4609375,-3.59912109375,0.0,0.0
49,central,2026-09-19T18:00:00,2026-09-19 18:00:00,0.0,0.0,300.564208984375,-1.1771240234375,1.0707855224609375,98991.3125,33.495216369628906,1.5912896033298374,34.205159505208336,35.93051592508952,106.34375,0.240966796875,0.0,0.0
49,central,2026-09-19T19:00:00,2026-09-19 19:00:00,0.0,0.0,300.23779296875,-1.027191162109375,1.1537933349609375,99007.265625,33.41307830810547,1.5447850152418914,33.68018341064453,35.03719393412272,61.796875,-0.326416015625,0.0,0.0
49,central,2026-09-19T20:00:00,2026-09-19 20:00:00,0.0,0.0,299.2509765625,-0.7591094970703125,1.2384490966796875,98986.84375,33.49919509887695,1.4525850727613432,33.469163258870445,34.364593505859375,-4.9609375,-0.98681640625,0.0,0.0
49,central,2026-09-19T21:00:00,2026-09-19 21:00:00,0.0,0.0,298.544921875,-0.7406158447265625,1.6646575927734375,98994.6171875,33.49751281738281,1.8219760510605767,33.46992874145508,33.8375441233317,3.3046875,-0.7060546875,0.0,0.0
49,central,2026-09-19T22:00:00,2026-09-19 22:00:00,0.0,0.0,298.183837890625,-1.1166229248046875,0.2437744140625,98928.84375,36.98421096801758,1.1429228850411957,34.66030629475912,34.17024485270182,-78.421875,-0.361083984375,0.0,0.0
49,central,2026-09-19T23:00:00,2026-09-19 23:00:00,0.0,0.0,298.0732421875,-1.0987701416015625,0.0524749755859375,99012.453125,38.763404846191406,1.100022475742138,36.41504287719727,34.94210306803385,25.609375,-0.110595703125,0.0,0.0
49,central,2026-09-20T00:00:00,2026-09-20 00:00:00,0.0,0.0,299.240478515625,-1.2615203857421875,-0.02276611328125,99007.796875,39.78486251831055,1.2617257941236883,38.51082611083984,35.99037742614746,13.1796875,1.167236328125,0.0,0.0
49,central,2026-09-20T01:00:00,2026-09-20 01:00:00,0.0,0.0,299.38818359375,-1.56756591796875,-0.098907470703125,99061.84375,40.17155075073242,1.570683161856044,39.573272705078125,37.11678949991862,133.0,0.147705078125,0.0,0.0
49,central,2026-09-20T02:00:00,2026-09-20 02:00:00,0.0,0.0,300.640380859375,-1.46783447265625,-0.1420135498046875,99116.4609375,40.29218673706055,1.4746884035097652,40.08286666870117,38.24895477294922,104.0078125,1.252197265625,0.0,0.0
49,central,2026-09-20T03:00:00,2026-09-20 03:00:00,0.0,0.0,300.8955078125,-1.2083740234375,0.1800689697265625,99179.03125,40.72595977783203,1.221717076240206,40.396565755208336,39.453695933024086,171.234375,0.255126953125,0.0,0.0
49,central,2026-09-20T04:00:00,2026-09-20 04:00:00,0.0,0.0,301.446533203125,-1.0435638427734375,0.3260040283203125,99178.234375,41.66715240478516,1.0932996480494883,40.895099639892585,40.23418617248535,116.390625,0.551025390625,0.0,0.0
49,central,2026-09-20T05:00:00,2026-09-20 05:00:00,0.0,0.0,303.873046875,-1.271392822265625,0.2584381103515625,99200.5703125,43.04450225830078,1.297393527573896,41.812538146972656,40.947702407836914,84.109375,2.426513671875,0.0,0.0
49,central,2026-09-20T06:00:00,2026-09-20 06:00:00,0.0,0.0,305.892333984375,-1.50482177734375,0.2368316650390625,99184.6484375,44.35107803344727,1.5233442877869656,43.0209108988444,41.70873832702637,5.6171875,2.019287109375,0.0,0.0
49,central,2026-09-20T07:00:00,2026-09-20 07:00:00,0.0,0.0,306.021728515625,-1.39166259765625,0.262847900390625,99158.7421875,45.62797164916992,1.4162675610403217,44.34118398030599,42.61814181009928,-19.4921875,0.12939453125,0.0,0.0
49,central,2026-09-20T08:00:00,2026-09-20 08:00:00,0.0,0.0,306.718994140625,-1.0904083251953125,0.1614837646484375,99073.2890625,46.14344024658203,1.1023009216635349,45.37416330973307,43.59335072835287,-127.28125,0.697265625,0.0,0.0
49,central,2026-09-20T09:00:00,2026-09-20 09:00:00,0.0,0.0,306.823486328125,-0.7449798583984375,-0.06829833984375,98992.328125,46.1681022644043,0.748104038650219,45.97983805338541,44.50037447611491,-192.3203125,0.1044921875,0.0,0.0
49,central,2026-09-20T10:00:00,2026-09-20 10:00:00,0.0,0.0,306.28662109375,0.39434814453125,0.5020751953125,98846.359375,47.5826416015625,0.6384277256223485,46.63139470418295,45.48628934224447,-312.3828125,-0.536865234375,0.0,0.0
49,central,2026-09-20T11:00:00,2026-09-20 11:00:00,0.0,0.0,306.528076171875,1.4414215087890625,-0.096527099609375,98854.859375,46.978424072265625,1.4446499392443608,46.90972264607748,46.14194297790527,-218.4296875,0.241455078125,0.0,0.0
49,central,2026-09-20T12:00:00,2026-09-20 12:00:00,0.0,0.0,306.56103515625,0.6934967041015625,-0.20172119140625,98839.53125,47.09918975830078,0.7222389616062589,47.22008514404297,46.5999615987142,-152.796875,0.032958984375,0.0,0.0
49,central,2026-09-20T13:00:00,2026-09-20 13:00:00,0.0,0.0,306.604736328125,1.4268341064453125,-0.533203125,98854.265625,47.06584167480469,1.5232075169934525,47.04781850179037,46.839606602986656,7.90625,0.043701171875,0.0,0.0
49,central,2026-09-20T14:00:00,2026-09-20 14:00:00,0.0,0.0,305.2236328125,1.0317840576171875,-0.682159423828125,98933.2890625,46.56568145751953,1.2368992768493752,46.910237630208336,46.909980138142906,78.4296875,-1.381103515625,0.0,0.0
49,central,2026-09-20T15:00:00,2026-09-20 15:00:00,0.0,0.0,303.360107421875,0.4354095458984375,-0.1231842041015625,98975.171875,45.80415725708008,0.4524995257451867,46.47856012980143,46.8493226369222,135.640625,-1.863525390625,0.0,0.0
49,central,2026-09-20T16:00:00,2026-09-20 16:00:00,0.0,0.0,303.60205078125,0.119873046875,0.3005218505859375,99034.796875,45.5400505065918,0.3235474154535815,45.96996307373047,46.508890787760414,180.53125,0.241943359375,0.0,0.0
49,central,2026-09-20T17:00:00,2026-09-20 17:00:00,0.0,0.0,302.679931640625,0.264251708984375,0.0985107421875,99041.2734375,44.73136520385742,0.2820165456626524,45.358524322509766,46.13438097635905,107.984375,-0.922119140625,0.0,0.0
49,central,2026-09-20T18:00:00,2026-09-20 18:00:00,0.0,0.0,302.448974609375,0.5945281982421875,-0.2083740234375,99035.53125,44.35771179199219,0.6299869142677755,44.87637583414713,45.67746798197428,60.359375,-0.23095703125,0.0,0.0
49,central,2026-09-20T19:00:00,2026-09-20 19:00:00,0.0,0.0,301.60595703125,0.8080596923828125,-0.433929443359375,99027.328125,44.23259353637695,0.9171996665219534,44.44055684407552,45.20525995890299,-7.46875,-0.843017578125,0.0,0.0
49,central,2026-09-20T20:00:00,2026-09-20 20:00:00,0.0,0.0,300.527099609375,0.7895965576171875,-0.329498291015625,98973.65625,44.49234390258789,0.8555885971558586,44.36088307698568,44.85970369974772,-67.6171875,-1.078857421875,0.0,0.0
49,central,2026-09-20T21:00:00,2026-09-20 21:00:00,0.0,0.0,300.27783203125,0.7212371826171875,-0.11993408203125,98978.265625,44.98029327392578,0.7311410654738638,44.56841023763021,44.72239303588867,-57.265625,-0.249267578125,0.0,0.0
49,central,2026-09-20T22:00:00,2026-09-20 22:00:00,0.0,0.0,300.144287109375,0.1048431396484375,-0.4228057861328125,98916.78125,43.67813491821289,0.4356108546842323,44.38359069824219,44.41207377115885,-110.546875,-0.133544921875,0.0,0.0
49,central,2026-09-20T23:00:00,2026-09-20 23:00:00,0.0,0.0,299.5595703125,0.2081298828125,-0.8867950439453125,98940.328125,43.23641204833984,0.9108915951338632,43.96494674682617,44.16291491190592,-33.328125,-0.584716796875,0.0,0.0
49,central,2026-09-21T00:00:00,2026-09-21 00:00:00,0.0,0.0,300.4375,0.15899658203125,-0.9034881591796876,98917.71875,42.94305038452149,0.9173716623460312,43.285865783691406,43.927138010660805,-60.546875,0.8779296875,0.0,0.0
49,central,2026-09-21T01:00:00,2026-09-21 01:00:00,0.0,0.0,300.6591796875,0.230743408203125,-0.8347625732421875,98920.921875,42.653656005859375,0.8660664374718099,42.9443728129069,43.66398175557455,4.140625,0.2216796875,0.0,0.0
49,central,2026-09-21T02:00:00,2026-09-21 02:00:00,0.0,0.0,301.67822265625,0.499908447265625,-0.8735504150390625,98964.0625,42.37784576416016,1.006478406754187,42.65818405151368,43.31156539916992,23.734375,1.01904296875,0.0,0.0
49,central,2026-09-21T03:00:00,2026-09-21 03:00:00,0.0,0.0,302.0576171875,0.71148681640625,-0.554962158203125,98987.6484375,42.40251922607422,0.9023283698063423,42.47800699869792,42.88193639119466,69.9296875,0.37939453125,0.0,0.0
49,central,2026-09-21T04:00:00,2026-09-21 04:00:00,0.0,0.0,302.38623046875,0.8809661865234375,-0.614990234375,98994.5390625,42.78509521484375,1.0743902504091638,42.521820068359375,42.73309644063314,73.6171875,0.32861328125,0.0,0.0
49,central,2026-09-21T05:00:00,2026-09-21 05:00:00,0.0,0.0,304.45361328125,0.881439208984375,-0.68975830078125,98984.4453125,43.31222534179688,1.1192415256018864,42.83327992757162,42.74573198954264,20.3828125,2.0673828125,0.0,0.0
49,central,2026-09-21T06:00:00,2026-09-21 06:00:00,0.0,0.0,306.31396484375,0.83551025390625,-0.8353118896484375,98958.125,43.653446197509766,1.1814496761904545,43.2502555847168,42.86413129170736,-29.5234375,1.8603515625,0.0,0.0
49,central,2026-09-21T07:00:00,2026-09-21 07:00:00,0.0,0.0,306.67724609375,0.88153076171875,-1.0616455078125,98850.7734375,43.96128082275391,1.379923066013066,43.64231745402018,43.08206876118978,-143.765625,0.36328125,0.0,0.0
49,central,2026-09-21T08:00:00,2026-09-21 08:00:00,0.0,0.0,307.42626953125,0.726287841796875,-1.1178436279296875,98799.3515625,44.14426040649414,1.3330672922418314,43.91966247558594,43.37647120157877,-185.09375,0.7490234375,0.0,0.0
49,central,2026-09-21T09:00:00,2026-09-21 09:00:00,0.0,0.0,307.48046875,0.694549560546875,-0.99908447265625,98662.671875,44.08545684814453,1.2167862900109758,44.06366602579752,43.65696080525717,-295.453125,0.05419921875,0.0,0.0
49,central,2026-09-21T10:00:00,2026-09-21 10:00:00,0.0,0.0,306.2705078125,1.2463531494140625,-0.8104095458984375,98565.78125,44.5955924987793,1.4866606220444745,44.27510325113932,43.95871035257975,-284.9921875,-1.2099609375,0.0,0.0
49,central,2026-09-21T11:00:00,2026-09-21 11:00:00,0.0,0.0,306.526611328125,1.4730224609375,-1.1671905517578125,98551.640625,43.86912536621094,1.879395901490443,44.18339157104492,44.05152702331543,-247.7109375,0.256103515625,0.0,0.0
49,central,2026-09-21T12:00:00,2026-09-21 12:00:00,0.0,0.0,306.150146484375,0.225372314453125,-1.3551177978515625,98572.171875,44.47514343261719,1.3737310239548448,44.31328709920248,44.1884765625,-90.5,-0.37646484375,0.0,0.0
49,central,2026-09-21T13:00:00,2026-09-21 13:00:00,0.0,0.0,305.370849609375,-0.20916748046875,-2.1696014404296875,98566.921875,43.41682434082031,2.1796608555461603,43.92036437988281,44.09773381551107,1.140625,-0.779296875,0.0,0.0
49,central,2026-09-21T14:00:00,2026-09-21 14:00:00,0.0,0.0,304.142333984375,-0.4587860107421875,-2.03582763671875,98628.7265625,42.210227966308594,2.086882548223685,43.36739857991537,43.77539507548014,77.0859375,-1.228515625,0.0,0.0
49,central,2026-09-21T15:00:00,2026-09-21 15:00:00,0.0,0.0,303.21240234375,-0.71929931640625,-1.9692230224609373,98668.578125,41.26354217529297,2.096480579154667,42.29686482747396,43.30507596333822,96.40625,-0.929931640625,0.0,0.0
49,central,2026-09-21T16:00:00,2026-09-21 16:00:00,0.0,0.0,302.660888671875,-1.357666015625,-1.66259765625,98726.8515625,41.10395431518555,2.1465059926660013,41.52590815226237,42.72313626607259,159.9296875,-0.551513671875,0.0,0.0
49,central,2026-09-21T17:00:00,2026-09-21 17:00:00,0.0,0.0,301.0830078125,-1.572601318359375,-1.3116455078125,98712.734375,41.08314895629883,2.047800977797978,41.15021514892578,42.25880686442057,84.0078125,-1.577880859375,0.0,0.0
49,central,2026-09-21T18:00:00,2026-09-21 18:00:00,0.0,0.0,300.85595703125,-1.6234588623046875,-1.041534423828125,98743.8828125,41.21060180664063,1.928837119513884,41.132568359375,41.71471659342448,75.3046875,-0.22705078125,0.0,0.0
49,central,2026-09-21T19:00:00,2026-09-21 19:00:00,0.0,0.0,300.24853515625,-1.62274169921875,-0.8875885009765625,98713.8984375,41.12305450439453,1.849622655962339,41.13893508911133,41.33242162068685,-12.953125,-0.607421875,0.0,0.0
49,central,2026-09-21T20:00:00,2026-09-21 20:00:00,0.0,0.0,299.75830078125,-1.7248687744140625,-0.6515960693359375,98684.96875,40.910491943359375,1.8438410252846404,41.08138275146485,41.11579895019531,-27.765625,-0.490234375,0.0,0.0
49,central,2026-09-21T21:00:00,2026-09-21 21:00:00,0.0,0.0,299.37109375,-1.658447265625,-0.6735687255859375,98684.453125,41.18245315551758,1.7900117767619583,41.07199986775717,41.10228411356608,-59.4296875,-0.38720703125,0.0,0.0
49,central,2026-09-21T22:00:00,2026-09-21 22:00:00,0.0,0.0,299.313720703125,-1.390625,-0.8537139892578125,98637.875,40.68931579589844,1.6317675894806491,40.92742029825846,41.0331776936849,-76.0234375,-0.057373046875,0.0,0.0
49,central,2026-09-21T23:00:00,2026-09-21 23:00:00,0.0,0.0,299.549072265625,-1.1168060302734375,-0.9320831298828124,98668.96875,41.29180145263672,1.4546596406951195,41.05452346801758,41.06795310974121,-16.0,0.2353515625,0.0,0.0
49,central,2026-09-22T00:00:00,2026-09-22 00:00:00,0.0,0.0,300.89697265625,-0.7185516357421875,-0.8616943359375,98682.3359375,41.294715881347656,1.1219775317779508,41.0919443766276,41.08197212219238,-2.1171875,1.347900390625,0.0,0.0
49,central,2026-09-22T01:00:00,2026-09-22 01:00:00,0.0,0.0,300.662353515625,-0.5198516845703125,-0.97015380859375,98713.2421875,41.13924407958984,1.1006562525509724,41.241920471191406,41.08467038472494,75.3671875,-0.234619140625,0.0,0.0
49,central,2026-09-22T02:00:00,2026-09-22 02:00:00,0.0,0.0,301.765380859375,-0.58026123046875,-1.06060791015625,98766.296875,40.94883728027344,1.208963289215647,41.12759908040365,41.09106127421061,97.328125,1.10302734375,0.0,0.0
49,central,2026-09-22T03:00:00,2026-09-22 03:00:00,0.0,0.0,302.13671875,-0.3272857666015625,-0.5283966064453125,98803.2890625,40.748313903808594,0.6215456111363791,40.94546508789063,41.01870473225912,120.953125,0.371337890625,0.0,0.0
49,central,2026-09-22T04:00:00,2026-09-22 04:00:00,0.0,0.0,302.664306640625,0.1540069580078125,-0.095733642578125,98811.796875,40.83644485473633,0.1813369058854162,40.84453201293945,41.04322624206543,98.5546875,0.527587890625,0.0,0.0
49,central,2026-09-22T05:00:00,2026-09-22 05:00:00,0.0,0.0,304.76318359375,0.768768310546875,-0.0780487060546875,98812.984375,41.171142578125,0.7727200759770044,40.918633778889976,41.02311642964681,46.6875,2.098876953125,0.0,0.0
49,central,2026-09-22T06:00:00,2026-09-22 06:00:00,0.0,0.0,306.7490234375,1.1273651123046875,-0.64239501953125,98748.3125,41.47086715698242,1.2975451659037984,41.15948486328125,41.05247497558594,-54.9765625,1.98583984375,0.0,0.0
49,central,2026-09-22T07:00:00,2026-09-22 07:00:00,0.0,0.0,306.921142578125,1.126617431640625,-1.1769256591796875,98706.5625,41.6497802734375,1.62923934537319,41.430596669514976,41.13756434122721,-105.234375,0.172119140625,0.0,0.0
49,central,2026-09-22T08:00:00,2026-09-22 08:00:00,0.0,0.0,307.899658203125,0.9790191650390624,-1.6360015869140625,98599.09375,41.66669464111328,1.9065622774772173,41.59578069051107,41.25720723470052,-213.890625,0.978515625,0.0,0.0
49,central,2026-09-22T09:00:00,2026-09-22 09:00:00,0.0,0.0,308.086669921875,0.8065185546875,-1.917266845703125,98520.59375,41.354400634765625,2.079996234777271,41.5569585164388,41.35822168986002,-227.71875,0.18701171875,0.0,0.0
49,central,2026-09-22T10:00:00,2026-09-22 10:00:00,0.0,0.0,306.76953125,1.15997314453125,-1.7470245361328125,98397.234375,41.48342514038086,2.0970532720662547,41.50150680541992,41.466051737467446,-309.328125,-1.317138671875,0.0,0.0
49,central,2026-09-22T11:00:00,2026-09-22 11:00:00,0.0,0.0,306.673583984375,0.960693359375,-2.1530914306640625,98366.0859375,41.00924301147461,2.3576968506460374,41.28235626220703,41.43906847635905,-233.0078125,-0.095947265625,0.0,0.0
49,central,2026-09-22T12:00:00,2026-09-22 12:00:00,0.0,0.0,306.3076171875,0.36468505859375,-1.28973388671875,98343.9375,39.0649642944336,1.3403017162236943,40.51921081542969,41.03808466593424,-176.65625,-0.365966796875,0.0,0.0
49,central,2026-09-22T13:00:00,2026-09-22 13:00:00,0.0,0.0,306.473388671875,-0.044586181640625,-2.111190795898437,98338.390625,36.20086669921875,2.11166155059933,38.75835800170898,40.12993240356445,-58.84375,0.165771484375,0.0,0.0
49,central,2026-09-22T14:00:00,2026-09-22 14:00:00,0.0,0.0,306.050537109375,-0.63372802734375,-1.881591796875,98418.96875,33.34002685546875,1.985446776599235,36.201952616373696,38.74215443929037,52.8828125,-0.4228515625,0.0,0.0
49,central,2026-09-22T15:00:00,2026-09-22 15:00:00,0.0,0.0,303.66943359375,-1.0995330810546875,-1.5563812255859375,98478.953125,31.628070831298828,1.9055958426933028,33.72298812866211,37.1210994720459,135.015625,-2.381103515625,0.0,0.0
49,central,2026-09-22T16:00:00,2026-09-22 16:00:00,0.0,0.0,301.813720703125,-1.185943603515625,-0.690216064453125,98549.3125,30.078102111816406,1.3721736210657842,31.682066599528,35.22021230061849,210.921875,-1.855712890625,0.0,0.0
49,central,2026-09-22T17:00:00,2026-09-22 17:00:00,0.0,0.0,301.1884765625,-0.1961822509765625,0.416748046875,98549.671875,27.899599075317383,0.4606152517800058,29.86859067281087,33.035271644592285,130.703125,-0.625244140625,0.0,0.0
49,central,2026-09-22T18:00:00,2026-09-22 18:00:00,0.0,0.0,300.65673828125,0.1030731201171875,0.1805267333984375,98525.3671875,25.74422073364257,0.2078796997356949,27.907307306925457,30.81514771779378,46.4140625,-0.53173828125,0.0,0.0
49,central,2026-09-22T19:00:00,2026-09-22 19:00:00,0.0,0.0,300.3076171875,0.50567626953125,0.4479217529296875,98520.078125,24.245227813720703,0.675531188261982,25.963015874226887,28.82254123687744,-29.234375,-0.34912109375,0.0,0.0
49,central,2026-09-22T20:00:00,2026-09-22 20:00:00,0.0,0.0,299.330810546875,1.029296875,0.32769775390625,98493.90625,23.45905876159668,1.080202700792757,24.48283576965332,27.175713221232098,-55.765625,-0.976806640625,0.0,0.0
49,central,2026-09-22T21:00:00,2026-09-22 21:00:00,0.0,0.0,298.940673828125,1.2098846435546875,-0.137664794921875,98468.96875,23.69527053833008,1.2176914414047326,23.79985237121582,25.85357983907064,-56.3984375,-0.39013671875,0.0,0.0
49,central,2026-09-22T22:00:00,2026-09-22 22:00:00,0.0,0.0,300.029296875,0.0851898193359375,-1.0470733642578125,98486.671875,26.38856506347656,1.050533167233031,24.51429812113444,25.238656997680664,-33.40625,1.088623046875,0.0,0.0
49,central,2026-09-22T23:00:00,2026-09-22 23:00:00,0.0,0.0,299.710693359375,-0.8909149169921875,-0.753448486328125,98508.96875,27.163555145263672,1.1667964736274017,25.74913024902344,25.11598300933838,15.0625,-0.318603515625,0.0,0.0
49,central,2026-09-23T00:00:00,2026-09-23 00:00:00,0.0,0.0,301.0859375,-0.91107177734375,-1.160736083984375,98534.4296875,27.95271682739257,1.4755880319844294,27.16827901204427,25.484065691630047,65.4609375,1.375244140625,0.0,0.0
49,central,2026-09-23T01:00:00,2026-09-23 01:00:00,0.0,0.0,300.317626953125,-0.3394775390625,-1.0609283447265625,98585.828125,28.67116928100586,1.113918287924287,27.929147084554035,26.22172260284424,99.15625,-0.768310546875,0.0,0.0
49,central,2026-09-23T02:00:00,2026-09-23 02:00:00,0.0,0.0,301.201171875,-0.167205810546875,-0.999542236328125,98667.7578125,29.304851531982425,1.0134310362745296,28.64291254679362,27.196021397908527,158.7890625,0.883544921875,0.0,0.0
49,central,2026-09-23T03:00:00,2026-09-23 03:00:00,0.0,0.0,301.622314453125,0.0211029052734375,-0.534637451171875,98740.453125,29.87263870239257,0.5350537700143218,29.28288650512696,28.225582758585613,206.0234375,0.421142578125,0.0,0.0
49,central,2026-09-23T04:00:00,2026-09-23 04:00:00,0.0,0.0,302.230712890625,-0.059967041015625,-0.28582763671875,98754.1484375,30.550621032714844,0.2920504818013409,29.90937042236328,28.91925875345866,168.3203125,0.6083984375,0.0,0.0
49,central,2026-09-23T05:00:00,2026-09-23 05:00:00,0.0,0.0,304.474365234375,0.057891845703125,0.015167236328125,98756.21875,31.0876579284668,0.0598457254676357,30.503639221191406,29.573275883992512,88.4609375,2.24365234375,0.0,0.0
49,central,2026-09-23T06:00:00,2026-09-23 06:00:00,0.0,0.0,306.758056640625,0.2610015869140625,0.04632568359375,98679.015625,31.5705680847168,0.2650809260057901,31.069615681966145,30.17625109354655,-61.4375,2.28369140625,0.0,0.0
49,central,2026-09-23T07:00:00,2026-09-23 07:00:00,0.0,0.0,307.098876953125,0.264373779296875,-0.073394775390625,98658.75,32.19910430908203,0.2743725354957253,31.619110107421875,30.76424026489257,-95.3984375,0.3408203125,0.0,0.0
